athlete_id,t,x,y
athlete_001,0.0,-0.08,0.18
athlete_001,1.0,0.5413245231055004,0.18
athlete_001,2.0,0.92,0.4226490462110007
athlete_001,3.0,0.6960264306834988,0.82
athlete_001,4.0,0.08,0.8147019075779985
athlete_001,5.0,0.08,0.1933773844724983
athlete_001,6.0,0.6879471386330022,0.18
athlete_001,7.0,0.92,0.569271661738503
athlete_001,8.0,0.5494038151559969,0.82
athlete_001,9.0,0.08,0.668079292050496
athlete_001,10.0,0.2132452310550041,0.18
athlete_001,11.0,0.8345697541605052,0.18
athlete_001,12.0,0.92,0.7158942772660055
athlete_001,13.0,0.40278119962849435,0.82
athlete_001,14.0,0.08,0.5214566765229925
athlete_001,14.903645,0.30000000000000066,0.18
athlete_001,15.903645,0.3,0.1847553886271806
athlete_001,16.903645,0.3,0.18951077725436122
athlete_001,17.903645,0.3,0.19426616588154183
athlete_001,18.903645,0.3,0.19902155450872241
athlete_001,19.903645,0.3,0.20377694313590303
athlete_001,20.903645,0.3,0.20853233176308364
athlete_001,21.903645,0.3,0.21328772039026425
athlete_001,22.903645,0.3,0.21804310901744486
athlete_001,23.903645,0.2972015023553745,0.22
athlete_001,24.903645,0.2924461137281939,0.22
athlete_001,25.903645,0.2876907251010133,0.22
athlete_001,26.903645,0.2829353364738327,0.22
athlete_001,27.903645,0.27817994784665206,0.22
athlete_001,28.903645,0.2734245592194715,0.22
athlete_001,29.903645,0.2686691705922909,0.22
athlete_001,30.903645,0.2639137819651103,0.22
athlete_001,31.903645,0.25915839333792967,0.22
athlete_001,32.903645,0.25440300471074906,0.22
athlete_001,33.903645,0.24964761608356845,0.22
athlete_001,34.903645,0.24489222745638783,0.22
athlete_001,35.903645,0.24013683882920722,0.22
athlete_001,36.903645,0.2353814502020266,0.22
athlete_001,37.903645,0.230626061574846,0.22
athlete_001,38.903645,0.22587067294766539,0.22
athlete_001,39.903645,0.2211152843204848,0.22
athlete_001,40.903645,0.21635989569330416,0.22
athlete_001,41.903645,0.21160450706612358,0.22
athlete_001,42.903645,0.20684911843894296,0.22
athlete_001,43.903645,0.20209372981176235,0.22
athlete_001,44.903645,0.19733834118458177,0.22
athlete_001,45.903645,0.19258295255740113,0.22
athlete_001,46.903645,0.18782756393022054,0.22
athlete_001,47.903645,0.18307217530303993,0.22
athlete_001,48.903645,0.18,0.22168321332414068
athlete_001,49.903645,0.18,0.2264386019513213
athlete_001,50.903645,0.18,0.2311939905785019
athlete_001,51.903645,0.18,0.23594937920568249
athlete_001,52.903645,0.18,0.24070476783286313
athlete_001,53.903645,0.18,0.2454601564600437
athlete_001,54.903645,0.18,0.2502155450872243
athlete_001,55.903645,0.18,0.25497093371440493
athlete_001,56.903645,0.18,0.25972632234158555
athlete_001,57.903645,0.18,0.26448171096876616
athlete_001,58.903645,0.18,0.26923709959594677
athlete_001,59.903645,0.18,0.2739924882231274
athlete_001,60.903645,0.18,0.278747876850308
athlete_001,61.903645,0.18,0.2835032654774886
athlete_001,62.903645,0.18,0.2882586541046692
athlete_001,63.903645,0.18,0.29301404273184983
athlete_001,64.903645,0.18,0.29776943135903045
athlete_001,65.903645,0.18,0.30252481998621106
athlete_001,66.903645,0.18,0.30728020861339167
athlete_001,67.903645,0.18,0.3120355972405723
athlete_001,68.903645,0.18,0.31679098586775284
athlete_001,69.903645,0.18,0.3215463744949335
athlete_001,70.903645,0.18,0.3263017631221141
athlete_001,71.903645,0.18,0.3310571517492947
athlete_001,72.903645,0.18,0.3358125403764753
athlete_001,73.784216,0.18,0.34
athlete_001,74.784216,0.18,0.34238582975985493
athlete_001,75.784216,0.18,0.3447716595197099
athlete_001,76.784216,0.18,0.3471574892795648
athlete_001,77.784216,0.18,0.3495433190394197
athlete_001,78.784216,0.18,0.35192914879927467
athlete_001,79.784216,0.18,0.3543149785591296
athlete_001,80.784216,0.18,0.3567008083189845
athlete_001,81.784216,0.18,0.35908663807883945
athlete_001,82.784216,0.18,0.36147246783869436
athlete_001,83.784216,0.18,0.36385829759854926
athlete_001,84.784216,0.18,0.3662441273584042
athlete_001,85.784216,0.18,0.36862995711825913
athlete_001,86.784216,0.18,0.3710157868781141
athlete_001,87.784216,0.18,0.373401616637969
athlete_001,88.784216,0.18,0.3757874463978239
athlete_001,89.784216,0.18,0.3781732761576789
athlete_001,90.784216,0.18,0.3805591059175338
athlete_001,91.784216,0.18,0.3829449356773887
athlete_001,92.784216,0.18,0.38533076543724365
athlete_001,93.784216,0.18,0.38771659519709856
athlete_001,94.784216,0.18,0.39010242495695346
athlete_001,95.784216,0.18,0.3924882547168084
athlete_001,96.784216,0.18,0.39487408447666333
athlete_001,97.784216,0.18,0.39725991423651824
athlete_001,98.784216,0.18,0.3996457439963732
athlete_001,99.784216,0.18,0.4020315737562281
athlete_001,100.784216,0.18,0.404417403516083
athlete_001,101.784216,0.18,0.4068032332759379
athlete_001,102.784216,0.18,0.4091890630357929
athlete_001,103.784216,0.18,0.41157489279564785
athlete_001,104.784216,0.18,0.41396072255550276
athlete_001,105.784216,0.18,0.41634655231535767
athlete_001,106.784216,0.18,0.4187323820752126
athlete_001,107.784216,0.18,0.42111821183506754
athlete_001,108.784216,0.18,0.42350404159492244
athlete_001,109.784216,0.18,0.4258898713547774
athlete_001,110.784216,0.18,0.4282757011146323
athlete_001,111.784216,0.18,0.4306615308744872
athlete_001,112.784216,0.18,0.4330473606343421
athlete_001,113.784216,0.18,0.4354331903941971
athlete_001,114.784216,0.18,0.437819020154052
athlete_001,115.784216,0.18,0.44020484991390696
athlete_001,116.784216,0.18,0.44259067967376187
athlete_001,117.784216,0.18,0.4449765094336168
athlete_001,118.784216,0.18,0.4473623391934717
athlete_001,119.784216,0.18,0.44974816895332664
athlete_001,120.784216,0.18,0.45213399871318155
athlete_001,121.784216,0.18,0.4545198284730365
athlete_001,122.784216,0.18,0.4569056582328914
athlete_001,123.784216,0.18,0.45929148799274633
athlete_001,124.784216,0.18,0.46167731775260124
athlete_001,125.784216,0.18,0.4640631475124562
athlete_001,126.784216,0.18,0.46644897727231116
athlete_001,127.784216,0.18,0.46883480703216607
athlete_001,128.784216,0.18,0.471220636792021
athlete_001,129.784216,0.18,0.4736064665518759
athlete_001,130.784216,0.18,0.47599229631173084
athlete_001,131.784216,0.18,0.47837812607158575
athlete_001,132.784216,0.18,0.4807639558314407
athlete_001,133.784216,0.18,0.4831497855912956
athlete_001,134.784216,0.18,0.48553561535115053
athlete_001,135.784216,0.18,0.48792144511100544
athlete_001,136.784216,0.18,0.49030727487086034
athlete_001,137.784216,0.18,0.49269310463071536
athlete_001,138.784216,0.18,0.49507893439057027
athlete_001,139.784216,0.18,0.4974647641504252
athlete_001,140.784216,0.18,0.4998505939102801
athlete_001,141.784216,0.18,0.502236423670135
athlete_001,142.784216,0.18,0.50462225342999
athlete_001,143.784216,0.18,0.5070080831898449
athlete_001,144.784216,0.18,0.5093939129496998
athlete_001,145.784216,0.18,0.5117797427095547
athlete_001,146.784216,0.18,0.5141655724694096
athlete_001,147.784216,0.18,0.5165514022292645
athlete_001,148.784216,0.18,0.5189372319891195
athlete_001,149.784216,0.18,0.5213230617489744
athlete_001,150.784216,0.18,0.5237088915088294
athlete_001,151.784216,0.18,0.5260947212686843
athlete_001,152.784216,0.18,0.5284805510285392
athlete_001,153.784216,0.18,0.5308663807883941
athlete_001,154.784216,0.18,0.5332522105482491
athlete_001,155.784216,0.18,0.535638040308104
athlete_001,156.784216,0.18,0.5380238700679589
athlete_001,157.784216,0.18,0.5404096998278138
athlete_001,158.784216,0.18,0.5427955295876687
athlete_001,159.784216,0.18,0.5451813593475237
athlete_001,160.784216,0.18,0.5475671891073786
athlete_001,161.784216,0.18,0.5499530188672336
athlete_001,162.784216,0.18,0.5523388486270885
athlete_001,163.784216,0.18,0.5547246783869434
athlete_001,164.784216,0.18,0.5571105081467983
athlete_001,165.784216,0.18,0.5594963379066532
athlete_001,166.784216,0.18,0.5618821676665082
athlete_001,167.784216,0.18,0.5642679974263631
athlete_001,168.784216,0.18,0.566653827186218
athlete_001,169.784216,0.18,0.569039656946073
athlete_001,170.784216,0.18,0.5714254867059279
athlete_001,171.784216,0.18,0.5738113164657828
athlete_001,172.784216,0.18,0.5761971462256378
athlete_001,173.784216,0.18,0.5785829759854927
athlete_001,174.784216,0.18,0.5809688057453476
athlete_001,175.784216,0.18,0.5833546355052025
athlete_001,176.784216,0.18,0.5857404652650575
athlete_001,177.784216,0.18,0.5881262950249124
athlete_001,178.784216,0.18,0.5905121247847673
athlete_001,179.784216,0.18,0.5928979545446222
athlete_001,180.784216,0.18,0.5952837843044771
athlete_001,181.784216,0.18,0.597669614064332
athlete_001,182.784216,0.18,0.600055443824187
athlete_001,183.784216,0.18,0.6024412735840419
athlete_001,184.784216,0.18,0.6048271033438968
athlete_001,185.784216,0.18,0.6072129331037517
athlete_001,186.784216,0.18,0.6095987628636067
athlete_001,187.784216,0.18,0.6119845926234617
athlete_001,188.784216,0.18,0.6143704223833166
athlete_001,189.784216,0.18,0.6167562521431715
athlete_001,190.784216,0.18,0.6191420819030264
athlete_001,191.784216,0.18,0.6215279116628813
athlete_001,192.784216,0.18,0.6239137414227363
athlete_001,193.784216,0.18,0.6262995711825912
athlete_001,194.784216,0.18,0.6286854009424461
athlete_001,195.784216,0.18,0.631071230702301
athlete_001,196.784216,0.18,0.633457060462156
athlete_001,197.784216,0.18,0.6358428902220109
athlete_001,198.784216,0.18,0.6382287199818658
athlete_001,199.784216,0.18,0.6406145497417207
athlete_001,200.784216,0.18,0.6430003795015757
athlete_001,201.784216,0.18,0.6453862092614306
athlete_001,202.784216,0.18,0.6477720390212856
athlete_001,203.784216,0.18,0.6501578687811405
athlete_001,204.784216,0.18,0.6525436985409954
athlete_001,205.784216,0.18,0.6549295283008503
athlete_001,206.784216,0.18,0.6573153580607052
athlete_001,207.784216,0.18,0.6597011878205602
athlete_001,208.784216,0.18,0.6620870175804151
athlete_001,209.784216,0.18,0.66447284734027
athlete_001,210.784216,0.18,0.6668586771001249
athlete_001,211.784216,0.18,0.6692445068599799
athlete_001,212.784216,0.18,0.6716303366198348
athlete_001,213.784216,0.18,0.6740161663796898
athlete_001,214.784216,0.18,0.6764019961395447
athlete_001,215.784216,0.18,0.6787878258993996
athlete_001,216.784216,0.18,0.6811736556592545
athlete_001,217.784216,0.18,0.6835594854191094
athlete_001,218.784216,0.18,0.6859453151789643
athlete_001,219.784216,0.18,0.6883311449388192
athlete_001,220.784216,0.18,0.6907169746986742
athlete_001,221.784216,0.18,0.6931028044585292
athlete_001,222.784216,0.18,0.6954886342183841
athlete_001,223.784216,0.18,0.697874463978239
athlete_001,224.784216,0.18,0.700260293738094
athlete_001,225.784216,0.18,0.7026461234979489
athlete_001,226.784216,0.18,0.7050319532578038
athlete_001,227.784216,0.18,0.7074177830176587
athlete_001,228.784216,0.18,0.7098036127775136
athlete_001,229.784216,0.18,0.7121894425373685
athlete_001,230.784216,0.18,0.7145752722972234
athlete_001,231.784216,0.18,0.7169611020570784
athlete_001,232.784216,0.18,0.7193469318169333
athlete_001,233.057944,0.18,0.72
athlete_001,234.057944,0.18,0.7086155583543449
athlete_001,235.057944,0.18,0.6972311167086899
athlete_001,236.057944,0.18,0.6858466750630348
athlete_001,237.057944,0.18,0.6744622334173798
athlete_001,238.057944,0.18,0.6630777917717247
athlete_001,239.057944,0.18,0.6516933501260695
athlete_001,240.057944,0.18,0.6403089084804146
athlete_001,241.057944,0.18,0.6289244668347594
athlete_001,242.057944,0.18,0.6175400251891043
athlete_001,243.057944,0.18,0.6061555835434493
athlete_001,244.057944,0.18,0.5947711418977942
athlete_001,245.057944,0.18,0.5833867002521392
athlete_001,246.057944,0.18,0.5720022586064841
athlete_001,247.057944,0.18,0.5606178169608291
athlete_001,248.057944,0.18,0.549233375315174
athlete_001,249.057944,0.18,0.5378489336695189
athlete_001,250.057944,0.18,0.5264644920238639
athlete_001,251.057944,0.18,0.5150800503782088
athlete_001,252.057944,0.18,0.5036956087325537
athlete_001,253.057944,0.18,0.4923111670868987
athlete_001,254.057944,0.18,0.4809267254412436
athlete_001,255.057944,0.18,0.46954228379558854
athlete_001,256.057944,0.18,0.4581578421499335
athlete_001,257.057944,0.18,0.44677340050427844
athlete_001,258.057944,0.18,0.4353889588586234
athlete_001,259.057944,0.18,0.4240045172129683
athlete_001,260.057944,0.18,0.4126200755673132
athlete_001,261.057944,0.18,0.4012356339216582
athlete_001,262.057944,0.18,0.3898511922760031
athlete_001,263.057944,0.18,0.37846675063034807
athlete_001,264.057944,0.18,0.36708230898469296
athlete_001,265.057944,0.18,0.3556978673390379
athlete_001,266.057944,0.18,0.34431342569338286
athlete_001,267.057944,0.18,0.3329289840477278
athlete_001,268.057944,0.18,0.32154454240207275
athlete_001,269.057944,0.18,0.31016010075641764
athlete_001,270.057944,0.18,0.2987756591107626
athlete_001,271.057944,0.18,0.28739121746510754
athlete_001,272.057944,0.18,0.2760067758194525
athlete_001,273.057944,0.18,0.26462233417379744
athlete_001,274.057944,0.18,0.2532378925281423
athlete_001,275.057944,0.18,0.24185345088248728
athlete_001,276.057944,0.18,0.23046900923683222
athlete_001,277.057944,0.18091543240882285,0.22
athlete_001,278.057944,0.19229987405447785,0.22
athlete_001,279.057944,0.20368431570013296,0.22
athlete_001,280.057944,0.21506875734578795,0.22
athlete_001,281.057944,0.22645319899144306,0.22
athlete_001,282.057944,0.23783764063709817,0.22
athlete_001,283.057944,0.24922208228275317,0.22
athlete_001,284.057944,0.2606065239284083,0.22
athlete_001,285.057944,0.2719909655740634,0.22
athlete_001,286.057944,0.2833754072197184,0.22
athlete_001,287.057944,0.2947598488653735,0.22
athlete_001,288.057944,0.3061442905110285,0.22
athlete_001,289.057944,0.3175287321566836,0.22
athlete_001,290.057944,0.3289131738023387,0.22
athlete_001,291.057944,0.3402976154479937,0.22
athlete_001,292.057944,0.3516820570936488,0.22
athlete_001,293.057944,0.3630664987393038,0.22
athlete_001,294.057944,0.3744509403849589,0.22
athlete_001,295.057944,0.385835382030614,0.22
athlete_001,296.057944,0.397219823676269,0.22
athlete_001,297.057944,0.4086042653219241,0.22
athlete_001,298.057944,0.4199887069675791,0.22
athlete_001,299.057944,0.4313731486132342,0.22
athlete_001,300.057944,0.44275759025888933,0.22
athlete_001,301.057944,0.45414203190454433,0.22
athlete_001,302.057944,0.46552647355019944,0.22
athlete_001,303.057944,0.47691091519585443,0.22
athlete_001,304.057944,0.48829535684150954,0.22
athlete_001,305.057944,0.49967979848716465,0.22
athlete_001,306.057944,0.5110642401328196,0.22
athlete_001,307.057944,0.5224486817784748,0.22
athlete_001,308.057944,0.5338331234241298,0.22
athlete_001,309.057944,0.5452175650697848,0.22
athlete_001,310.057944,0.55660200671544,0.22
athlete_001,311.057944,0.567986448361095,0.22
athlete_001,312.057944,0.57937089000675,0.22
athlete_001,313.057944,0.590755331652405,0.22
athlete_001,314.057944,0.6021397732980602,0.22
athlete_001,315.057944,0.6135242149437152,0.22
athlete_001,316.057944,0.6249086565893702,0.22
athlete_001,317.057944,0.6362930982350254,0.22
athlete_001,318.057944,0.64,0.21232246011931946
athlete_001,319.057944,0.64,0.20093801847366446
athlete_001,320.057944,0.64,0.18955357682800936
athlete_001,320.897123,0.64,0.17999999999999997
athlete_001,321.897123,0.736939120578729,0.18
athlete_001,322.897123,0.8338782411574579,0.18
athlete_001,323.897123,0.92,0.19081736173618685
athlete_001,324.897123,0.92,0.2877564823149158
athlete_001,325.897123,0.92,0.3846956028936448
athlete_001,326.897123,0.92,0.48163472347237374
athlete_001,327.897123,0.92,0.5785738440511026
athlete_001,328.897123,0.92,0.6755129646298317
athlete_001,329.897123,0.92,0.7724520852085606
athlete_001,330.897123,0.8706087942127103,0.82
athlete_001,331.897123,0.7736696736339813,0.82
athlete_001,332.897123,0.6767305530552524,0.82
athlete_001,333.897123,0.5797914324765235,0.82
athlete_001,334.897123,0.4828523118977947,0.82
athlete_001,335.897123,0.38591319131906554,0.82
athlete_001,336.897123,0.28897407074033665,0.82
athlete_001,337.897123,0.19203495016160754,0.82
athlete_001,338.897123,0.09509582958287865,0.82
athlete_001,339.897123,0.08,0.7381567090041498
athlete_001,340.897123,0.08,0.6412175884254206
athlete_001,341.897123,0.08,0.5442784678466918
athlete_001,342.897123,0.08,0.44733934726796265
athlete_001,343.897123,0.08,0.350400226689234
athlete_001,344.897123,0.08,0.2534611061105049
athlete_001,345.897123,0.10347801446822429,0.18
athlete_001,346.897123,0.20041713504695297,0.18
athlete_001,347.897123,0.2973562556256821,0.18
athlete_001,348.897123,0.39429537620441074,0.18
athlete_001,349.897123,0.49123449678313985,0.18
athlete_001,350.897123,0.5881736173618689,0.18
athlete_001,351.897123,0.685112737940598,0.18
athlete_001,352.897123,0.7820518585193267,0.18
athlete_001,353.897123,0.8789909790980558,0.18
athlete_001,354.897123,0.92,0.23593009967678463
athlete_001,355.897123,0.92,0.3328692202555133
athlete_001,356.897123,0.92,0.4298083408342424
athlete_001,357.897123,0.92,0.5267474614129715
athlete_001,358.897123,0.92,0.6236865819917001
athlete_001,359.897123,0.92,0.7206257025704292
athlete_001,360.897123,0.92,0.8175648231491583
athlete_001,361.897123,0.8254960562721126,0.82
athlete_001,362.897123,0.7285569356933835,0.82
athlete_001,363.897123,0.6316178151146544,0.82
athlete_001,364.897123,0.5346786945359253,0.82
athlete_001,365.897123,0.43773957395719615,0.82
athlete_001,366.897123,0.340800453378468,0.82
athlete_001,367.897123,0.24386133279973887,0.82
athlete_001,368.897123,0.14692221222100976,0.82
athlete_001,369.897123,0.08,0.7899830916422804
athlete_001,370.897123,0.08,0.6930439710635513
athlete_001,371.897123,0.08,0.5961048504848231
athlete_001,372.897123,0.08,0.499165729906094
athlete_001,373.897123,0.08,0.4022266093273649
athlete_001,374.897123,0.08,0.30528748874863576
athlete_001,375.897123,0.08,0.20834836816990665
athlete_001,376.897123,0.14859075240882186,0.18
athlete_001,377.897123,0.2455298729875518,0.18
athlete_001,378.897123,0.3424689935662801,0.18
athlete_001,379.897123,0.4394081141450092,0.18
athlete_001,380.897123,0.5363472347237382,0.18
athlete_001,381.897123,0.6332863553024674,0.18
athlete_001,382.897123,0.730225475881196,0.18
athlete_001,383.897123,0.8271645964599242,0.18
athlete_001,384.897123,0.92,0.18410371703865308
athlete_001,385.897123,0.92,0.2810428376173822
athlete_001,386.897123,0.92,0.3779819581961113
athlete_001,387.897123,0.92,0.4749210787748404
athlete_001,388.897123,0.92,0.5718601993535695
athlete_001,389.897123,0.92,0.6687993199322977
athlete_001,390.897123,0.92,0.7657384405110268
athlete_001,391.897123,0.8773224389102438,0.82
athlete_001,392.897123,0.7803833183315146,0.82
athlete_001,393.897123,0.6834441977527855,0.82
athlete_001,394.897123,0.5865050771740564,0.82
athlete_001,395.897123,0.48956595659532826,0.82
athlete_001,396.897123,0.3926268360165991,0.82
athlete_001,397.897123,0.29568771543787,0.82
athlete_001,398.897123,0.19874859485914087,0.82
athlete_001,399.897123,0.10180947428041176,0.82
athlete_001,400.897123,0.08,0.7448703537016824
athlete_001,401.897123,0.08,0.6479312331229542
athlete_001,402.897123,0.08,0.5509921125442251
athlete_001,403.897123,0.08,0.4540529919654951
athlete_001,404.897123,0.08,0.35711387138676687
athlete_001,405.897123,0.08,0.26017475080803687
athlete_001,406.897123,0.09676436977069074,0.18
athlete_001,407.897123,0.19370349034941897,0.18
athlete_001,408.897123,0.29064261092814897,0.18
athlete_001,408.993651,0.30000000000000066,0.18
athlete_001,409.993651,0.3,0.18377863601612268
athlete_001,410.993651,0.3,0.18755727203224537
athlete_001,411.993651,0.3,0.19133590804836806
athlete_001,412.993651,0.3,0.19511454406449075
athlete_001,413.993651,0.3,0.19889318008061344
athlete_001,414.993651,0.3,0.20267181609673612
athlete_001,415.993651,0.3,0.20645045211285884
athlete_001,416.993651,0.3,0.2102290881289815
athlete_001,417.993651,0.3,0.21400772414510422
athlete_001,418.993651,0.3,0.21778636016122688
athlete_001,419.993651,0.2984350038226504,0.22
athlete_001,420.993651,0.2946563678065277,0.22
athlete_001,421.993651,0.29087773179040505,0.22
athlete_001,422.993651,0.28709909577428233,0.22
athlete_001,423.993651,0.28332045975815967,0.22
athlete_001,424.993651,0.27954182374203695,0.22
athlete_001,425.993651,0.2757631877259143,0.22
athlete_001,426.993651,0.2719845517097916,0.22
athlete_001,427.993651,0.2682059156936689,0.22
athlete_001,428.993651,0.2644272796775462,0.22
athlete_001,429.993651,0.2606486436614235,0.22
athlete_001,430.993651,0.26,0.2231299923546992
athlete_001,431.993651,0.26,0.22690862837082187
athlete_001,432.993651,0.26,0.2306872643869446
athlete_001,433.993651,0.26,0.23446590040306725
athlete_001,434.993651,0.26,0.23824453641918997
athlete_001,435.993651,0.26,0.24202317243531263
athlete_001,436.993651,0.26,0.24580180845143534
athlete_001,437.993651,0.26,0.249580444467558
athlete_001,438.993651,0.26,0.2533590804836807
athlete_001,439.993651,0.26,0.2571377164998034
athlete_001,440.993651,0.26,0.2609163525159261
athlete_001,441.993651,0.26,0.26469498853204876
athlete_001,442.993651,0.26,0.2684736245481715
athlete_001,443.993651,0.26,0.2722522605642942
athlete_001,444.993651,0.26,0.27603089658041685
athlete_001,445.993651,0.26,0.2798095325965395
athlete_001,446.993651,0.26,0.28358816861266223
athlete_001,447.993651,0.26,0.28736680462878494
athlete_001,448.993651,0.26,0.2911454406449076
athlete_001,449.993651,0.26,0.29492407666103027
athlete_001,450.993651,0.26,0.298702712677153
athlete_001,451.993651,0.26,0.3024813486932757
athlete_001,452.993651,0.26,0.3062599847093984
athlete_001,453.993651,0.26,0.310038620725521
athlete_001,454.993651,0.26,0.31381725674164374
athlete_001,455.993651,0.26,0.31759589275776645
athlete_001,456.993651,0.26,0.32137452877388917
athlete_001,457.993651,0.26,0.32515316479001183
athlete_001,458.993651,0.26,0.3289318008061345
athlete_001,459.993651,0.26,0.3327104368222572
athlete_001,460.993651,0.26,0.3364890728383799
athlete_001,461.922803,0.26,0.34
athlete_001,462.922803,0.26,0.34305935464697573
athlete_001,463.922803,0.26,0.3461187092939515
athlete_001,464.922803,0.26,0.3491780639409272
athlete_001,465.922803,0.26,0.352237418587903
athlete_001,466.922803,0.26,0.3552967732348787
athlete_001,467.922803,0.26,0.3583561278818544
athlete_001,468.922803,0.26,0.36141548252883016
athlete_001,469.922803,0.26,0.36447483717580587
athlete_001,470.922803,0.26,0.36753419182278163
athlete_001,471.922803,0.26,0.37059354646975734
athlete_001,472.922803,0.26,0.3736529011167331
athlete_001,473.922803,0.26,0.3767122557637088
athlete_001,474.922803,0.26,0.3797716104106845
athlete_001,475.922803,0.26,0.3828309650576603
athlete_001,476.922803,0.26,0.385890319704636
athlete_001,477.922803,0.26,0.38894967435161176
athlete_001,478.922803,0.26,0.39200902899858747
athlete_001,479.922803,0.26,0.3950683836455632
athlete_001,480.922803,0.26,0.39812773829253895
athlete_001,481.922803,0.26,0.40118709293951466
athlete_001,482.922803,0.26,0.4042464475864904
athlete_001,483.922803,0.26,0.40730580223346613
athlete_001,484.922803,0.26,0.41036515688044184
athlete_001,485.922803,0.26,0.4134245115274176
athlete_001,486.922803,0.26,0.4164838661743933
athlete_001,487.922803,0.26,0.4195432208213691
athlete_001,488.922803,0.26,0.4226025754683448
athlete_001,489.922803,0.26,0.4256619301153205
athlete_001,490.922803,0.26,0.42872128476229626
athlete_001,491.922803,0.26,0.43178063940927197
athlete_001,492.922803,0.26,0.43483999405624774
athlete_001,493.922803,0.26,0.43789934870322345
athlete_001,494.922803,0.26,0.44095870335019915
athlete_001,495.922803,0.26,0.4440180579971749
athlete_001,496.922803,0.26,0.44707741264415063
athlete_001,497.922803,0.26,0.4501367672911264
athlete_001,498.922803,0.26,0.4531961219381021
athlete_001,499.922803,0.26,0.4562554765850778
athlete_001,500.922803,0.26,0.4593148312320535
athlete_001,501.922803,0.26,0.4623741858790293
athlete_001,502.922803,0.26,0.46543354052600505
athlete_001,503.922803,0.26,0.46849289517298076
athlete_001,504.922803,0.26,0.47155224981995647
athlete_001,505.922803,0.26,0.47461160446693224
athlete_001,506.922803,0.26,0.47767095911390794
athlete_001,507.922803,0.26,0.4807303137608837
athlete_001,508.922803,0.26,0.4837896684078594
athlete_001,509.922803,0.26,0.48684902305483513
athlete_001,510.922803,0.26,0.4899083777018109
athlete_001,511.922803,0.26,0.4929677323487866
athlete_001,512.922803,0.26,0.49602708699576237
athlete_001,513.922803,0.26,0.4990864416427381
athlete_001,514.922803,0.26,0.5021457962897138
athlete_001,515.922803,0.26,0.5052051509366895
athlete_001,516.922803,0.26,0.5082645055836652
athlete_001,517.922803,0.26,0.511323860230641
athlete_001,518.922803,0.26,0.5143832148776167
athlete_001,519.922803,0.26,0.5174425695245924
athlete_001,520.922803,0.26,0.5205019241715683
athlete_001,521.922803,0.26,0.523561278818544
athlete_001,522.922803,0.26,0.5266206334655197
athlete_001,523.922803,0.26,0.5296799881124954
athlete_001,524.922803,0.26,0.5327393427594711
athlete_001,525.922803,0.26,0.5357986974064468
athlete_001,526.922803,0.26,0.5388580520534226
athlete_001,527.922803,0.26,0.5419174067003983
athlete_001,528.922803,0.26,0.544976761347374
athlete_001,529.922803,0.26,0.5480361159943498
athlete_001,530.922803,0.26,0.5510954706413255
athlete_001,531.922803,0.26,0.5541548252883013
athlete_001,532.922803,0.26,0.557214179935277
athlete_001,533.922803,0.26,0.5602735345822527
athlete_001,534.922803,0.26,0.5633328892292284
athlete_001,535.922803,0.26,0.5663922438762041
athlete_001,536.922803,0.26,0.56945159852318
athlete_001,537.922803,0.26,0.5725109531701557
athlete_001,538.922803,0.26,0.5755703078171314
athlete_001,539.922803,0.26,0.5786296624641071
athlete_001,540.922803,0.26,0.5816890171110829
athlete_001,541.922803,0.26,0.5847483717580586
athlete_001,542.922803,0.26,0.5878077264050343
athlete_001,543.922803,0.26,0.59086708105201
athlete_001,544.922803,0.26,0.5939264356989857
athlete_001,545.922803,0.26,0.5969857903459614
athlete_001,546.922803,0.26,0.6000451449929372
athlete_001,547.922803,0.26,0.6031044996399129
athlete_001,548.922803,0.26,0.6061638542868887
athlete_001,549.922803,0.26,0.6092232089338645
athlete_001,550.922803,0.26,0.6122825635808402
athlete_001,551.922803,0.26,0.6153419182278159
athlete_001,552.922803,0.26,0.6184012728747916
athlete_001,553.922803,0.26,0.6214606275217673
athlete_001,554.922803,0.26,0.624519982168743
athlete_001,555.922803,0.26,0.6275793368157188
athlete_001,556.922803,0.26,0.6306386914626945
athlete_001,557.922803,0.26,0.6336980461096703
athlete_001,558.922803,0.26,0.636757400756646
athlete_001,559.922803,0.26,0.6398167554036218
athlete_001,560.922803,0.26,0.6428761100505975
athlete_001,561.922803,0.26,0.6459354646975732
athlete_001,562.922803,0.26,0.648994819344549
athlete_001,563.922803,0.26,0.6520541739915247
athlete_001,564.922803,0.26,0.6551135286385004
athlete_001,565.922803,0.26,0.6581728832854761
athlete_001,566.922803,0.26,0.6612322379324519
athlete_001,567.922803,0.26,0.6642915925794276
athlete_001,568.922803,0.26,0.6673509472264033
athlete_001,569.922803,0.26,0.6704103018733791
athlete_001,570.922803,0.26,0.6734696565203548
athlete_001,571.922803,0.26,0.6765290111673306
athlete_001,572.922803,0.26,0.6795883658143063
athlete_001,573.922803,0.26,0.682647720461282
athlete_001,574.922803,0.26,0.6857070751082577
athlete_001,575.922803,0.26,0.6887664297552334
athlete_001,576.922803,0.26,0.6918257844022092
athlete_001,577.922803,0.26,0.6948851390491849
athlete_001,578.922803,0.26,0.6979444936961606
athlete_001,579.922803,0.26,0.7010038483431364
athlete_001,580.922803,0.26,0.7040632029901122
athlete_001,581.922803,0.26,0.7071225576370879
athlete_001,582.922803,0.26,0.7101819122840636
athlete_001,583.922803,0.26,0.7132412669310393
athlete_001,584.922803,0.26,0.716300621578015
athlete_001,585.922803,0.26,0.7193599762249907
athlete_001,586.132005,0.26,0.72
athlete_001,587.132005,0.26,0.7035876670399265
athlete_001,588.132005,0.26,0.6871753340798531
athlete_001,589.132005,0.26,0.6707630011197796
athlete_001,590.132005,0.26,0.6543506681597062
athlete_001,591.132005,0.26,0.6379383351996327
athlete_001,592.132005,0.26,0.6215260022395593
athlete_001,593.132005,0.26,0.6051136692794858
athlete_001,594.132005,0.26,0.5887013363194125
athlete_001,595.132005,0.26,0.572289003359339
athlete_001,596.132005,0.26,0.5558766703992656
athlete_001,597.132005,0.26,0.5394643374391921
athlete_001,598.132005,0.26,0.5230520044791187
athlete_001,599.132005,0.26,0.5066396715190452
athlete_001,600.132005,0.26,0.49022733855897177
athlete_001,601.132005,0.26,0.47381500559889833
athlete_001,602.132005,0.26,0.4574026726388249
athlete_001,603.132005,0.26,0.44099033967875145
athlete_001,604.132005,0.26,0.424578006718678
athlete_001,605.132005,0.26,0.4081656737586046
athlete_001,606.132005,0.26,0.39175334079853114
athlete_001,607.132005,0.26,0.3753410078384577
athlete_001,608.132005,0.26,0.35892867487838426
athlete_001,609.132005,0.26,0.3425163419183108
athlete_001,610.132005,0.26,0.3261040089582373
athlete_001,611.132005,0.26,0.30969167599816394
athlete_001,612.132005,0.26,0.29327934303809045
athlete_001,613.132005,0.26,0.27686701007801706
athlete_001,614.132005,0.26,0.26045467711794357
athlete_001,615.132005,0.26,0.24404234415787013
athlete_001,616.132005,0.26,0.22763001119779674
athlete_001,617.132005,0.2687823217622767,0.22
athlete_001,618.132005,0.28519465472235017,0.22
athlete_001,619.132005,0.30160698768242367,0.22
athlete_001,620.132005,0.31801932064249705,0.22
athlete_001,621.132005,0.33443165360257043,0.22
athlete_001,622.132005,0.35084398656264393,0.22
athlete_001,623.132005,0.3672563195227174,0.22
athlete_001,624.132005,0.3836686524827908,0.22
athlete_001,625.132005,0.4000809854428643,0.22
athlete_001,626.132005,0.4164933184029377,0.22
athlete_001,627.132005,0.4329056513630112,0.22
athlete_001,628.132005,0.44931798432308456,0.22
athlete_001,629.132005,0.46573031728315806,0.22
athlete_001,630.132005,0.48214265024323144,0.22
athlete_001,631.132005,0.4985549832033048,0.22
athlete_001,632.132005,0.5149673161633783,0.22
athlete_001,633.132005,0.5313796491234518,0.22
athlete_001,634.132005,0.5477919820835253,0.22
athlete_001,635.132005,0.5642043150435986,0.22
athlete_001,636.132005,0.5806166480036721,0.22
athlete_001,637.132005,0.5970289809637456,0.22
athlete_001,638.132005,0.6134413139238191,0.22
athlete_001,639.132005,0.6298536468838924,0.22
athlete_001,640.132005,0.64,0.21373402015603418
athlete_001,641.132005,0.64,0.1973216871959607
athlete_001,642.132005,0.64,0.1809093542358872
athlete_001,642.187412,0.64,0.17999999999999997
athlete_001,643.187412,0.7855329612660512,0.18
athlete_001,644.187412,0.92,0.19106592253210236
athlete_001,645.187412,0.92,0.33659888379815356
athlete_001,646.187412,0.92,0.48213184506420476
athlete_001,647.187412,0.92,0.6276648063302559
athlete_001,648.187412,0.92,0.7731977675963071
athlete_001,649.187412,0.8212692711376418,0.82
athlete_001,650.187412,0.6757363098715904,0.82
athlete_001,651.187412,0.5302033486055392,0.82
athlete_001,652.187412,0.384670387339488,0.82
athlete_001,653.187412,0.2391374260734368,0.82
athlete_001,654.187412,0.0936044648073856,0.82
athlete_001,655.187412,0.08,0.6880715035413346
athlete_001,656.187412,0.08,0.5425385422752836
athlete_001,657.187412,0.08,0.39700558100923217
athlete_001,658.187412,0.08,0.2514726197431808
athlete_001,659.187412,0.15406034152287024,0.18
athlete_001,660.187412,0.29959330278892166,0.18
athlete_001,661.187412,0.44512626405497263,0.18
athlete_001,662.187412,0.590659225321024,0.18
athlete_001,663.187412,0.736192186587075,0.18
athlete_001,664.187412,0.8817251478531264,0.18
athlete_001,665.187412,0.92,0.2872581091191771
athlete_001,666.187412,0.92,0.4327910703852285
athlete_001,667.187412,0.92,0.5783240316512791
athlete_001,668.187412,0.92,0.7238569929173304
athlete_001,669.187412,0.8706100458166183,0.82
athlete_001,670.187412,0.7250770845505673,0.82
athlete_001,671.187412,0.5795441232845154,0.82
athlete_001,672.187412,0.43401116201846446,0.82
athlete_001,673.187412,0.2884782007524126,0.82
athlete_001,674.187412,0.14294523948636162,0.82
athlete_001,675.187412,0.08,0.7374122782203113
athlete_001,676.187412,0.08,0.5918793169542594
athlete_001,677.187412,0.08,0.44634635568820846
athlete_001,678.187412,0.08,0.3008133944221566
athlete_001,679.187412,0.10471956684389376,0.18
athlete_001,680.187412,0.25025252810994564,0.18
athlete_001,681.187412,0.3957854893759966,0.18
athlete_001,682.187412,0.5413184506420484,0.18
athlete_001,683.187412,0.6868514119080981,0.18
athlete_001,684.187412,0.8323843731741499,0.18
athlete_001,685.187412,0.92,0.23791733444020063
athlete_001,686.187412,0.92,0.3834502957062525
athlete_001,687.187412,0.92,0.5289832569723034
athlete_001,688.187412,0.92,0.6745162182383544
athlete_001,689.187412,0.9199508204955943,0.82
athlete_001,690.187412,0.7744178592295424,0.82
athlete_001,691.187412,0.6288848979634915,0.82
athlete_001,692.187412,0.48335193669744136,0.82
athlete_001,693.187412,0.3378189754313895,0.82
athlete_001,694.187412,0.19228601416533853,0.82
athlete_001,695.187412,0.08,0.7867530528992864
athlete_001,696.187412,0.08,0.6412200916332363
athlete_001,697.187412,0.08,0.4956871303671836
athlete_001,698.187412,0.08,0.3501541691011344
athlete_001,699.187412,0.08,0.20462120783508164
athlete_001,700.187412,0.20091175343096873,0.18
athlete_001,700.868277,0.30000000000000066,0.18
athlete_001,701.868277,0.3,0.1828088820613074
athlete_001,702.868277,0.3,0.1856177641226148
athlete_001,703.868277,0.3,0.18842664618392221
athlete_001,704.868277,0.3,0.19123552824522963
athlete_001,705.868277,0.3,0.19404441030653702
athlete_001,706.868277,0.3,0.19685329236784443
athlete_001,707.868277,0.3,0.19966217442915185
athlete_001,708.868277,0.3,0.20247105649045924
athlete_001,709.868277,0.3,0.20527993855176666
athlete_001,710.868277,0.3,0.20808882061307407
athlete_001,711.868277,0.3,0.21089770267438146
athlete_001,712.868277,0.3,0.21370658473568888
athlete_001,713.868277,0.3,0.2165154667969963
athlete_001,714.868277,0.3,0.2193243488583037
athlete_001,715.868277,0.3021332309196111,0.22
athlete_001,716.868277,0.3049421129809185,0.22
athlete_001,717.868277,0.3077509950422259,0.22
athlete_001,718.868277,0.3105598771035333,0.22
athlete_001,719.868277,0.3133687591648407,0.22
athlete_001,720.868277,0.3161776412261481,0.22
athlete_001,721.868277,0.3189865232874555,0.22
athlete_001,722.868277,0.32179540534876294,0.22
athlete_001,723.868277,0.32460428741007036,0.22
athlete_001,724.868277,0.3274131694713778,0.22
athlete_001,725.868277,0.33022205153268513,0.22
athlete_001,726.868277,0.33303093359399255,0.22
athlete_001,727.868277,0.33583981565529997,0.22
athlete_001,728.868277,0.3386486977166074,0.22
athlete_001,729.868277,0.33999999999999997,0.2214575797779148
athlete_001,730.868277,0.33999999999999997,0.22426646183922222
athlete_001,731.868277,0.33999999999999997,0.22707534390052964
athlete_001,732.868277,0.33999999999999997,0.22988422596183705
athlete_001,733.868277,0.33999999999999997,0.23269310802314447
athlete_001,734.868277,0.33999999999999997,0.23550199008445186
athlete_001,735.868277,0.33999999999999997,0.23831087214575924
athlete_001,736.868277,0.33999999999999997,0.24111975420706666
athlete_001,737.868277,0.33999999999999997,0.24392863626837408
athlete_001,738.868277,0.33999999999999997,0.2467375183296815
athlete_001,739.868277,0.33999999999999997,0.2495464003909889
athlete_001,740.868277,0.33999999999999997,0.2523552824522963
athlete_001,741.868277,0.33999999999999997,0.2551641645136037
athlete_001,742.868277,0.33999999999999997,0.2579730465749111
athlete_001,743.868277,0.33999999999999997,0.2607819286362185
athlete_001,744.868277,0.33999999999999997,0.26359081069752593
athlete_001,745.868277,0.33999999999999997,0.26639969275883335
athlete_001,746.868277,0.33999999999999997,0.2692085748201407
athlete_001,747.868277,0.33999999999999997,0.2720174568814482
athlete_001,748.868277,0.33999999999999997,0.27482633894275554
athlete_001,749.868277,0.33999999999999997,0.27763522100406296
athlete_001,750.868277,0.33999999999999997,0.2804441030653704
athlete_001,751.868277,0.33999999999999997,0.2832529851266778
athlete_001,752.868277,0.33999999999999997,0.2860618671879852
athlete_001,753.868277,0.33999999999999997,0.28887074924929257
athlete_001,754.868277,0.33999999999999997,0.29167963131060004
athlete_001,755.868277,0.33999999999999997,0.2944885133719074
athlete_001,756.868277,0.33999999999999997,0.2972973954332148
athlete_001,757.868277,0.33999999999999997,0.30010627749452223
athlete_001,758.868277,0.33999999999999997,0.3029151595558296
athlete_001,759.868277,0.33999999999999997,0.30572404161713707
athlete_001,760.868277,0.33999999999999997,0.3085329236784444
athlete_001,761.868277,0.33999999999999997,0.3113418057397519
athlete_001,762.868277,0.33999999999999997,0.31415068780105926
athlete_001,763.868277,0.33999999999999997,0.3169595698623667
athlete_001,764.868277,0.33999999999999997,0.3197684519236741
athlete_001,765.868277,0.33999999999999997,0.32257733398498145
athlete_001,766.868277,0.33999999999999997,0.3253862160462889
athlete_001,767.868277,0.33999999999999997,0.3281950981075963
athlete_001,768.868277,0.33999999999999997,0.3310039801689037
athlete_001,769.868277,0.33999999999999997,0.3338128622302111
athlete_001,770.868277,0.33999999999999997,0.3366217442915185
athlete_001,771.868277,0.33999999999999997,0.33943062635282595
athlete_001,772.070981,0.33999999999999997,0.34
athlete_001,773.070981,0.33999999999999997,0.34474209263509265
athlete_001,774.070981,0.33999999999999997,0.34948418527018527
athlete_001,775.070981,0.33999999999999997,0.3542262779052779
athlete_001,776.070981,0.33999999999999997,0.35896837054037056
athlete_001,777.070981,0.33999999999999997,0.3637104631754632
athlete_001,778.070981,0.33999999999999997,0.3684525558105558
athlete_001,779.070981,0.33999999999999997,0.3731946484456484
athlete_001,780.070981,0.33999999999999997,0.37793674108074105
athlete_001,781.070981,0.33999999999999997,0.38267883371583367
athlete_001,782.070981,0.33999999999999997,0.38742092635092634
athlete_001,783.070981,0.33999999999999997,0.39216301898601896
athlete_001,784.070981,0.33999999999999997,0.3969051116211116
athlete_001,785.070981,0.33999999999999997,0.4016472042562042
athlete_001,786.070981,0.33999999999999997,0.4063892968912968
athlete_001,787.070981,0.33999999999999997,0.4111313895263895
athlete_001,788.070981,0.33999999999999997,0.4158734821614821
athlete_001,789.070981,0.33999999999999997,0.42061557479657474
athlete_001,790.070981,0.33999999999999997,0.42535766743166736
athlete_001,791.070981,0.33999999999999997,0.43009976006676
athlete_001,792.070981,0.33999999999999997,0.4348418527018526
athlete_001,793.070981,0.33999999999999997,0.4395839453369452
athlete_001,794.070981,0.33999999999999997,0.44432603797203785
athlete_001,795.070981,0.33999999999999997,0.44906813060713047
athlete_001,796.070981,0.33999999999999997,0.4538102232422231
athlete_001,797.070981,0.33999999999999997,0.45855231587731576
athlete_001,798.070981,0.33999999999999997,0.4632944085124084
athlete_001,799.070981,0.33999999999999997,0.46803650114750106
athlete_001,800.070981,0.33999999999999997,0.4727785937825937
athlete_001,801.070981,0.33999999999999997,0.4775206864176863
athlete_001,802.070981,0.33999999999999997,0.4822627790527789
athlete_001,803.070981,0.33999999999999997,0.48700487168787154
athlete_001,804.070981,0.33999999999999997,0.49174696432296416
athlete_001,805.070981,0.33999999999999997,0.4964890569580568
athlete_001,806.070981,0.33999999999999997,0.5012311495931494
athlete_001,807.070981,0.33999999999999997,0.505973242228242
athlete_001,808.070981,0.33999999999999997,0.5107153348633346
athlete_001,809.070981,0.33999999999999997,0.5154574274984273
athlete_001,810.070981,0.33999999999999997,0.5201995201335199
athlete_001,811.070981,0.33999999999999997,0.5249416127686126
athlete_001,812.070981,0.33999999999999997,0.5296837054037052
athlete_001,813.070981,0.33999999999999997,0.5344257980387979
athlete_001,814.070981,0.33999999999999997,0.5391678906738905
athlete_001,815.070981,0.33999999999999997,0.5439099833089831
athlete_001,816.070981,0.33999999999999997,0.5486520759440757
athlete_001,817.070981,0.33999999999999997,0.5533941685791683
athlete_001,818.070981,0.33999999999999997,0.558136261214261
athlete_001,819.070981,0.33999999999999997,0.5628783538493536
athlete_001,820.070981,0.33999999999999997,0.5676204464844462
athlete_001,821.070981,0.33999999999999997,0.5723625391195388
athlete_001,822.070981,0.33999999999999997,0.5771046317546316
athlete_001,823.070981,0.33999999999999997,0.5818467243897241
athlete_001,824.070981,0.33999999999999997,0.5865888170248168
athlete_001,825.070981,0.33999999999999997,0.5913309096599093
athlete_001,826.070981,0.33999999999999997,0.596073002295002
athlete_001,827.070981,0.33999999999999997,0.6008150949300946
athlete_001,828.070981,0.33999999999999997,0.6055571875651873
athlete_001,829.070981,0.33999999999999997,0.6102992802002799
athlete_001,830.070981,0.33999999999999997,0.6150413728353725
athlete_001,831.070981,0.33999999999999997,0.6197834654704651
athlete_001,832.070981,0.33999999999999997,0.6245255581055578
athlete_001,833.070981,0.33999999999999997,0.6292676507406504
athlete_001,834.070981,0.33999999999999997,0.634009743375743
athlete_001,835.070981,0.33999999999999997,0.6387518360108357
athlete_001,836.070981,0.33999999999999997,0.6434939286459282
athlete_001,837.070981,0.33999999999999997,0.648236021281021
athlete_001,838.070981,0.33999999999999997,0.6529781139161135
athlete_001,839.070981,0.33999999999999997,0.6577202065512062
athlete_001,840.070981,0.33999999999999997,0.6624622991862987
athlete_001,841.070981,0.33999999999999997,0.6672043918213915
athlete_001,842.070981,0.33999999999999997,0.6719464844564841
athlete_001,843.070981,0.33999999999999997,0.6766885770915767
athlete_001,844.070981,0.33999999999999997,0.6814306697266693
athlete_001,845.070981,0.33999999999999997,0.686172762361762
athlete_001,846.070981,0.33999999999999997,0.6909148549968546
athlete_001,847.070981,0.33999999999999997,0.6956569476319472
athlete_001,848.070981,0.33999999999999997,0.7003990402670399
athlete_001,849.070981,0.33999999999999997,0.7051411329021324
athlete_001,850.070981,0.33999999999999997,0.7098832255372252
athlete_001,851.070981,0.33999999999999997,0.7146253181723177
athlete_001,852.070981,0.33999999999999997,0.7193674108074104
athlete_001,852.20438,0.33999999999999997,0.72
athlete_001,853.20438,0.33999999999999997,0.7069485663394712
athlete_001,854.20438,0.33999999999999997,0.6938971326789426
athlete_001,855.20438,0.33999999999999997,0.680845699018414
athlete_001,856.20438,0.33999999999999997,0.6677942653578852
athlete_001,857.20438,0.33999999999999997,0.6547428316973565
athlete_001,858.20438,0.33999999999999997,0.6416913980368278
athlete_001,859.20438,0.33999999999999997,0.6286399643762991
athlete_001,860.20438,0.33999999999999997,0.6155885307157705
athlete_001,861.20438,0.33999999999999997,0.6025370970552417
athlete_001,862.20438,0.33999999999999997,0.5894856633947131
athlete_001,863.20438,0.33999999999999997,0.5764342297341845
athlete_001,864.20438,0.33999999999999997,0.5633827960736557
athlete_001,865.20438,0.33999999999999997,0.550331362413127
athlete_001,866.20438,0.33999999999999997,0.5372799287525983
athlete_001,867.20438,0.33999999999999997,0.5242284950920696
athlete_001,868.20438,0.33999999999999997,0.511177061431541
athlete_001,869.20438,0.33999999999999997,0.49812562777101227
athlete_001,870.20438,0.33999999999999997,0.4850741941104836
athlete_001,871.20438,0.33999999999999997,0.47202276044995484
athlete_001,872.20438,0.33999999999999997,0.4589713267894262
athlete_001,873.20438,0.33999999999999997,0.4459198931288975
athlete_001,874.20438,0.33999999999999997,0.4328684594683688
athlete_001,875.20438,0.33999999999999997,0.4198170258078401
athlete_001,876.20438,0.33999999999999997,0.40676559214731145
athlete_001,877.20438,0.33999999999999997,0.3937141584867827
athlete_001,878.20438,0.33999999999999997,0.3806627248262541
athlete_001,879.20438,0.33999999999999997,0.3676112911657254
athlete_001,880.20438,0.33999999999999997,0.35455985750519664
athlete_001,881.20438,0.33999999999999997,0.341508423844668
athlete_001,882.20438,0.33999999999999997,0.32845699018413926
athlete_001,883.20438,0.33999999999999997,0.31540555652361063
athlete_001,884.20438,0.33999999999999997,0.30235412286308194
athlete_001,885.20438,0.33999999999999997,0.2893026892025532
athlete_001,886.20438,0.33999999999999997,0.27625125554202457
athlete_001,887.20438,0.33999999999999997,0.2631998218814959
athlete_001,888.20438,0.33999999999999997,0.25014838822096713
athlete_001,889.20438,0.33999999999999997,0.23709695456043844
athlete_001,890.20438,0.33999999999999997,0.22404552089990976
athlete_001,891.20438,0.3490059127606189,0.22
athlete_001,892.20438,0.3620573464211475,0.22
athlete_001,893.20438,0.37510878008167625,0.22
athlete_001,894.20438,0.3881602137422049,0.22
athlete_001,895.20438,0.40121164740273363,0.22
athlete_001,896.20438,0.41426308106326226,0.22
athlete_001,897.20438,0.4273145147237909,0.22
athlete_001,898.20438,0.44036594838431975,0.22
athlete_001,899.20438,0.4534173820448484,0.22
athlete_001,900.20438,0.466468815705377,0.22
athlete_001,901.20438,0.47952024936590576,0.22
athlete_001,902.20438,0.4925716830264345,0.22
athlete_001,903.20438,0.5056231166869631,0.22
athlete_001,904.20438,0.5186745503474918,0.22
athlete_001,905.20438,0.5317259840080205,0.22
athlete_001,906.20438,0.5447774176685491,0.22
athlete_001,907.20438,0.5578288513290779,0.22
athlete_001,908.20438,0.5708802849896066,0.22
athlete_001,909.20438,0.5839317186501353,0.22
athlete_001,910.20438,0.5969831523106639,0.22
athlete_001,911.20438,0.6100345859711926,0.22
athlete_001,912.20438,0.6230860196317214,0.22
athlete_001,913.20438,0.63613745329225,0.22
athlete_001,914.20438,0.64,0.21081111304722136
athlete_001,915.20438,0.64,0.19775967938669262
athlete_001,916.20438,0.64,0.18470824572616398
athlete_001,916.565126,0.64,0.17999999999999997
athlete_001,917.565126,0.750172588806584,0.18
athlete_001,918.565126,0.8603451776131679,0.18
athlete_001,919.565126,0.92,0.23051776641975175
athlete_001,920.565126,0.92,0.3406903552263357
athlete_001,921.565126,0.92,0.45086294403291965
athlete_001,922.565126,0.92,0.5610355328395036
athlete_001,923.565126,0.92,0.6712081216460875
athlete_001,924.565126,0.92,0.7813807104526713
athlete_001,925.565126,0.8484467007407446,0.82
athlete_001,926.565126,0.7382741119341606,0.82
athlete_001,927.565126,0.6281015231275767,0.82
athlete_001,928.565126,0.5179289343209929,0.82
athlete_001,929.565126,0.40775634551440876,0.82
athlete_001,930.565126,0.2975837567078249,0.82
athlete_001,931.565126,0.18741116790124102,0.82
athlete_001,932.565126,0.08,0.8172385790946571
athlete_001,933.565126,0.08,0.7070659902880733
athlete_001,934.565126,0.08,0.5968934014814892
athlete_001,935.565126,0.08,0.486720812674905
athlete_001,936.565126,0.08,0.37654822386832115
athlete_001,937.565126,0.08,0.26637563506173734
athlete_001,938.565126,0.10379695374484658,0.18
athlete_001,939.565126,0.21396954255143047,0.18
athlete_001,940.565126,0.32414213135801434,0.18
athlete_001,941.565126,0.4343147201645982,0.18
athlete_001,942.565126,0.5444873089711825,0.18
athlete_001,943.565126,0.6546598977777659,0.18
athlete_001,944.565126,0.7648324865843502,0.18
athlete_001,945.565126,0.8750050753909341,0.18
athlete_001,946.565126,0.92,0.2451776641975177
athlete_001,947.565126,0.92,0.355350253004102
athlete_001,948.565126,0.92,0.46552284181068543
athlete_001,949.565126,0.92,0.5756954306172697
athlete_001,950.565126,0.92,0.6858680194238531
athlete_001,951.565126,0.92,0.7960406082304374
athlete_001,952.565126,0.8337868029629784,0.82
athlete_001,953.565126,0.7236142141563945,0.82
athlete_001,954.565126,0.6134416253498102,0.82
athlete_001,955.565126,0.5032690365432267,0.82
athlete_001,956.565126,0.39309644773664243,0.82
athlete_001,957.565126,0.282923858930059,0.82
athlete_001,958.565126,0.1727512701234747,0.82
athlete_001,959.565126,0.08,0.8025786813168901
athlete_001,960.565126,0.08,0.6924060925103067
athlete_001,961.565126,0.08,0.5822335037037233
athlete_001,962.565126,0.08,0.472060914897139
athlete_001,963.565126,0.08,0.3618883260905547
athlete_001,964.565126,0.08,0.25171573728397123
athlete_001,965.565126,0.11845685152261336,0.18
athlete_001,966.565126,0.2286294403291968,0.18
athlete_001,967.565126,0.3388020291357811,0.18
athlete_001,968.565126,0.44897461794236543,0.18
athlete_001,969.565126,0.5591472067489488,0.18
athlete_001,970.565126,0.6693197955555318,0.18
athlete_001,971.565126,0.7794923843621161,0.18
athlete_001,972.565126,0.8896649731687004,0.18
athlete_001,973.565126,0.92,0.25983756197528357
athlete_001,974.565126,0.92,0.3700101507818679
athlete_001,975.565126,0.92,0.4801827395884522
athlete_001,976.565126,0.92,0.5903553283950356
athlete_001,977.565126,0.92,0.700527917201619
athlete_001,978.565126,0.92,0.8107005060082042
athlete_001,979.565126,0.819126905185212,0.82
athlete_001,980.565126,0.7089543163786286,0.82
athlete_001,981.565126,0.5987817275720452,0.82
athlete_001,982.565126,0.48860913876545997,0.82
athlete_001,983.565126,0.37843654995887654,0.82
athlete_001,984.565126,0.2682639611522931,0.82
athlete_001,985.565126,0.15809137234570791,0.82
athlete_001,986.565126,0.08,0.7879187835391243
athlete_001,987.565126,0.08,0.6777461947325408
athlete_001,988.565126,0.08,0.5675736059259565
athlete_001,989.565126,0.08,0.4574010171193731
athlete_001,990.565126,0.08,0.3472284283127888
athlete_001,991.565126,0.08,0.23705583950620446
athlete_001,992.565126,0.13311674930037926,0.18
athlete_001,993.565126,0.2432893381069618,0.18
athlete_001,994.079869,0.30000000000000066,0.18
athlete_001,995.079869,0.3,0.18383921597595132
athlete_001,996.079869,0.3,0.18767843195190265
athlete_001,997.079869,0.3,0.19151764792785397
athlete_001,998.079869,0.3,0.1953568639038053
athlete_001,999.079869,0.3,0.19919607987975663
athlete_001,1000.079869,0.3,0.20303529585570795
athlete_001,1001.079869,0.3,0.20687451183165928
athlete_001,1002.079869,0.3,0.2107137278076106
athlete_001,1003.079869,0.3,0.21455294378356193
athlete_001,1004.079869,0.3,0.21839215975951326
athlete_001,1005.079869,0.30223137573546455,0.22
athlete_001,1006.079869,0.3060705917114159,0.22
athlete_001,1007.079869,0.3099098076873672,0.22
athlete_001,1008.079869,0.3137490236633185,0.22
athlete_001,1009.079869,0.31758823963926985,0.22
athlete_001,1010.079869,0.3214274556152212,0.22
athlete_001,1011.079869,0.3252666715911725,0.22
athlete_001,1012.079869,0.32910588756712383,0.22
athlete_001,1013.079869,0.33294510354307516,0.22
athlete_001,1014.079869,0.3367843195190265,0.22
athlete_001,1015.079869,0.3406235354949778,0.22
athlete_001,1016.079869,0.34446275147092914,0.22
athlete_001,1017.079869,0.34830196744688047,0.22
athlete_001,1018.079869,0.3521411834228318,0.22
athlete_001,1019.079869,0.3559803993987831,0.22
athlete_001,1020.079869,0.35981961537473445,0.22
athlete_001,1021.079869,0.3636588313506858,0.22
athlete_001,1022.079869,0.3674980473266371,0.22
athlete_001,1023.079869,0.3713372633025884,0.22
athlete_001,1024.079869,0.3751764792785393,0.22
athlete_001,1025.079869,0.37901569525449064,0.22
athlete_001,1026.079869,0.38285491123044196,0.22
athlete_001,1027.079869,0.3866941272063933,0.22
athlete_001,1028.079869,0.3905333431823446,0.22
athlete_001,1029.079869,0.39437255915829594,0.22
athlete_001,1030.079869,0.3982117751342472,0.22
athlete_001,1031.079869,0.4020509911101986,0.22
athlete_001,1032.079869,0.40589020708614987,0.22
athlete_001,1033.079869,0.40972942306210125,0.22
athlete_001,1034.079869,0.4135686390380525,0.22
athlete_001,1035.079869,0.4174078550140039,0.22
athlete_001,1036.079869,0.42,0.22124707098995525
athlete_001,1037.079869,0.42,0.22508628696590655
athlete_001,1038.079869,0.42,0.22892550294185787
athlete_001,1039.079869,0.42,0.2327647189178092
athlete_001,1040.079869,0.42,0.23660393489376053
athlete_001,1041.079869,0.42,0.24044315086971185
athlete_001,1042.079869,0.42,0.24428236684566318
athlete_001,1043.079869,0.42,0.2481215828216145
athlete_001,1044.079869,0.42,0.25196079879756583
athlete_001,1045.079869,0.42,0.25580001477351716
athlete_001,1046.079869,0.42,0.2596392307494685
athlete_001,1047.079869,0.42,0.2634784467254198
athlete_001,1048.079869,0.42,0.26731766270137114
athlete_001,1049.079869,0.42,0.2711568786773224
athlete_001,1050.079869,0.42,0.2749960946532738
athlete_001,1051.079869,0.42,0.27883531062922506
athlete_001,1052.079869,0.42,0.28267452660517645
athlete_001,1053.079869,0.42,0.2865137425811278
athlete_001,1054.079869,0.42,0.2903529585570791
athlete_001,1055.079869,0.42,0.2941921745330304
athlete_001,1056.079869,0.42,0.29803139050898175
athlete_001,1057.079869,0.42,0.301870606484933
athlete_001,1058.079869,0.42,0.3057098224608844
athlete_001,1059.079869,0.42,0.3095490384368357
athlete_001,1060.079869,0.42,0.31338825441278706
athlete_001,1061.079869,0.42,0.31722747038873833
athlete_001,1062.079869,0.42,0.3210666863646897
athlete_001,1063.079869,0.42,0.32490590234064104
athlete_001,1064.079869,0.42,0.3287451183165923
athlete_001,1065.079869,0.42,0.3325843342925437
athlete_001,1066.079869,0.42,0.33642355026849496
athlete_001,1067.011427,0.42,0.34
athlete_001,1068.011427,0.42,0.34373468039516103
athlete_001,1069.011427,0.42,0.34746936079032203
athlete_001,1070.011427,0.42,0.351204041185483
athlete_001,1071.011427,0.42,0.354938721580644
athlete_001,1072.011427,0.42,0.358673401975805
athlete_001,1073.011427,0.42,0.362408082370966
athlete_001,1074.011427,0.42,0.36614276276612695
athlete_001,1075.011427,0.42,0.36987744316128796
athlete_001,1076.011427,0.42,0.37361212355644896
athlete_001,1077.011427,0.42,0.37734680395160997
athlete_001,1078.011427,0.42,0.3810814843467709
athlete_001,1079.011427,0.42,0.3848161647419319
athlete_001,1080.011427,0.42,0.3885508451370929
athlete_001,1081.011427,0.42,0.39228552553225393
athlete_001,1082.011427,0.42,0.3960202059274149
athlete_001,1083.011427,0.42,0.3997548863225759
athlete_001,1084.011427,0.42,0.4034895667177369
athlete_001,1085.011427,0.42,0.4072242471128979
athlete_001,1086.011427,0.42,0.4109589275080589
athlete_001,1087.011427,0.42,0.41469360790321985
athlete_001,1088.011427,0.42,0.41842828829838086
athlete_001,1089.011427,0.42,0.42216296869354186
athlete_001,1090.011427,0.42,0.42589764908870287
athlete_001,1091.011427,0.42,0.4296323294838638
athlete_001,1092.011427,0.42,0.4333670098790248
athlete_001,1093.011427,0.42,0.43710169027418583
athlete_001,1094.011427,0.42,0.44083637066934683
athlete_001,1095.011427,0.42,0.4445710510645078
athlete_001,1096.011427,0.42,0.4483057314596688
athlete_001,1097.011427,0.42,0.4520404118548298
athlete_001,1098.011427,0.42,0.4557750922499908
athlete_001,1099.011427,0.42,0.4595097726451518
athlete_001,1100.011427,0.42,0.46324445304031275
athlete_001,1101.011427,0.42,0.46697913343547376
athlete_001,1102.011427,0.42,0.47071381383063476
athlete_001,1103.011427,0.42,0.4744484942257957
athlete_001,1104.011427,0.42,0.4781831746209567
athlete_001,1105.011427,0.42,0.4819178550161177
athlete_001,1106.011427,0.42,0.48565253541127873
athlete_001,1107.011427,0.42,0.48938721580643973
athlete_001,1108.011427,0.42,0.49312189620160074
athlete_001,1109.011427,0.42,0.4968565765967617
athlete_001,1110.011427,0.42,0.5005912569919226
athlete_001,1111.011427,0.42,0.5043259373870836
athlete_001,1112.011427,0.42,0.5080606177822447
athlete_001,1113.011427,0.42,0.5117952981774057
athlete_001,1114.011427,0.42,0.5155299785725667
athlete_001,1115.011427,0.42,0.5192646589677277
athlete_001,1116.011427,0.42,0.5229993393628887
athlete_001,1117.011427,0.42,0.5267340197580497
athlete_001,1118.011427,0.42,0.5304687001532107
athlete_001,1119.011427,0.42,0.5342033805483717
athlete_001,1120.011427,0.42,0.5379380609435326
athlete_001,1121.011427,0.42,0.5416727413386936
athlete_001,1122.011427,0.42,0.5454074217338546
athlete_001,1123.011427,0.42,0.5491421021290156
athlete_001,1124.011427,0.42,0.5528767825241766
athlete_001,1125.011427,0.42,0.5566114629193376
athlete_001,1126.011427,0.42,0.5603461433144985
athlete_001,1127.011427,0.42,0.5640808237096595
athlete_001,1128.011427,0.42,0.5678155041048205
athlete_001,1129.011427,0.42,0.5715501844999815
athlete_001,1130.011427,0.42,0.5752848648951425
athlete_001,1131.011427,0.42,0.5790195452903035
athlete_001,1132.011427,0.42,0.5827542256854645
athlete_001,1133.011427,0.42,0.5864889060806255
athlete_001,1134.011427,0.42,0.5902235864757865
athlete_001,1135.011427,0.42,0.5939582668709475
athlete_001,1136.011427,0.42,0.5976929472661086
athlete_001,1137.011427,0.42,0.6014276276612696
athlete_001,1138.011427,0.42,0.6051623080564305
athlete_001,1139.011427,0.42,0.6088969884515915
athlete_001,1140.011427,0.42,0.6126316688467525
athlete_001,1141.011427,0.42,0.6163663492419135
athlete_001,1142.011427,0.42,0.6201010296370744
athlete_001,1143.011427,0.42,0.6238357100322355
athlete_001,1144.011427,0.42,0.6275703904273964
athlete_001,1145.011427,0.42,0.6313050708225574
athlete_001,1146.011427,0.42,0.6350397512177184
athlete_001,1147.011427,0.42,0.6387744316128794
athlete_001,1148.011427,0.42,0.6425091120080404
athlete_001,1149.011427,0.42,0.6462437924032014
athlete_001,1150.011427,0.42,0.6499784727983624
athlete_001,1151.011427,0.42,0.6537131531935234
athlete_001,1152.011427,0.42,0.6574478335886844
athlete_001,1153.011427,0.42,0.6611825139838454
athlete_001,1154.011427,0.42,0.6649171943790063
athlete_001,1155.011427,0.42,0.6686518747741674
athlete_001,1156.011427,0.42,0.6723865551693283
athlete_001,1157.011427,0.42,0.6761212355644893
athlete_001,1158.011427,0.42,0.6798559159596503
athlete_001,1159.011427,0.42,0.6835905963548113
athlete_001,1160.011427,0.42,0.6873252767499722
athlete_001,1161.011427,0.42,0.6910599571451332
athlete_001,1162.011427,0.42,0.6947946375402942
athlete_001,1163.011427,0.42,0.6985293179354553
athlete_001,1164.011427,0.42,0.7022639983306163
athlete_001,1165.011427,0.42,0.7059986787257773
athlete_001,1166.011427,0.42,0.7097333591209383
athlete_001,1167.011427,0.42,0.7134680395160993
athlete_001,1168.011427,0.42,0.7172027199112603
athlete_001,1168.760428,0.42,0.72
athlete_001,1169.760428,0.42,0.7109029272957035
athlete_001,1170.760428,0.42,0.701805854591407
athlete_001,1171.760428,0.42,0.6927087818871104
athlete_001,1172.760428,0.42,0.6836117091828139
athlete_001,1173.760428,0.42,0.6745146364785174
athlete_001,1174.760428,0.42,0.6654175637742209
athlete_001,1175.760428,0.42,0.6563204910699243
athlete_001,1176.760428,0.42,0.6472234183656278
athlete_001,1177.760428,0.42,0.6381263456613313
athlete_001,1178.760428,0.42,0.6290292729570348
athlete_001,1179.760428,0.42,0.6199322002527382
athlete_001,1180.760428,0.42,0.6108351275484417
athlete_001,1181.760428,0.42,0.6017380548441452
athlete_001,1182.760428,0.42,0.5926409821398487
athlete_001,1183.760428,0.42,0.5835439094355521
athlete_001,1184.760428,0.42,0.5744468367312556
athlete_001,1185.760428,0.42,0.5653497640269591
athlete_001,1186.760428,0.42,0.5562526913226626
athlete_001,1187.760428,0.42,0.5471556186183661
athlete_001,1188.760428,0.42,0.5380585459140697
athlete_001,1189.760428,0.42,0.528961473209773
athlete_001,1190.760428,0.42,0.5198644005054766
athlete_001,1191.760428,0.42,0.51076732780118
athlete_001,1192.760428,0.42,0.5016702550968835
athlete_001,1193.760428,0.42,0.49257318239258696
athlete_001,1194.760428,0.42,0.48347610968829047
athlete_001,1195.760428,0.42,0.474379036983994
athlete_001,1196.760428,0.42,0.4652819642796974
athlete_001,1197.760428,0.42,0.45618489157540093
athlete_001,1198.760428,0.42,0.4470878188711044
athlete_001,1199.760428,0.42,0.4379907461668079
athlete_001,1200.760428,0.42,0.4288936734625114
athlete_001,1201.760428,0.42,0.41979660075821484
athlete_001,1202.760428,0.42,0.4106995280539183
athlete_001,1203.760428,0.42,0.4016024553496218
athlete_001,1204.760428,0.42,0.39250538264532525
athlete_001,1205.760428,0.42,0.38340830994102876
athlete_001,1206.760428,0.42,0.3743112372367322
athlete_001,1207.760428,0.42,0.3652141645324357
athlete_001,1208.760428,0.42,0.3561170918281392
athlete_001,1209.760428,0.42,0.34702001912384267
athlete_001,1210.760428,0.42,0.3379229464195461
athlete_001,1211.760428,0.42,0.32882587371524963
athlete_001,1212.760428,0.42,0.3197288010109531
athlete_001,1213.760428,0.42,0.3106317283066566
athlete_001,1214.760428,0.42,0.30153465560236004
athlete_001,1215.760428,0.42,0.29243758289806354
athlete_001,1216.760428,0.42,0.28334051019376705
athlete_001,1217.760428,0.42,0.2742434374894705
athlete_001,1218.760428,0.42,0.265146364785174
athlete_001,1219.760428,0.42,0.25604929208087746
athlete_001,1220.760428,0.42,0.24695221937658096
athlete_001,1221.760428,0.42,0.23785514667228447
athlete_001,1222.760428,0.42,0.22875807396798792
athlete_001,1223.760428,0.4203389987363086,0.22
athlete_001,1224.760428,0.4294360714406051,0.22
athlete_001,1225.760428,0.4385331441449016,0.22
athlete_001,1226.760428,0.44763021684919807,0.22
athlete_001,1227.760428,0.45672728955349456,0.22
athlete_001,1228.760428,0.46582436225779117,0.22
athlete_001,1229.760428,0.47492143496208766,0.22
athlete_001,1230.760428,0.48401850766638416,0.22
athlete_001,1231.760428,0.49311558037068065,0.22
athlete_001,1232.760428,0.5022126530749771,0.22
athlete_001,1233.760428,0.5113097257792738,0.22
athlete_001,1234.760428,0.5204067984835703,0.22
athlete_001,1235.760428,0.5295038711878668,0.22
athlete_001,1236.760428,0.5386009438921634,0.22
athlete_001,1237.760428,0.5476980165964598,0.22
athlete_001,1238.760428,0.5567950893007563,0.22
athlete_001,1239.760428,0.565892162005053,0.22
athlete_001,1240.760428,0.5749892347093495,0.22
athlete_001,1241.760428,0.584086307413646,0.22
athlete_001,1242.760428,0.5931833801179425,0.22
athlete_001,1243.760428,0.602280452822239,0.22
athlete_001,1244.760428,0.6113775255265355,0.22
athlete_001,1245.760428,0.620474598230832,0.22
athlete_001,1246.760428,0.6295716709351284,0.22
athlete_001,1247.760428,0.6386687436394249,0.22
athlete_001,1248.760428,0.64,0.21223418365627847
athlete_001,1249.760428,0.64,0.20313711095198186
athlete_001,1250.760428,0.64,0.19404003824768537
athlete_001,1251.760428,0.64,0.18494296554338888
athlete_001,1252.303786,0.64,0.17999999999999997
athlete_001,1253.303786,0.7410858843064915,0.18
athlete_001,1254.303786,0.8421717686129829,0.18
athlete_001,1255.303786,0.92,0.2032576529194744
athlete_001,1256.303786,0.92,0.3043435372259658
athlete_001,1257.303786,0.92,0.40542942153245737
athlete_001,1258.303786,0.92,0.5065153058389489
athlete_001,1259.303786,0.92,0.6076011901454403
athlete_001,1260.303786,0.92,0.7086870744519316
athlete_001,1261.303786,0.92,0.809772958758423
athlete_001,1262.303786,0.8291411569350852,0.82
athlete_001,1263.303786,0.7280552726285939,0.82
athlete_001,1264.303786,0.6269693883221023,0.82
athlete_001,1265.303786,0.525883504015611,0.82
athlete_001,1266.303786,0.4247976197091193,0.82
athlete_001,1267.303786,0.3237117354026281,0.82
athlete_001,1268.303786,0.22262585109613664,0.82
athlete_001,1269.303786,0.12153996678964496,0.82
athlete_001,1270.303786,0.08,0.7604540824831537
athlete_001,1271.303786,0.08,0.659368198176662
athlete_001,1272.303786,0.08,0.5582823138701704
athlete_001,1273.303786,0.08,0.45719642956367934
athlete_001,1274.303786,0.08,0.3561105452571879
athlete_001,1275.303786,0.08,0.255024660950696
athlete_001,1276.303786,0.10606122335579553,0.18
athlete_001,1277.303786,0.20714710766228656,0.18
athlete_001,1278.303786,0.308232991968778,0.18
athlete_001,1279.303786,0.40931887627526947,0.18
athlete_001,1280.303786,0.5104047605817613,0.18
athlete_001,1281.303786,0.6114906448882528,0.18
athlete_001,1282.303786,0.7125765291947438,0.18
athlete_001,1283.303786,0.8136624135012352,0.18
athlete_001,1284.303786,0.9147482978077267,0.18
athlete_001,1285.303786,0.92,0.27583418211421834
athlete_001,1286.303786,0.92,0.3769200664207098
athlete_001,1287.303786,0.92,0.47800595072720126
athlete_001,1288.303786,0.92,0.5790918350336922
athlete_001,1289.303786,0.92,0.6801777193401837
athlete_001,1290.303786,0.92,0.7812636036466756
athlete_001,1291.303786,0.8576505120468326,0.82
athlete_001,1292.303786,0.7565646277403407,0.82
athlete_001,1293.303786,0.6554787434338502,0.82
athlete_001,1294.303786,0.5543928591273587,0.82
athlete_001,1295.303786,0.45330697482086724,0.82
athlete_001,1296.303786,0.3522210905143758,0.82
athlete_001,1297.303786,0.25113520620788343,0.82
athlete_001,1298.303786,0.15004932190139197,0.82
athlete_001,1299.303786,0.08,0.7889634375949003
athlete_001,1300.303786,0.08,0.6878775532884088
athlete_001,1301.303786,0.08,0.5867916689819183
athlete_001,1302.303786,0.08,0.4857057846754268
athlete_001,1303.303786,0.08,0.38461990036893534
athlete_001,1304.303786,0.08,0.2835340160624439
athlete_001,1305.303786,0.08,0.18244813175595243
athlete_001,1306.303786,0.17863775255053932,0.18
athlete_001,1307.303786,0.27972363685703167,0.18
athlete_001,1308.303786,0.3808095211635231,0.18
athlete_001,1309.303786,0.4818954054700146,0.18
athlete_001,1310.303786,0.582981289776506,0.18
athlete_001,1311.303786,0.684067174082997,0.18
athlete_001,1312.303786,0.7851530583894876,0.18
athlete_001,1313.303786,0.886238942695979,0.18
athlete_001,1314.303786,0.92,0.24732482700247022
athlete_001,1315.303786,0.92,0.3484107113089617
athlete_001,1316.303786,0.92,0.44949659561545313
athlete_001,1317.303786,0.92,0.5505824799219454
athlete_001,1318.303786,0.92,0.6516683642284369
athlete_001,1319.303786,0.92,0.7527542485349283
athlete_001,1320.303786,0.8861598671585799,0.82
athlete_001,1321.303786,0.7850739828520884,0.82
athlete_001,1322.303786,0.683988098545597,0.82
athlete_001,1323.303786,0.5829022142391064,0.82
athlete_001,1324.303786,0.481816329932615,0.82
athlete_001,1325.303786,0.38073044562612346,0.82
athlete_001,1326.303786,0.279644561319632,0.82
athlete_001,1327.303786,0.17855867701313966,0.82
athlete_001,1328.303786,0.08,0.817472792706648
athlete_001,1329.303786,0.08,0.7163869084001565
athlete_001,1330.303786,0.08,0.615301024093665
athlete_001,1331.303786,0.08,0.5142151397871736
athlete_001,1332.303786,0.08,0.41312925548068125
athlete_001,1333.303786,0.08,0.3120433711741907
athlete_001,1334.303786,0.08,0.2109574868677001
athlete_001,1335.303786,0.15012839743879164,0.18
athlete_001,1336.303786,0.2512142817452822,0.18
athlete_001,1336.786402,0.30000000000000066,0.18
athlete_001,1337.786402,0.3,0.1872850776279291
athlete_001,1338.786402,0.3,0.1945701552558582
athlete_001,1339.786402,0.3,0.2018552328837873
athlete_001,1340.786402,0.3,0.2091403105117164
athlete_001,1341.786402,0.3,0.21642538813964549
athlete_001,1342.786402,0.30371046576757454,0.22
athlete_001,1343.786402,0.31099554339550367,0.22
athlete_001,1344.786402,0.31828062102343274,0.22
athlete_001,1345.786402,0.32556569865136187,0.22
athlete_001,1346.786402,0.33285077627929094,0.22
athlete_001,1347.786402,0.34013585390722006,0.22
athlete_001,1348.786402,0.34742093153514914,0.22
athlete_001,1349.786402,0.35470600916307826,0.22
athlete_001,1350.786402,0.36199108679100733,0.22
athlete_001,1351.786402,0.36927616441893646,0.22
athlete_001,1352.786402,0.37656124204686553,0.22
athlete_001,1353.786402,0.38384631967479466,0.22
athlete_001,1354.786402,0.3911313973027237,0.22
athlete_001,1355.786402,0.39841647493065285,0.22
athlete_001,1356.786402,0.4057015525585819,0.22
athlete_001,1357.786402,0.41298663018651105,0.22
athlete_001,1358.786402,0.4202717078144401,0.22
athlete_001,1359.786402,0.4275567854423692,0.22
athlete_001,1360.786402,0.4348418630702983,0.22
athlete_001,1361.786402,0.44212694069822744,0.22
athlete_001,1362.786402,0.4494120183261565,0.22
athlete_001,1363.786402,0.4566970959540856,0.22
athlete_001,1364.786402,0.4639821735820147,0.22
athlete_001,1365.786402,0.47126725120994384,0.22
athlete_001,1366.786402,0.4785523288378729,0.22
athlete_001,1367.786402,0.485837406465802,0.22
athlete_001,1368.786402,0.49312248409373105,0.22
athlete_001,1369.786402,0.5,0.2204075617216602
athlete_001,1370.786402,0.5,0.2276926393495893
athlete_001,1371.786402,0.5,0.2349777169775184
athlete_001,1372.786402,0.5,0.24226279460544747
athlete_001,1373.786402,0.5,0.24954787223337654
athlete_001,1374.786402,0.5,0.2568329498613057
athlete_001,1375.786402,0.5,0.2641180274892348
athlete_001,1376.786402,0.5,0.27140310511716387
athlete_001,1377.786402,0.5,0.278688182745093
athlete_001,1378.786402,0.5,0.28597326037302206
athlete_001,1379.786402,0.5,0.2932583380009512
athlete_001,1380.786402,0.5,0.30054341562888026
athlete_001,1381.786402,0.5,0.3078284932568094
athlete_001,1382.786402,0.5,0.31511357088473846
athlete_001,1383.786402,0.5,0.32239864851266753
athlete_001,1384.786402,0.5,0.32968372614059666
athlete_001,1385.786402,0.5,0.3369688037685258
athlete_001,1386.202485,0.5,0.34
athlete_001,1387.202485,0.5,0.3422753901120635
athlete_001,1388.202485,0.5,0.344550780224127
athlete_001,1389.202485,0.5,0.34682617033619045
athlete_001,1390.202485,0.5,0.34910156044825397
athlete_001,1391.202485,0.5,0.3513769505603174
athlete_001,1392.202485,0.5,0.3536523406723809
athlete_001,1393.202485,0.5,0.3559277307844444
athlete_001,1394.202485,0.5,0.35820312089650785
athlete_001,1395.202485,0.5,0.36047851100857137
athlete_001,1396.202485,0.5,0.3627539011206348
athlete_001,1397.202485,0.5,0.36502929123269834
athlete_001,1398.202485,0.5,0.3673046813447618
athlete_001,1399.202485,0.5,0.36958007145682525
athlete_001,1400.202485,0.5,0.37185546156888877
athlete_001,1401.202485,0.5,0.3741308516809522
athlete_001,1402.202485,0.5,0.37640624179301574
athlete_001,1403.202485,0.5,0.3786816319050792
athlete_001,1404.202485,0.5,0.38095702201714265
athlete_001,1405.202485,0.5,0.38323241212920617
athlete_001,1406.202485,0.5,0.3855078022412696
athlete_001,1407.202485,0.5,0.38778319235333314
athlete_001,1408.202485,0.5,0.3900585824653966
athlete_001,1409.202485,0.5,0.39233397257746006
athlete_001,1410.202485,0.5,0.39460936268952357
athlete_001,1411.202485,0.5,0.396884752801587
athlete_001,1412.202485,0.5,0.39916014291365054
athlete_001,1413.202485,0.5,0.401435533025714
athlete_001,1414.202485,0.5,0.40371092313777746
athlete_001,1415.202485,0.5,0.40598631324984097
athlete_001,1416.202485,0.5,0.4082617033619044
athlete_001,1417.202485,0.5,0.41053709347396794
athlete_001,1418.202485,0.5,0.4128124835860314
athlete_001,1419.202485,0.5,0.41508787369809486
athlete_001,1420.202485,0.5,0.41736326381015837
athlete_001,1421.202485,0.5,0.4196386539222218
athlete_001,1422.202485,0.5,0.42191404403428534
athlete_001,1423.202485,0.5,0.4241894341463488
athlete_001,1424.202485,0.5,0.42646482425841226
athlete_001,1425.202485,0.5,0.42874021437047577
athlete_001,1426.202485,0.5,0.4310156044825392
athlete_001,1427.202485,0.5,0.43329099459460274
athlete_001,1428.202485,0.5,0.4355663847066662
athlete_001,1429.202485,0.5,0.43784177481872966
athlete_001,1430.202485,0.5,0.44011716493079317
athlete_001,1431.202485,0.5,0.44239255504285663
athlete_001,1432.202485,0.5,0.44466794515492014
athlete_001,1433.202485,0.5,0.4469433352669836
athlete_001,1434.202485,0.5,0.44921872537904706
athlete_001,1435.202485,0.5,0.45149411549111057
athlete_001,1436.202485,0.5,0.45376950560317403
athlete_001,1437.202485,0.5,0.45604489571523754
athlete_001,1438.202485,0.5,0.458320285827301
athlete_001,1439.202485,0.5,0.4605956759393645
athlete_001,1440.202485,0.5,0.46287106605142797
athlete_001,1441.202485,0.5,0.4651464561634915
athlete_001,1442.202485,0.5,0.46742184627555494
athlete_001,1443.202485,0.5,0.4696972363876184
athlete_001,1444.202485,0.5,0.47197262649968186
athlete_001,1445.202485,0.5,0.47424801661174537
athlete_001,1446.202485,0.5,0.4765234067238089
athlete_001,1447.202485,0.5,0.47879879683587234
athlete_001,1448.202485,0.5,0.4810741869479358
athlete_001,1449.202485,0.5,0.4833495770599993
athlete_001,1450.202485,0.5,0.48562496717206277
athlete_001,1451.202485,0.5,0.4879003572841263
athlete_001,1452.202485,0.5,0.49017574739618974
athlete_001,1453.202485,0.5,0.4924511375082532
athlete_001,1454.202485,0.5,0.49472652762031666
athlete_001,1455.202485,0.5,0.49700191773238017
athlete_001,1456.202485,0.5,0.4992773078444437
athlete_001,1457.202485,0.5,0.5015526979565071
athlete_001,1458.202485,0.5,0.5038280880685706
athlete_001,1459.202485,0.5,0.5061034781806341
athlete_001,1460.202485,0.5,0.5083788682926976
athlete_001,1461.202485,0.5,0.5106542584047611
athlete_001,1462.202485,0.5,0.5129296485168245
athlete_001,1463.202485,0.5,0.515205038628888
athlete_001,1464.202485,0.5,0.5174804287409516
athlete_001,1465.202485,0.5,0.5197558188530149
athlete_001,1466.202485,0.5,0.5220312089650785
athlete_001,1467.202485,0.5,0.5243065990771419
athlete_001,1468.202485,0.5,0.5265819891892054
athlete_001,1469.202485,0.5,0.5288573793012689
athlete_001,1470.202485,0.5,0.5311327694133324
athlete_001,1471.202485,0.5,0.5334081595253959
athlete_001,1472.202485,0.5,0.5356835496374593
athlete_001,1473.202485,0.5,0.5379589397495228
athlete_001,1474.202485,0.5,0.5402343298615864
athlete_001,1475.202485,0.5,0.5425097199736497
athlete_001,1476.202485,0.5,0.5447851100857133
athlete_001,1477.202485,0.5,0.5470605001977767
athlete_001,1478.202485,0.5,0.5493358903098402
athlete_001,1479.202485,0.5,0.5516112804219038
athlete_001,1480.202485,0.5,0.5538866705339671
athlete_001,1481.202485,0.5,0.5561620606460307
athlete_001,1482.202485,0.5,0.5584374507580941
athlete_001,1483.202485,0.5,0.5607128408701576
athlete_001,1484.202485,0.5,0.5629882309822211
athlete_001,1485.202485,0.5,0.5652636210942846
athlete_001,1486.202485,0.5,0.5675390112063481
athlete_001,1487.202485,0.5,0.5698144013184115
athlete_001,1488.202485,0.5,0.572089791430475
athlete_001,1489.202485,0.5,0.5743651815425386
athlete_001,1490.202485,0.5,0.576640571654602
athlete_001,1491.202485,0.5,0.5789159617666655
athlete_001,1492.202485,0.5,0.581191351878729
athlete_001,1493.202485,0.5,0.5834667419907924
athlete_001,1494.202485,0.5,0.585742132102856
athlete_001,1495.202485,0.5,0.5880175222149193
athlete_001,1496.202485,0.5,0.5902929123269829
athlete_001,1497.202485,0.5,0.5925683024390463
athlete_001,1498.202485,0.5,0.5948436925511098
athlete_001,1499.202485,0.5,0.5971190826631734
athlete_001,1500.202485,0.5,0.5993944727752367
athlete_001,1501.202485,0.5,0.6016698628873003
athlete_001,1502.202485,0.5,0.6039452529993637
athlete_001,1503.202485,0.5,0.6062206431114272
athlete_001,1504.202485,0.5,0.6084960332234908
athlete_001,1505.202485,0.5,0.6107714233355542
athlete_001,1506.202485,0.5,0.6130468134476177
athlete_001,1507.202485,0.5,0.6153222035596811
athlete_001,1508.202485,0.5,0.6175975936717446
athlete_001,1509.202485,0.5,0.6198729837838082
athlete_001,1510.202485,0.5,0.6221483738958715
athlete_001,1511.202485,0.5,0.6244237640079351
athlete_001,1512.202485,0.5,0.6266991541199987
athlete_001,1513.202485,0.5,0.628974544232062
athlete_001,1514.202485,0.5,0.6312499343441256
athlete_001,1515.202485,0.5,0.6335253244561889
athlete_001,1516.202485,0.5,0.6358007145682525
athlete_001,1517.202485,0.5,0.638076104680316
athlete_001,1518.202485,0.5,0.6403514947923794
athlete_001,1519.202485,0.5,0.642626884904443
athlete_001,1520.202485,0.5,0.6449022750165064
athlete_001,1521.202485,0.5,0.6471776651285699
athlete_001,1522.202485,0.5,0.6494530552406333
athlete_001,1523.202485,0.5,0.6517284453526968
athlete_001,1524.202485,0.5,0.6540038354647604
athlete_001,1525.202485,0.5,0.6562792255768238
athlete_001,1526.202485,0.5,0.6585546156888873
athlete_001,1527.202485,0.5,0.6608300058009509
athlete_001,1528.202485,0.5,0.6631053959130142
athlete_001,1529.202485,0.5,0.6653807860250778
athlete_001,1530.202485,0.5,0.6676561761371411
athlete_001,1531.202485,0.5,0.6699315662492047
athlete_001,1532.202485,0.5,0.6722069563612681
athlete_001,1533.202485,0.5,0.6744823464733316
athlete_001,1534.202485,0.5,0.6767577365853952
athlete_001,1535.202485,0.5,0.6790331266974586
athlete_001,1536.202485,0.5,0.6813085168095221
athlete_001,1537.202485,0.5,0.6835839069215855
athlete_001,1538.202485,0.5,0.685859297033649
athlete_001,1539.202485,0.5,0.6881346871457126
athlete_001,1540.202485,0.5,0.690410077257776
athlete_001,1541.202485,0.5,0.6926854673698395
athlete_001,1542.202485,0.5,0.6949608574819031
athlete_001,1543.202485,0.5,0.6972362475939664
athlete_001,1544.202485,0.5,0.69951163770603
athlete_001,1545.202485,0.5,0.7017870278180933
athlete_001,1546.202485,0.5,0.7040624179301569
athlete_001,1547.202485,0.5,0.7063378080422205
athlete_001,1548.202485,0.5,0.7086131981542838
athlete_001,1549.202485,0.5,0.7108885882663474
athlete_001,1550.202485,0.5,0.7131639783784108
athlete_001,1551.202485,0.5,0.7154393684904743
athlete_001,1552.202485,0.5,0.7177147586025378
athlete_001,1553.202485,0.5,0.7199901487146012
athlete_001,1553.206815,0.5,0.72
athlete_001,1554.206815,0.5,0.7123503167485994
athlete_001,1555.206815,0.5,0.7047006334971989
athlete_001,1556.206815,0.5,0.6970509502457983
athlete_001,1557.206815,0.5,0.6894012669943977
athlete_001,1558.206815,0.5,0.6817515837429972
athlete_001,1559.206815,0.5,0.6741019004915967
athlete_001,1560.206815,0.5,0.6664522172401961
athlete_001,1561.206815,0.5,0.6588025339887955
athlete_001,1562.206815,0.5,0.6511528507373949
athlete_001,1563.206815,0.5,0.6435031674859945
athlete_001,1564.206815,0.5,0.6358534842345939
athlete_001,1565.206815,0.5,0.6282038009831933
athlete_001,1566.206815,0.5,0.6205541177317927
athlete_001,1567.206815,0.5,0.6129044344803922
athlete_001,1568.206815,0.5,0.6052547512289916
athlete_001,1569.206815,0.5,0.597605067977591
athlete_001,1570.206815,0.5,0.5899553847261905
athlete_001,1571.206815,0.5,0.58230570147479
athlete_001,1572.206815,0.5,0.5746560182233894
athlete_001,1573.206815,0.5,0.5670063349719888
athlete_001,1574.206815,0.5,0.5593566517205883
athlete_001,1575.206815,0.5,0.5517069684691878
athlete_001,1576.206815,0.5,0.5440572852177872
athlete_001,1577.206815,0.5,0.5364076019663866
athlete_001,1578.206815,0.5,0.5287579187149861
athlete_001,1579.206815,0.5,0.5211082354635855
athlete_001,1580.206815,0.5,0.513458552212185
athlete_001,1581.206815,0.5,0.5058088689607844
athlete_001,1582.206815,0.5,0.4981591857093839
athlete_001,1583.206815,0.5,0.4905095024579833
athlete_001,1584.206815,0.5,0.4828598192065827
athlete_001,1585.206815,0.5,0.47521013595518213
athlete_001,1586.206815,0.5,0.4675604527037816
athlete_001,1587.206815,0.5,0.4599107694523811
athlete_001,1588.206815,0.5,0.45226108620098054
athlete_001,1589.206815,0.5,0.44461140294957996
athlete_001,1590.206815,0.5,0.4369617196981794
athlete_001,1591.206815,0.5,0.42931203644677884
athlete_001,1592.206815,0.5,0.4216623531953783
athlete_001,1593.206815,0.5,0.41401266994397773
athlete_001,1594.206815,0.5,0.40636298669257714
athlete_001,1595.206815,0.5,0.3987133034411766
athlete_001,1596.206815,0.5,0.3910636201897761
athlete_001,1597.206815,0.5,0.3834139369383755
athlete_001,1598.206815,0.5,0.37576425368697497
athlete_001,1599.206815,0.5,0.3681145704355744
athlete_001,1600.206815,0.5,0.36046488718417385
athlete_001,1601.206815,0.5,0.35281520393277327
athlete_001,1602.206815,0.5,0.3451655206813727
athlete_001,1603.206815,0.5,0.3375158374299722
athlete_001,1604.206815,0.5,0.3298661541785716
athlete_001,1605.206815,0.5,0.32221647092717104
athlete_001,1606.206815,0.5,0.3145667876757705
athlete_001,1607.206815,0.5,0.3069171044243699
athlete_001,1608.206815,0.5,0.2992674211729694
athlete_001,1609.206815,0.5,0.2916177379215688
athlete_001,1610.206815,0.5,0.2839680546701682
athlete_001,1611.206815,0.5,0.27631837141876775
athlete_001,1612.206815,0.5,0.26866868816736716
athlete_001,1613.206815,0.5,0.26101900491596663
athlete_001,1614.206815,0.5,0.25336932166456605
athlete_001,1615.206815,0.5,0.24571963841316546
athlete_001,1616.206815,0.5,0.23806995516176493
athlete_001,1617.206815,0.5,0.23042027191036435
athlete_001,1618.206815,0.5,0.22277058865896388
athlete_001,1619.206815,0.5048790945924367,0.22
athlete_001,1620.206815,0.5125287778438373,0.22
athlete_001,1621.206815,0.5201784610952378,0.22
athlete_001,1622.206815,0.5278281443466384,0.22
athlete_001,1623.206815,0.5354778275980389,0.22
athlete_001,1624.206815,0.5431275108494394,0.22
athlete_001,1625.206815,0.55077719410084,0.22
athlete_001,1626.206815,0.5584268773522406,0.22
athlete_001,1627.206815,0.5660765606036412,0.22
athlete_001,1628.206815,0.5737262438550417,0.22
athlete_001,1629.206815,0.5813759271064423,0.22
athlete_001,1630.206815,0.5890256103578428,0.22
athlete_001,1631.206815,0.5966752936092433,0.22
athlete_001,1632.206815,0.6043249768606439,0.22
athlete_001,1633.206815,0.6119746601120445,0.22
athlete_001,1634.206815,0.6196243433634451,0.22
athlete_001,1635.206815,0.6272740266148457,0.22
athlete_001,1636.206815,0.6349237098662461,0.22
athlete_001,1637.206815,0.64,0.2174266068823533
athlete_001,1638.206815,0.64,0.2097769236309527
athlete_001,1639.206815,0.64,0.20212724037955224
athlete_001,1640.206815,0.64,0.19447755712815165
athlete_001,1641.206815,0.64,0.18682787387675107
athlete_001,1642.099384,0.64,0.17999999999999997
athlete_001,1643.099384,0.7734540483953394,0.18
athlete_001,1644.099384,0.9069080967906789,0.18
athlete_001,1645.099384,0.92,0.30036214518601817
athlete_001,1646.099384,0.92,0.43381619358135765
athlete_001,1647.099384,0.92,0.5672702419766971
athlete_001,1648.099384,0.92,0.7007242903720363
athlete_001,1649.099384,0.9058216612326241,0.82
athlete_001,1650.099384,0.7723676128372846,0.82
athlete_001,1651.099384,0.6389135644419451,0.82
athlete_001,1652.099384,0.5054595160466059,0.82
athlete_001,1653.099384,0.3720054676512664,0.82
athlete_001,1654.099384,0.23855141925592716,0.82
athlete_001,1655.099384,0.10509737086058768,0.82
athlete_001,1656.099384,0.08,0.7116433224652482
athlete_001,1657.099384,0.08,0.5781892740699089
athlete_001,1658.099384,0.08,0.44473522567456925
athlete_001,1659.099384,0.08,0.31128117727923
athlete_001,1660.099384,0.08217287111610976,0.18
athlete_001,1661.099384,0.21562691951144858,0.18
athlete_001,1662.099384,0.3490809679067883,0.18
athlete_001,1663.099384,0.48253501630212753,0.18
athlete_001,1664.099384,0.6159890646974672,0.18
athlete_001,1665.099384,0.7494431130928064,0.18
athlete_001,1666.099384,0.8828971614881457,0.18
athlete_001,1667.099384,0.92,0.27635120988348466
athlete_001,1668.099384,0.92,0.4098052582788243
athlete_001,1669.099384,0.92,0.5432593066741636
athlete_001,1670.099384,0.92,0.6767133550695034
athlete_001,1671.099384,0.92,0.8101674034648421
athlete_001,1672.099384,0.7963785481398179,0.82
athlete_001,1673.099384,0.6629244997444782,0.82
athlete_001,1674.099384,0.5294704513491385,0.82
athlete_001,1675.099384,0.3960164029537997,0.82
athlete_001,1676.099384,0.26256235455846,0.82
athlete_001,1677.099384,0.1291083061631203,0.82
athlete_001,1678.099384,0.08,0.7356542577677804
athlete_001,1679.099384,0.08,0.6022002093724425
athlete_001,1680.099384,0.08,0.46874616097710275
athlete_001,1681.099384,0.08,0.33529211258176306
athlete_001,1682.099384,0.08,0.20183806418642336
athlete_001,1683.099384,0.19161598420891574,0.18
athlete_001,1684.099384,0.32507003260425543,0.18
athlete_001,1685.099384,0.45852408099959513,0.18
athlete_001,1686.099384,0.5919781293949348,0.18
athlete_001,1687.099384,0.725432177790274,0.18
athlete_001,1688.099384,0.8588862261856128,0.18
athlete_001,1689.099384,0.92,0.2523402745809514
athlete_001,1690.099384,0.92,0.38579432297629107
athlete_001,1691.099384,0.92,0.5192483713716307
athlete_001,1692.099384,0.92,0.6527024197669695
athlete_001,1693.099384,0.92,0.7861564681623092
athlete_001,1694.099384,0.8203894834423507,0.82
athlete_001,1695.099384,0.686935435047011,0.82
athlete_001,1696.099384,0.5534813866516722,0.82
athlete_001,1697.099384,0.42002733825633254,0.82
athlete_001,1698.099384,0.28657328986099284,0.82
athlete_001,1699.099384,0.15311924146565314,0.82
athlete_001,1700.099384,0.08,0.759665193070315
athlete_001,1701.099384,0.08,0.6262111446749753
athlete_001,1702.099384,0.08,0.4927570962796356
athlete_001,1703.099384,0.08,0.3593030478842959
athlete_001,1704.099384,0.08,0.2258489994889562
athlete_001,1705.099384,0.1676050489063829,0.18
athlete_001,1706.091448,0.30000000000000066,0.18
athlete_001,1707.091448,0.3,0.18786802646240375
athlete_001,1708.091448,0.3,0.19573605292480753
athlete_001,1709.091448,0.3,0.2036040793872113
athlete_001,1710.091448,0.3,0.21147210584961507
athlete_001,1711.091448,0.3,0.21934013231201882
athlete_001,1712.091448,0.3072081587744226,0.22
athlete_001,1713.091448,0.31507618523682634,0.22
athlete_001,1714.091448,0.32294421169923015,0.22
athlete_001,1715.091448,0.3308122381616339,0.22
athlete_001,1716.091448,0.33868026462403766,0.22
athlete_001,1717.091448,0.3465482910864414,0.22
athlete_001,1718.091448,0.3544163175488452,0.22
athlete_001,1719.091448,0.362284344011249,0.22
athlete_001,1720.091448,0.37015237047365274,0.22
athlete_001,1721.091448,0.3780203969360565,0.22
athlete_001,1722.091448,0.3858884233984603,0.22
athlete_001,1723.091448,0.39375644986086406,0.22
athlete_001,1724.091448,0.4016244763232678,0.22
athlete_001,1725.091448,0.4094925027856716,0.22
athlete_001,1726.091448,0.4173605292480753,0.22
athlete_001,1727.091448,0.42522855571047913,0.22
athlete_001,1728.091448,0.4330965821728829,0.22
athlete_001,1729.091448,0.44096460863528664,0.22
athlete_001,1730.091448,0.44883263509769045,0.22
athlete_001,1731.091448,0.4567006615600942,0.22
athlete_001,1732.091448,0.46456868802249796,0.22
athlete_001,1733.091448,0.4724367144849017,0.22
athlete_001,1734.091448,0.48030474094730546,0.22
athlete_001,1735.091448,0.4881727674097093,0.22
athlete_001,1736.091448,0.49604079387211303,0.22
athlete_001,1737.091448,0.5039088203345168,0.22
athlete_001,1738.091448,0.5117768467969206,0.22
athlete_001,1739.091448,0.5196448732593243,0.22
athlete_001,1740.091448,0.5275128997217281,0.22
athlete_001,1741.091448,0.5353809261841319,0.22
athlete_001,1742.091448,0.5432489526465356,0.22
athlete_001,1743.091448,0.5511169791089394,0.22
athlete_001,1744.091448,0.5589850055713432,0.22
athlete_001,1745.091448,0.566853032033747,0.22
athlete_001,1746.091448,0.5747210584961506,0.22
athlete_001,1747.091448,0.5800000000000001,0.22258908495855448
athlete_001,1748.091448,0.5800000000000001,0.23045711142095818
athlete_001,1749.091448,0.5800000000000001,0.238325137883362
athlete_001,1750.091448,0.5800000000000001,0.24619316434576574
athlete_001,1751.091448,0.5800000000000001,0.25406119080816947
athlete_001,1752.091448,0.5800000000000001,0.2619292172705733
athlete_001,1753.091448,0.5800000000000001,0.2697972437329771
athlete_001,1754.091448,0.5800000000000001,0.2776652701953808
athlete_001,1755.091448,0.5800000000000001,0.2855332966577846
athlete_001,1756.091448,0.5800000000000001,0.2934013231201884
athlete_001,1757.091448,0.5800000000000001,0.3012693495825921
athlete_001,1758.091448,0.5800000000000001,0.3091373760449959
athlete_001,1759.091448,0.5800000000000001,0.3170054025073997
athlete_001,1760.091448,0.5800000000000001,0.3248734289698034
athlete_001,1761.091448,0.5800000000000001,0.33274145543220723
athlete_001,1762.013985,0.5800000000000001,0.33999999999999997
athlete_001,1763.013985,0.5800000000000001,0.3420665536976836
athlete_001,1764.013985,0.5800000000000001,0.3441331073953671
athlete_001,1765.013985,0.5800000000000001,0.34619966109305067
athlete_001,1766.013985,0.5800000000000001,0.3482662147907342
athlete_001,1767.013985,0.5800000000000001,0.35033276848841777
athlete_001,1768.013985,0.5800000000000001,0.3523993221861013
athlete_001,1769.013985,0.5800000000000001,0.3544658758837848
athlete_001,1770.013985,0.5800000000000001,0.35653242958146836
athlete_001,1771.013985,0.5800000000000001,0.3585989832791519
athlete_001,1772.013985,0.5800000000000001,0.36066553697683545
athlete_001,1773.013985,0.5800000000000001,0.362732090674519
athlete_001,1774.013985,0.5800000000000001,0.36479864437220255
athlete_001,1775.013985,0.5800000000000001,0.3668651980698861
athlete_001,1776.013985,0.5800000000000001,0.36893175176756965
athlete_001,1777.013985,0.5800000000000001,0.3709983054652532
athlete_001,1778.013985,0.5800000000000001,0.37306485916293675
athlete_001,1779.013985,0.5800000000000001,0.3751314128606203
athlete_001,1780.013985,0.5800000000000001,0.37719796655830384
athlete_001,1781.013985,0.5800000000000001,0.37926452025598734
athlete_001,1782.013985,0.5800000000000001,0.3813310739536709
athlete_001,1783.013985,0.5800000000000001,0.38339762765135443
athlete_001,1784.013985,0.5800000000000001,0.385464181349038
athlete_001,1785.013985,0.5800000000000001,0.38753073504672153
athlete_001,1786.013985,0.5800000000000001,0.3895972887444051
athlete_001,1787.013985,0.5800000000000001,0.3916638424420886
athlete_001,1788.013985,0.5800000000000001,0.3937303961397722
athlete_001,1789.013985,0.5800000000000001,0.3957969498374557
athlete_001,1790.013985,0.5800000000000001,0.3978635035351393
athlete_001,1791.013985,0.5800000000000001,0.3999300572328228
athlete_001,1792.013985,0.5800000000000001,0.40199661093050637
athlete_001,1793.013985,0.5800000000000001,0.4040631646281899
athlete_001,1794.013985,0.5800000000000001,0.4061297183258734
athlete_001,1795.013985,0.5800000000000001,0.40819627202355696
athlete_001,1796.013985,0.5800000000000001,0.4102628257212405
athlete_001,1797.013985,0.5800000000000001,0.41232937941892406
athlete_001,1798.013985,0.5800000000000001,0.4143959331166076
athlete_001,1799.013985,0.5800000000000001,0.41646248681429116
athlete_001,1800.013985,0.5800000000000001,0.4185290405119747
athlete_001,1801.013985,0.5800000000000001,0.42059559420965825
athlete_001,1802.013985,0.5800000000000001,0.4226621479073418
athlete_001,1803.013985,0.5800000000000001,0.42472870160502535
athlete_001,1804.013985,0.5800000000000001,0.4267952553027089
athlete_001,1805.013985,0.5800000000000001,0.4288618090003924
athlete_001,1806.013985,0.5800000000000001,0.430928362698076
athlete_001,1807.013985,0.5800000000000001,0.4329949163957595
athlete_001,1808.013985,0.5800000000000001,0.43506147009344304
athlete_001,1809.013985,0.5800000000000001,0.4371280237911266
athlete_001,1810.013985,0.5800000000000001,0.43919457748881013
athlete_001,1811.013985,0.5800000000000001,0.4412611311864937
athlete_001,1812.013985,0.5800000000000001,0.44332768488417723
athlete_001,1813.013985,0.5800000000000001,0.4453942385818608
athlete_001,1814.013985,0.5800000000000001,0.44746079227954433
athlete_001,1815.013985,0.5800000000000001,0.4495273459772279
athlete_001,1816.013985,0.5800000000000001,0.4515938996749114
athlete_001,1817.013985,0.5800000000000001,0.453660453372595
athlete_001,1818.013985,0.5800000000000001,0.45572700707027847
athlete_001,1819.013985,0.5800000000000001,0.45779356076796207
athlete_001,1820.013985,0.5800000000000001,0.45986011446564556
athlete_001,1821.013985,0.5800000000000001,0.4619266681633291
athlete_001,1822.013985,0.5800000000000001,0.46399322186101266
athlete_001,1823.013985,0.5800000000000001,0.46605977555869627
athlete_001,1824.013985,0.5800000000000001,0.46812632925637976
athlete_001,1825.013985,0.5800000000000001,0.4701928829540633
athlete_001,1826.013985,0.5800000000000001,0.47225943665174686
athlete_001,1827.013985,0.5800000000000001,0.4743259903494304
athlete_001,1828.013985,0.5800000000000001,0.47639254404711395
athlete_001,1829.013985,0.5800000000000001,0.47845909774479745
athlete_001,1830.013985,0.5800000000000001,0.48052565144248105
athlete_001,1831.013985,0.5800000000000001,0.48259220514016454
athlete_001,1832.013985,0.5800000000000001,0.48465875883784815
athlete_001,1833.013985,0.5800000000000001,0.48672531253553164
athlete_001,1834.013985,0.5800000000000001,0.48879186623321524
athlete_001,1835.013985,0.5800000000000001,0.49085841993089874
athlete_001,1836.013985,0.5800000000000001,0.4929249736285823
athlete_001,1837.013985,0.5800000000000001,0.49499152732626583
athlete_001,1838.013985,0.5800000000000001,0.4970580810239494
athlete_001,1839.013985,0.5800000000000001,0.49912463472163293
athlete_001,1840.013985,0.5800000000000001,0.5011911884193165
athlete_001,1841.013985,0.5800000000000001,0.503257742117
athlete_001,1842.013985,0.5800000000000001,0.5053242958146835
athlete_001,1843.013985,0.5800000000000001,0.5073908495123671
athlete_001,1844.013985,0.5800000000000001,0.5094574032100506
athlete_001,1845.013985,0.5800000000000001,0.5115239569077342
athlete_001,1846.013985,0.5800000000000001,0.5135905106054177
athlete_001,1847.013985,0.5800000000000001,0.5156570643031013
athlete_001,1848.013985,0.5800000000000001,0.5177236180007848
athlete_001,1849.013985,0.5800000000000001,0.5197901716984683
athlete_001,1850.013985,0.5800000000000001,0.5218567253961519
athlete_001,1851.013985,0.5800000000000001,0.5239232790938355
athlete_001,1852.013985,0.5800000000000001,0.525989832791519
athlete_001,1853.013985,0.5800000000000001,0.5280563864892025
athlete_001,1854.013985,0.5800000000000001,0.5301229401868861
athlete_001,1855.013985,0.5800000000000001,0.5321894938845696
athlete_001,1856.013985,0.5800000000000001,0.5342560475822532
athlete_001,1857.013985,0.5800000000000001,0.5363226012799367
athlete_001,1858.013985,0.5800000000000001,0.5383891549776203
athlete_001,1859.013985,0.5800000000000001,0.5404557086753039
athlete_001,1860.013985,0.5800000000000001,0.5425222623729873
athlete_001,1861.013985,0.5800000000000001,0.5445888160706709
athlete_001,1862.013985,0.5800000000000001,0.5466553697683545
athlete_001,1863.013985,0.5800000000000001,0.548721923466038
athlete_001,1864.013985,0.5800000000000001,0.5507884771637215
athlete_001,1865.013985,0.5800000000000001,0.5528550308614051
athlete_001,1866.013985,0.5800000000000001,0.5549215845590887
athlete_001,1867.013985,0.5800000000000001,0.5569881382567722
athlete_001,1868.013985,0.5800000000000001,0.5590546919544557
athlete_001,1869.013985,0.5800000000000001,0.5611212456521393
athlete_001,1870.013985,0.5800000000000001,0.5631877993498228
athlete_001,1871.013985,0.5800000000000001,0.5652543530475064
athlete_001,1872.013985,0.5800000000000001,0.5673209067451899
athlete_001,1873.013985,0.5800000000000001,0.5693874604428735
athlete_001,1874.013985,0.5800000000000001,0.571454014140557
athlete_001,1875.013985,0.5800000000000001,0.5735205678382405
athlete_001,1876.013985,0.5800000000000001,0.5755871215359241
athlete_001,1877.013985,0.5800000000000001,0.5776536752336077
athlete_001,1878.013985,0.5800000000000001,0.5797202289312912
athlete_001,1879.013985,0.5800000000000001,0.5817867826289747
athlete_001,1880.013985,0.5800000000000001,0.5838533363266583
athlete_001,1881.013985,0.5800000000000001,0.5859198900243417
athlete_001,1882.013985,0.5800000000000001,0.5879864437220254
athlete_001,1883.013985,0.5800000000000001,0.5900529974197088
athlete_001,1884.013985,0.5800000000000001,0.5921195511173925
athlete_001,1885.013985,0.5800000000000001,0.594186104815076
athlete_001,1886.013985,0.5800000000000001,0.5962526585127595
athlete_001,1887.013985,0.5800000000000001,0.598319212210443
athlete_001,1888.013985,0.5800000000000001,0.6003857659081266
athlete_001,1889.013985,0.5800000000000001,0.6024523196058101
athlete_001,1890.013985,0.5800000000000001,0.6045188733034936
athlete_001,1891.013985,0.5800000000000001,0.6065854270011772
athlete_001,1892.013985,0.5800000000000001,0.6086519806988608
athlete_001,1893.013985,0.5800000000000001,0.6107185343965442
athlete_001,1894.013985,0.5800000000000001,0.6127850880942278
athlete_001,1895.013985,0.5800000000000001,0.6148516417919114
athlete_001,1896.013985,0.5800000000000001,0.6169181954895949
athlete_001,1897.013985,0.5800000000000001,0.6189847491872785
athlete_001,1898.013985,0.5800000000000001,0.621051302884962
athlete_001,1899.013985,0.5800000000000001,0.6231178565826456
athlete_001,1900.013985,0.5800000000000001,0.6251844102803291
athlete_001,1901.013985,0.5800000000000001,0.6272509639780126
athlete_001,1902.013985,0.5800000000000001,0.6293175176756962
athlete_001,1903.013985,0.5800000000000001,0.6313840713733798
athlete_001,1904.013985,0.5800000000000001,0.6334506250710633
athlete_001,1905.013985,0.5800000000000001,0.6355171787687468
athlete_001,1906.013985,0.5800000000000001,0.6375837324664304
athlete_001,1907.013985,0.5800000000000001,0.6396502861641139
athlete_001,1908.013985,0.5800000000000001,0.6417168398617974
athlete_001,1909.013985,0.5800000000000001,0.643783393559481
athlete_001,1910.013985,0.5800000000000001,0.6458499472571646
athlete_001,1911.013985,0.5800000000000001,0.6479165009548481
athlete_001,1912.013985,0.5800000000000001,0.6499830546525317
athlete_001,1913.013985,0.5800000000000001,0.6520496083502152
athlete_001,1914.013985,0.5800000000000001,0.6541161620478988
athlete_001,1915.013985,0.5800000000000001,0.6561827157455823
athlete_001,1916.013985,0.5800000000000001,0.6582492694432658
athlete_001,1917.013985,0.5800000000000001,0.6603158231409494
athlete_001,1918.013985,0.5800000000000001,0.662382376838633
athlete_001,1919.013985,0.5800000000000001,0.6644489305363165
athlete_001,1920.013985,0.5800000000000001,0.666515484234
athlete_001,1921.013985,0.5800000000000001,0.6685820379316836
athlete_001,1922.013985,0.5800000000000001,0.6706485916293671
athlete_001,1923.013985,0.5800000000000001,0.6727151453270506
athlete_001,1924.013985,0.5800000000000001,0.6747816990247342
athlete_001,1925.013985,0.5800000000000001,0.6768482527224178
athlete_001,1926.013985,0.5800000000000001,0.6789148064201013
athlete_001,1927.013985,0.5800000000000001,0.6809813601177848
athlete_001,1928.013985,0.5800000000000001,0.6830479138154684
athlete_001,1929.013985,0.5800000000000001,0.685114467513152
athlete_001,1930.013985,0.5800000000000001,0.6871810212108355
athlete_001,1931.013985,0.5800000000000001,0.689247574908519
athlete_001,1932.013985,0.5800000000000001,0.6913141286062026
athlete_001,1933.013985,0.5800000000000001,0.6933806823038862
athlete_001,1934.013985,0.5800000000000001,0.6954472360015695
athlete_001,1935.013985,0.5800000000000001,0.6975137896992532
athlete_001,1936.013985,0.5800000000000001,0.6995803433969368
athlete_001,1937.013985,0.5800000000000001,0.7016468970946202
athlete_001,1938.013985,0.5800000000000001,0.7037134507923037
athlete_001,1939.013985,0.5800000000000001,0.7057800044899873
athlete_001,1940.013985,0.5800000000000001,0.707846558187671
athlete_001,1941.013985,0.5800000000000001,0.7099131118853544
athlete_001,1942.013985,0.5800000000000001,0.7119796655830379
athlete_001,1943.013985,0.5800000000000001,0.7140462192807215
athlete_001,1944.013985,0.5800000000000001,0.7161127729784051
athlete_001,1945.013985,0.5800000000000001,0.7181793266760886
athlete_001,1945.895004,0.5800000000000001,0.72
athlete_001,1946.895004,0.5800000000000001,0.7115646283434778
athlete_001,1947.895004,0.5800000000000001,0.7031292566869557
athlete_001,1948.895004,0.5800000000000001,0.6946938850304335
athlete_001,1949.895004,0.5800000000000001,0.6862585133739113
athlete_001,1950.895004,0.5800000000000001,0.6778231417173892
athlete_001,1951.895004,0.5800000000000001,0.669387770060867
athlete_001,1952.895004,0.5800000000000001,0.6609523984043448
athlete_001,1953.895004,0.5800000000000001,0.6525170267478226
athlete_001,1954.895004,0.5800000000000001,0.6440816550913006
athlete_001,1955.895004,0.5800000000000001,0.6356462834347784
athlete_001,1956.895004,0.5800000000000001,0.6272109117782562
athlete_001,1957.895004,0.5800000000000001,0.6187755401217341
athlete_001,1958.895004,0.5800000000000001,0.6103401684652119
athlete_001,1959.895004,0.5800000000000001,0.6019047968086897
athlete_001,1960.895004,0.5800000000000001,0.5934694251521675
athlete_001,1961.895004,0.5800000000000001,0.5850340534956454
athlete_001,1962.895004,0.5800000000000001,0.5765986818391232
athlete_001,1963.895004,0.5800000000000001,0.5681633101826011
athlete_001,1964.895004,0.5800000000000001,0.5597279385260789
athlete_001,1965.895004,0.5800000000000001,0.5512925668695567
athlete_001,1966.895004,0.5800000000000001,0.5428571952130345
athlete_001,1967.895004,0.5800000000000001,0.5344218235565125
athlete_001,1968.895004,0.5800000000000001,0.5259864518999903
athlete_001,1969.895004,0.5800000000000001,0.5175510802434681
athlete_001,1970.895004,0.5800000000000001,0.509115708586946
athlete_001,1971.895004,0.5800000000000001,0.5006803369304238
athlete_001,1972.895004,0.5800000000000001,0.4922449652739016
athlete_001,1973.895004,0.5800000000000001,0.48380959361737946
athlete_001,1974.895004,0.5800000000000001,0.4753742219608573
athlete_001,1975.895004,0.5800000000000001,0.46693885030433513
athlete_001,1976.895004,0.5800000000000001,0.458503478647813
athlete_001,1977.895004,0.5800000000000001,0.4500681069912908
athlete_001,1978.895004,0.5800000000000001,0.44163273533476866
athlete_001,1979.895004,0.5800000000000001,0.4331973636782465
athlete_001,1980.895004,0.5800000000000001,0.4247619920217243
athlete_001,1981.895004,0.5800000000000001,0.4163266203652022
athlete_001,1982.895004,0.5800000000000001,0.40789124870868
athlete_001,1983.895004,0.5800000000000001,0.39945587705215785
athlete_001,1984.895004,0.5800000000000001,0.39102050539563565
athlete_001,1985.895004,0.5800000000000001,0.3825851337391135
athlete_001,1986.895004,0.5800000000000001,0.3741497620825913
athlete_001,1987.895004,0.5800000000000001,0.3657143904260692
athlete_001,1988.895004,0.5800000000000001,0.357279018769547
athlete_001,1989.895004,0.5800000000000001,0.3488436471130249
athlete_001,1990.895004,0.5800000000000001,0.3404082754565027
athlete_001,1991.895004,0.5800000000000001,0.33197290379998057
athlete_001,1992.895004,0.5800000000000001,0.3235375321434584
athlete_001,1993.895004,0.5800000000000001,0.31510216048693623
athlete_001,1994.895004,0.5800000000000001,0.30666678883041404
athlete_001,1995.895004,0.5800000000000001,0.2982314171738919
athlete_001,1996.895004,0.5800000000000001,0.2897960455173697
athlete_001,1997.895004,0.5800000000000001,0.28136067386084757
athlete_001,1998.895004,0.5800000000000001,0.27292530220432537
athlete_001,1999.895004,0.5800000000000001,0.2644899305478033
athlete_001,2000.895004,0.5800000000000001,0.2560545588912811
athlete_001,2001.895004,0.5800000000000001,0.24761918723475895
athlete_001,2002.895004,0.5800000000000001,0.23918381557823676
athlete_001,2003.895004,0.5800000000000001,0.23074844392171462
athlete_001,2004.895004,0.5800000000000001,0.22231307226519242
athlete_001,2005.895004,0.5861222993913298,0.22
athlete_001,2006.895004,0.594557671047852,0.22
athlete_001,2007.895004,0.602993042704374,0.22
athlete_001,2008.895004,0.6114284143608962,0.22
athlete_001,2009.895004,0.6198637860174184,0.22
athlete_001,2010.895004,0.6282991576739406,0.22
athlete_001,2011.895004,0.6367345293304627,0.22
athlete_001,2012.895004,0.64,0.2148300990130151
athlete_001,2013.895004,0.64,0.20639472735649303
athlete_001,2014.895004,0.64,0.19795935569997083
athlete_001,2015.895004,0.64,0.18952398404344864
athlete_001,2016.895004,0.64,0.18108861238692645
athlete_001,2017.024057,0.64,0.17999999999999997
athlete_001,2018.024057,0.8005783459707079,0.18
athlete_001,2019.024057,0.92,0.22115669194141557
athlete_001,2020.024057,0.92,0.3817350379121233
athlete_001,2021.024057,0.92,0.5423133838828312
athlete_001,2022.024057,0.92,0.7028917298535389
athlete_001,2023.024057,0.8765299241757533,0.82
athlete_001,2024.024057,0.7159515782050455,0.82
athlete_001,2025.024057,0.5553732322343375,0.82
athlete_001,2026.024057,0.3947948862636298,0.82
athlete_001,2027.024057,0.23421654029292205,0.82
athlete_001,2028.024057,0.08,0.8136381943222143
athlete_001,2029.024057,0.08,0.6530598483515065
athlete_001,2030.024057,0.08,0.4924815023807988
athlete_001,2031.024057,0.08,0.33190315641009105
athlete_001,2032.024057,0.08867518956061719,0.18
athlete_001,2033.024057,0.24925353553132495,0.18
athlete_001,2034.024057,0.4098318815020327,0.18
athlete_001,2035.024057,0.5704102274727404,0.18
athlete_001,2036.024057,0.7309885734434481,0.18
athlete_001,2037.024057,0.8915669194141559,0.18
athlete_001,2038.024057,0.92,0.31214526538486337
athlete_001,2039.024057,0.92,0.4727236113555711
athlete_001,2040.024057,0.92,0.6333019573262788
athlete_001,2041.024057,0.92,0.7938803032969866
athlete_001,2042.024057,0.7855413507323049,0.82
athlete_001,2043.024057,0.6249630047615976,0.82
athlete_001,2044.024057,0.4643846587908894,0.82
athlete_001,2045.024057,0.3038063128201821,0.82
athlete_001,2046.024057,0.14322796684947392,0.82
athlete_001,2047.024057,0.08,0.7226496208787655
athlete_001,2048.024057,0.08,0.5620712749080582
athlete_001,2049.024057,0.08,0.40149292893735006
athlete_001,2050.024057,0.08,0.2409145829666427
athlete_001,2051.024057,0.17966376300406578,0.18
athlete_001,2052.024057,0.3402421089747731,0.18
athlete_001,2053.024057,0.5008204549454812,0.18
athlete_001,2054.024057,0.6613988009161881,0.18
athlete_001,2055.024057,0.8219771468868963,0.18
athlete_001,2056.024057,0.92,0.2425554928576033
athlete_001,2057.024057,0.92,0.4031338388283115
athlete_001,2058.024057,0.92,0.5637121847990187
athlete_001,2059.024057,0.92,0.7242905307697269
athlete_001,2060.024057,0.8551311232595654,0.82
athlete_001,2061.024057,0.6945527772888572,0.82
athlete_001,2062.024057,0.5339744313181499,0.82
athlete_001,2063.024057,0.37339608534744173,0.82
athlete_001,2064.024057,0.21281773937673443,0.82
athlete_001,2065.024057,0.08,0.792239393406026
athlete_001,2066.024057,0.08,0.6316610474353187
athlete_001,2067.024057,0.08,0.4710827014646096
athlete_001,2068.024057,0.08,0.3105043554939023
athlete_001,2069.024057,0.11007399047680437,0.18
athlete_001,2070.024057,0.2706523364475117,0.18
athlete_001,2070.20682,0.30000000000000066,0.18
athlete_001,2071.20682,0.3,0.18974582734895443
athlete_001,2072.20682,0.3,0.1994916546979089
athlete_001,2073.20682,0.3,0.20923748204686332
athlete_001,2074.20682,0.3,0.21898330939581778
athlete_001,2075.20682,0.3087291367447722,0.22
athlete_001,2076.20682,0.31847496409372666,0.22
athlete_001,2077.20682,0.32822079144268107,0.22
athlete_001,2078.20682,0.33796661879163553,0.22
athlete_001,2079.20682,0.34771244614059,0.22
athlete_001,2080.20682,0.3574582734895444,0.22
athlete_001,2081.20682,0.36720410083849886,0.22
athlete_001,2082.20682,0.3769499281874533,0.22
athlete_001,2083.20682,0.3866957555364078,0.22
athlete_001,2084.20682,0.3964415828853622,0.22
athlete_001,2085.20682,0.40618741023431665,0.22
athlete_001,2086.20682,0.41593323758327105,0.22
athlete_001,2087.20682,0.4256790649322255,0.22
athlete_001,2088.20682,0.43542489228118,0.22
athlete_001,2089.20682,0.44517071963013444,0.22
athlete_001,2090.20682,0.45491654697908884,0.22
athlete_001,2091.20682,0.4646623743280433,0.22
athlete_001,2092.20682,0.47440820167699776,0.22
athlete_001,2093.20682,0.48415402902595217,0.22
athlete_001,2094.20682,0.49389985637490663,0.22
athlete_001,2095.20682,0.5036456837238611,0.22
athlete_001,2096.20682,0.5133915110728156,0.22
athlete_001,2097.20682,0.52313733842177,0.22
athlete_001,2098.20682,0.5328831657707244,0.22
athlete_001,2099.20682,0.5426289931196788,0.22
athlete_001,2100.20682,0.5523748204686334,0.22
athlete_001,2101.20682,0.5621206478175877,0.22
athlete_001,2102.20682,0.5718664751665421,0.22
athlete_001,2103.20682,0.5816123025154967,0.22
athlete_001,2104.20682,0.591358129864451,0.22
athlete_001,2105.20682,0.6011039572134056,0.22
athlete_001,2106.20682,0.6108497845623599,0.22
athlete_001,2107.20682,0.6205956119113143,0.22
athlete_001,2108.20682,0.6303414392602689,0.22
athlete_001,2109.20682,0.6400872666092232,0.22
athlete_001,2110.20682,0.6498330939581778,0.22
athlete_001,2111.20682,0.6595789213071321,0.22
athlete_001,2112.20682,0.6599999999999999,0.22932474865608674
athlete_001,2113.20682,0.6599999999999999,0.23907057600504114
athlete_001,2114.20682,0.6599999999999999,0.24881640335399566
athlete_001,2115.20682,0.6599999999999999,0.25856223070295015
athlete_001,2116.20682,0.6599999999999999,0.2683080580519045
athlete_001,2117.20682,0.6599999999999999,0.27805388540085896
athlete_001,2118.20682,0.6599999999999999,0.2877997127498134
athlete_001,2119.20682,0.6599999999999999,0.2975455400987679
athlete_001,2120.20682,0.6599999999999999,0.30729136744772234
athlete_001,2121.20682,0.6599999999999999,0.3170371947966768
athlete_001,2122.20682,0.6599999999999999,0.32678302214563115
athlete_001,2123.20682,0.6599999999999999,0.3365288494945856
athlete_001,2123.562988,0.6599999999999999,0.33999999999999997
athlete_001,2124.562988,0.6599999999999999,0.34221380612926994
athlete_001,2125.562988,0.6599999999999999,0.3444276122585398
athlete_001,2126.562988,0.6599999999999999,0.3466414183878097
athlete_001,2127.562988,0.6599999999999999,0.34885522451707957
athlete_001,2128.562988,0.6599999999999999,0.3510690306463495
athlete_001,2129.562988,0.6599999999999999,0.35328283677561934
athlete_001,2130.562988,0.6599999999999999,0.35549664290488925
athlete_001,2131.562988,0.6599999999999999,0.35771044903415916
athlete_001,2132.562988,0.6599999999999999,0.359924255163429
athlete_001,2133.562988,0.6599999999999999,0.36213806129269893
athlete_001,2134.562988,0.6599999999999999,0.3643518674219688
athlete_001,2135.562988,0.6599999999999999,0.3665656735512387
athlete_001,2136.562988,0.6599999999999999,0.36877947968050856
athlete_001,2137.562988,0.6599999999999999,0.3709932858097785
athlete_001,2138.562988,0.6599999999999999,0.3732070919390484
athlete_001,2139.562988,0.6599999999999999,0.37542089806831824
athlete_001,2140.562988,0.6599999999999999,0.37763470419758816
athlete_001,2141.562988,0.6599999999999999,0.379848510326858
athlete_001,2142.562988,0.6599999999999999,0.3820623164561279
athlete_001,2143.562988,0.6599999999999999,0.3842761225853978
athlete_001,2144.562988,0.6599999999999999,0.3864899287146677
athlete_001,2145.562988,0.6599999999999999,0.3887037348439376
athlete_001,2146.562988,0.6599999999999999,0.39091754097320747
athlete_001,2147.562988,0.6599999999999999,0.3931313471024774
athlete_001,2148.562988,0.6599999999999999,0.39534515323174724
athlete_001,2149.562988,0.6599999999999999,0.39755895936101715
athlete_001,2150.562988,0.6599999999999999,0.39977276549028706
athlete_001,2151.562988,0.6599999999999999,0.4019865716195569
athlete_001,2152.562988,0.6599999999999999,0.4042003777488268
athlete_001,2153.562988,0.6599999999999999,0.4064141838780967
athlete_001,2154.562988,0.6599999999999999,0.4086279900073666
athlete_001,2155.562988,0.6599999999999999,0.4108417961366365
athlete_001,2156.562988,0.6599999999999999,0.4130556022659064
athlete_001,2157.562988,0.6599999999999999,0.41526940839517623
athlete_001,2158.562988,0.6599999999999999,0.41748321452444614
athlete_001,2159.562988,0.6599999999999999,0.41969702065371606
athlete_001,2160.562988,0.6599999999999999,0.4219108267829859
athlete_001,2161.562988,0.6599999999999999,0.42412463291225583
athlete_001,2162.562988,0.6599999999999999,0.4263384390415257
athlete_001,2163.562988,0.6599999999999999,0.4285522451707956
athlete_001,2164.562988,0.6599999999999999,0.4307660513000655
athlete_001,2165.562988,0.6599999999999999,0.43297985742933537
athlete_001,2166.562988,0.6599999999999999,0.4351936635586053
athlete_001,2167.562988,0.6599999999999999,0.43740746968787514
athlete_001,2168.562988,0.6599999999999999,0.43962127581714505
athlete_001,2169.562988,0.6599999999999999,0.44183508194641496
athlete_001,2170.562988,0.6599999999999999,0.4440488880756848
athlete_001,2171.562988,0.6599999999999999,0.44626269420495474
athlete_001,2172.562988,0.6599999999999999,0.4484765003342246
athlete_001,2173.562988,0.6599999999999999,0.4506903064634945
athlete_001,2174.562988,0.6599999999999999,0.45290411259276436
athlete_001,2175.562988,0.6599999999999999,0.4551179187220343
athlete_001,2176.562988,0.6599999999999999,0.45733172485130413
athlete_001,2177.562988,0.6599999999999999,0.45954553098057405
athlete_001,2178.562988,0.6599999999999999,0.46175933710984396
athlete_001,2179.562988,0.6599999999999999,0.4639731432391138
athlete_001,2180.562988,0.6599999999999999,0.46618694936838373
athlete_001,2181.562988,0.6599999999999999,0.4684007554976536
athlete_001,2182.562988,0.6599999999999999,0.4706145616269235
athlete_001,2183.562988,0.6599999999999999,0.4728283677561934
athlete_001,2184.562988,0.6599999999999999,0.47504217388546327
athlete_001,2185.562988,0.6599999999999999,0.4772559800147331
athlete_001,2186.562988,0.6599999999999999,0.47946978614400304
athlete_001,2187.562988,0.6599999999999999,0.48168359227327295
athlete_001,2188.562988,0.6599999999999999,0.48389739840254287
athlete_001,2189.562988,0.6599999999999999,0.4861112045318127
athlete_001,2190.562988,0.6599999999999999,0.4883250106610826
athlete_001,2191.562988,0.6599999999999999,0.4905388167903525
athlete_001,2192.562988,0.6599999999999999,0.4927526229196224
athlete_001,2193.562988,0.6599999999999999,0.49496642904889226
athlete_001,2194.562988,0.6599999999999999,0.4971802351781622
athlete_001,2195.562988,0.6599999999999999,0.49939404130743204
athlete_001,2196.562988,0.6599999999999999,0.501607847436702
athlete_001,2197.562988,0.6599999999999999,0.5038216535659719
athlete_001,2198.562988,0.6599999999999999,0.5060354596952417
athlete_001,2199.562988,0.6599999999999999,0.5082492658245116
athlete_001,2200.562988,0.6599999999999999,0.5104630719537815
athlete_001,2201.562988,0.6599999999999999,0.5126768780830514
athlete_001,2202.562988,0.6599999999999999,0.5148906842123213
athlete_001,2203.562988,0.6599999999999999,0.5171044903415911
athlete_001,2204.562988,0.6599999999999999,0.519318296470861
athlete_001,2205.562988,0.6599999999999999,0.5215321026001309
athlete_001,2206.562988,0.6599999999999999,0.5237459087294009
athlete_001,2207.562988,0.6599999999999999,0.5259597148586708
athlete_001,2208.562988,0.6599999999999999,0.5281735209879406
athlete_001,2209.562988,0.6599999999999999,0.5303873271172105
athlete_001,2210.562988,0.6599999999999999,0.5326011332464804
athlete_001,2211.562988,0.6599999999999999,0.5348149393757502
athlete_001,2212.562988,0.6599999999999999,0.5370287455050202
athlete_001,2213.562988,0.6599999999999999,0.53924255163429
athlete_001,2214.562988,0.6599999999999999,0.5414563577635599
athlete_001,2215.562988,0.6599999999999999,0.5436701638928298
athlete_001,2216.562988,0.6599999999999999,0.5458839700220998
athlete_001,2217.562988,0.6599999999999999,0.5480977761513697
athlete_001,2218.562988,0.6599999999999999,0.5503115822806395
athlete_001,2219.562988,0.6599999999999999,0.5525253884099094
athlete_001,2220.562988,0.6599999999999999,0.5547391945391793
athlete_001,2221.562988,0.6599999999999999,0.5569530006684491
athlete_001,2222.562988,0.6599999999999999,0.5591668067977191
athlete_001,2223.562988,0.6599999999999999,0.5613806129269889
athlete_001,2224.562988,0.6599999999999999,0.5635944190562588
athlete_001,2225.562988,0.6599999999999999,0.5658082251855288
athlete_001,2226.562988,0.6599999999999999,0.5680220313147987
athlete_001,2227.562988,0.6599999999999999,0.5702358374440685
athlete_001,2228.562988,0.6599999999999999,0.5724496435733384
athlete_001,2229.562988,0.6599999999999999,0.5746634497026083
athlete_001,2230.562988,0.6599999999999999,0.5768772558318782
athlete_001,2231.562988,0.6599999999999999,0.579091061961148
athlete_001,2232.562988,0.6599999999999999,0.5813048680904179
athlete_001,2233.562988,0.6599999999999999,0.5835186742196878
athlete_001,2234.562988,0.6599999999999999,0.5857324803489578
athlete_001,2235.562988,0.6599999999999999,0.5879462864782277
athlete_001,2236.562988,0.6599999999999999,0.5901600926074975
athlete_001,2237.562988,0.6599999999999999,0.5923738987367675
athlete_001,2238.562988,0.6599999999999999,0.5945877048660373
athlete_001,2239.562988,0.6599999999999999,0.5968015109953071
athlete_001,2240.562988,0.6599999999999999,0.5990153171245771
athlete_001,2241.562988,0.6599999999999999,0.6012291232538469
athlete_001,2242.562988,0.6599999999999999,0.6034429293831168
athlete_001,2243.562988,0.6599999999999999,0.6056567355123867
athlete_001,2244.562988,0.6599999999999999,0.6078705416416567
athlete_001,2245.562988,0.6599999999999999,0.6100843477709266
athlete_001,2246.562988,0.6599999999999999,0.6122981539001964
athlete_001,2247.562988,0.6599999999999999,0.6145119600294663
athlete_001,2248.562988,0.6599999999999999,0.6167257661587362
athlete_001,2249.562988,0.6599999999999999,0.618939572288006
athlete_001,2250.562988,0.6599999999999999,0.621153378417276
athlete_001,2251.562988,0.6599999999999999,0.6233671845465458
athlete_001,2252.562988,0.6599999999999999,0.6255809906758157
athlete_001,2253.562988,0.6599999999999999,0.6277947968050857
athlete_001,2254.562988,0.6599999999999999,0.6300086029343555
athlete_001,2255.562988,0.6599999999999999,0.6322224090636255
athlete_001,2256.562988,0.6599999999999999,0.6344362151928953
athlete_001,2257.562988,0.6599999999999999,0.6366500213221652
athlete_001,2258.562988,0.6599999999999999,0.6388638274514351
athlete_001,2259.562988,0.6599999999999999,0.6410776335807049
athlete_001,2260.562988,0.6599999999999999,0.6432914397099749
athlete_001,2261.562988,0.6599999999999999,0.6455052458392447
athlete_001,2262.562988,0.6599999999999999,0.6477190519685146
athlete_001,2263.562988,0.6599999999999999,0.6499328580977846
athlete_001,2264.562988,0.6599999999999999,0.6521466642270544
athlete_001,2265.562988,0.6599999999999999,0.6543604703563244
athlete_001,2266.562988,0.6599999999999999,0.6565742764855942
athlete_001,2267.562988,0.6599999999999999,0.6587880826148641
athlete_001,2268.562988,0.6599999999999999,0.661001888744134
athlete_001,2269.562988,0.6599999999999999,0.6632156948734038
athlete_001,2270.562988,0.6599999999999999,0.6654295010026737
athlete_001,2271.562988,0.6599999999999999,0.6676433071319436
athlete_001,2272.562988,0.6599999999999999,0.6698571132612136
athlete_001,2273.562988,0.6599999999999999,0.6720709193904835
athlete_001,2274.562988,0.6599999999999999,0.6742847255197533
athlete_001,2275.562988,0.6599999999999999,0.6764985316490232
athlete_001,2276.562988,0.6599999999999999,0.6787123377782931
athlete_001,2277.562988,0.6599999999999999,0.6809261439075629
athlete_001,2278.562988,0.6599999999999999,0.6831399500368329
athlete_001,2279.562988,0.6599999999999999,0.6853537561661027
athlete_001,2280.562988,0.6599999999999999,0.6875675622953726
athlete_001,2281.562988,0.6599999999999999,0.6897813684246425
athlete_001,2282.562988,0.6599999999999999,0.6919951745539124
athlete_001,2283.562988,0.6599999999999999,0.6942089806831824
athlete_001,2284.562988,0.6599999999999999,0.6964227868124522
athlete_001,2285.562988,0.6599999999999999,0.6986365929417221
athlete_001,2286.562988,0.6599999999999999,0.700850399070992
athlete_001,2287.562988,0.6599999999999999,0.7030642052002618
athlete_001,2288.562988,0.6599999999999999,0.7052780113295318
athlete_001,2289.562988,0.6599999999999999,0.7074918174588016
athlete_001,2290.562988,0.6599999999999999,0.7097056235880715
athlete_001,2291.562988,0.6599999999999999,0.7119194297173415
athlete_001,2292.562988,0.6599999999999999,0.7141332358466113
athlete_001,2293.562988,0.6599999999999999,0.7163470419758813
athlete_001,2294.562988,0.6599999999999999,0.7185608481051511
athlete_001,2295.213068,0.6599999999999999,0.72
athlete_001,2296.213068,0.6599999999999999,0.7133534176745632
athlete_001,2297.213068,0.6599999999999999,0.7067068353491265
athlete_001,2298.213068,0.6599999999999999,0.7000602530236897
athlete_001,2299.213068,0.6599999999999999,0.6934136706982529
athlete_001,2300.213068,0.6599999999999999,0.6867670883728162
athlete_001,2301.213068,0.6599999999999999,0.6801205060473794
athlete_001,2302.213068,0.6599999999999999,0.6734739237219426
athlete_001,2303.213068,0.6599999999999999,0.6668273413965059
athlete_001,2304.213068,0.6599999999999999,0.6601807590710691
athlete_001,2305.213068,0.6599999999999999,0.6535341767456323
athlete_001,2306.213068,0.6599999999999999,0.6468875944201956
athlete_001,2307.213068,0.6599999999999999,0.6402410120947588
athlete_001,2308.213068,0.6599999999999999,0.633594429769322
athlete_001,2309.213068,0.6599999999999999,0.6269478474438853
athlete_001,2310.213068,0.6599999999999999,0.6203012651184485
athlete_001,2311.213068,0.6599999999999999,0.6136546827930117
athlete_001,2312.213068,0.6599999999999999,0.607008100467575
athlete_001,2313.213068,0.6599999999999999,0.6003615181421382
athlete_001,2314.213068,0.6599999999999999,0.5937149358167014
athlete_001,2315.213068,0.6599999999999999,0.5870683534912646
athlete_001,2316.213068,0.6599999999999999,0.5804217711658279
athlete_001,2317.213068,0.6599999999999999,0.5737751888403911
athlete_001,2318.213068,0.6599999999999999,0.5671286065149543
athlete_001,2319.213068,0.6599999999999999,0.5604820241895176
athlete_001,2320.213068,0.6599999999999999,0.5538354418640808
athlete_001,2321.213068,0.6599999999999999,0.5471888595386442
athlete_001,2322.213068,0.6599999999999999,0.5405422772132074
athlete_001,2323.213068,0.6599999999999999,0.5338956948877706
athlete_001,2324.213068,0.6599999999999999,0.5272491125623338
athlete_001,2325.213068,0.6599999999999999,0.5206025302368971
athlete_001,2326.213068,0.6599999999999999,0.5139559479114603
athlete_001,2327.213068,0.6599999999999999,0.5073093655860235
athlete_001,2328.213068,0.6599999999999999,0.5006627832605868
athlete_001,2329.213068,0.6599999999999999,0.49401620093515
athlete_001,2330.213068,0.6599999999999999,0.48736961860971323
athlete_001,2331.213068,0.6599999999999999,0.4807230362842765
athlete_001,2332.213068,0.6599999999999999,0.4740764539588397
athlete_001,2333.213068,0.6599999999999999,0.46742987163340294
athlete_001,2334.213068,0.6599999999999999,0.4607832893079662
athlete_001,2335.213068,0.6599999999999999,0.4541367069825294
athlete_001,2336.213068,0.6599999999999999,0.44749012465709265
athlete_001,2337.213068,0.6599999999999999,0.44084354233165585
athlete_001,2338.213068,0.6599999999999999,0.4341969600062191
athlete_001,2339.213068,0.6599999999999999,0.42755037768078236
athlete_001,2340.213068,0.6599999999999999,0.4209037953553456
athlete_001,2341.213068,0.6599999999999999,0.4142572130299088
athlete_001,2342.213068,0.6599999999999999,0.40761063070447207
athlete_001,2343.213068,0.6599999999999999,0.4009640483790353
athlete_001,2344.213068,0.6599999999999999,0.3943174660535986
athlete_001,2345.213068,0.6599999999999999,0.3876708837281618
athlete_001,2346.213068,0.6599999999999999,0.38102430140272503
athlete_001,2347.213068,0.6599999999999999,0.3743777190772883
athlete_001,2348.213068,0.6599999999999999,0.3677311367518515
athlete_001,2349.213068,0.6599999999999999,0.3610845544264147
athlete_001,2350.213068,0.6599999999999999,0.35443797210097794
athlete_001,2351.213068,0.6599999999999999,0.3477913897755412
athlete_001,2352.213068,0.6599999999999999,0.3411448074501044
athlete_001,2353.213068,0.6599999999999999,0.33449822512466765
athlete_001,2354.213068,0.6599999999999999,0.3278516427992309
athlete_001,2355.213068,0.6599999999999999,0.3212050604737941
athlete_001,2356.213068,0.6599999999999999,0.31455847814835736
athlete_001,2357.213068,0.6599999999999999,0.3079118958229206
athlete_001,2358.213068,0.6599999999999999,0.30126531349748387
athlete_001,2359.213068,0.6599999999999999,0.29461873117204707
athlete_001,2360.213068,0.6599999999999999,0.2879721488466103
athlete_001,2361.213068,0.6599999999999999,0.2813255665211736
athlete_001,2362.213068,0.6599999999999999,0.27467898419573683
athlete_001,2363.213068,0.6599999999999999,0.26803240187030003
athlete_001,2364.213068,0.6599999999999999,0.26138581954486323
athlete_001,2365.213068,0.6599999999999999,0.2547392372194265
athlete_001,2366.213068,0.6599999999999999,0.24809265489398968
athlete_001,2367.213068,0.6599999999999999,0.24144607256855294
athlete_001,2368.213068,0.6599999999999999,0.2347994902431162
athlete_001,2369.213068,0.6599999999999999,0.22815290791767945
athlete_001,2370.213068,0.6599999999999999,0.22150632559224265
athlete_001,2371.213068,0.6548597432668058,0.22
athlete_001,2372.213068,0.648213160941369,0.22
athlete_001,2373.213068,0.6415665786159324,0.22
athlete_001,2374.213068,0.64,0.21491999629049555
athlete_001,2375.213068,0.64,0.20827341396505875
athlete_001,2376.213068,0.64,0.20162683163962206
athlete_001,2377.213068,0.64,0.19498024931418526
athlete_001,2378.213068,0.64,0.18833366698874857
athlete_001,2379.213068,0.64,0.18168708466331165
athlete_001,2379.466895,0.64,0.17999999999999997
athlete_001,2380.466895,0.7412063308878041,0.18
athlete_001,2381.466895,0.8424126617756081,0.18
athlete_001,2382.466895,0.92,0.20361899266341216
athlete_001,2383.466895,0.92,0.3048253235512163
athlete_001,2384.466895,0.92,0.4060316544390204
athlete_001,2385.466895,0.92,0.5072379853268243
athlete_001,2386.466895,0.92,0.6084443162146285
athlete_001,2387.466895,0.92,0.7096506471024326
athlete_001,2388.466895,0.92,0.8108569779902366
athlete_001,2389.466895,0.8279366911219591,0.82
athlete_001,2390.466895,0.7267303602341552,0.82
athlete_001,2391.466895,0.6255240293463512,0.82
athlete_001,2392.466895,0.524317698458547,0.82
athlete_001,2393.466895,0.42311136757074286,0.82
athlete_001,2394.466895,0.3219050366829389,0.82
athlete_001,2395.466895,0.22069870579513473,0.82
athlete_001,2396.466895,0.11949237490733078,0.82
athlete_001,2397.466895,0.08,0.7582860440195266
athlete_001,2398.466895,0.08,0.6570797131317226
athlete_001,2399.466895,0.08,0.5558733822439182
athlete_001,2400.466895,0.08,0.4546670513561145
athlete_001,2401.466895,0.08,0.35346072046831034
athlete_001,2402.466895,0.08,0.2522543895805066
athlete_001,2403.466895,0.10895194130729761,0.18
athlete_001,2404.466895,0.2101582721951018,0.18
athlete_001,2405.466895,0.311364603082906,0.18
athlete_001,2406.466895,0.4125709339707097,0.18
athlete_001,2407.466895,0.5137772648585143,0.18
athlete_001,2408.466895,0.6149835957463184,0.18
athlete_001,2409.466895,0.7161899266341222,0.18
athlete_001,2410.466895,0.8173962575219264,0.18
athlete_001,2411.466895,0.9186025884097305,0.18
athlete_001,2412.466895,0.92,0.27980891929753443
athlete_001,2413.466895,0.92,0.38101525018533816
athlete_001,2414.466895,0.92,0.48222158107314234
athlete_001,2415.466895,0.92,0.5834279119609465
athlete_001,2416.466895,0.92,0.6846342428487502
athlete_001,2417.466895,0.92,0.7858405737365544
athlete_001,2418.466895,0.8529530953756411,0.82
athlete_001,2419.466895,0.7517467644878365,0.82
athlete_001,2420.466895,0.6505404336000328,0.82
athlete_001,2421.466895,0.549334102712229,0.82
athlete_001,2422.466895,0.4481277718244245,0.82
athlete_001,2423.466895,0.3469214409366207,0.82
athlete_001,2424.466895,0.24571511004881608,0.82
athlete_001,2425.466895,0.14450877916101323,0.82
athlete_001,2426.466895,0.08,0.7833024482732084
athlete_001,2427.466895,0.08,0.6820961173854047
athlete_001,2428.466895,0.08,0.5808897864976
athlete_001,2429.466895,0.08,0.4796834556097963
athlete_001,2430.466895,0.08,0.37847712472199174
athlete_001,2431.466895,0.08,0.27727079383418796
athlete_001,2432.466895,0.08393553705361605,0.18
athlete_001,2433.466895,0.1851418679414198,0.18
athlete_001,2434.466895,0.2863481988292244,0.18
athlete_001,2435.466895,0.38755452971702903,0.18
athlete_001,2436.466895,0.4887608606048328,0.18
athlete_001,2437.466895,0.5899671914926373,0.18
athlete_001,2438.466895,0.6911735223804406,0.18
athlete_001,2439.466895,0.7923798532682443,0.18
athlete_001,2440.466895,0.8935861841560481,0.18
athlete_001,2441.466895,0.92,0.2547925150438524
athlete_001,2442.466895,0.92,0.35599884593165615
athlete_001,2443.466895,0.92,0.45720517681946077
athlete_001,2444.466895,0.92,0.5584115077072644
athlete_001,2445.466895,0.92,0.6596178385950692
athlete_001,2446.466895,0.92,0.7608241694828719
athlete_001,2447.466895,0.8779694996293231,0.82
athlete_001,2448.466895,0.7767631687415194,0.82
athlete_001,2449.466895,0.6755568378537148,0.82
athlete_001,2450.466895,0.5743505069659111,0.82
athlete_001,2451.466895,0.47314417607810644,0.82
athlete_001,2452.466895,0.3719378451903018,0.82
athlete_001,2453.466895,0.270731514302499,0.82
athlete_001,2454.466895,0.16952518341469436,0.82
athlete_001,2455.466895,0.08,0.8083188525268904
athlete_001,2456.466895,0.08,0.7071125216390858
athlete_001,2457.466895,0.08,0.605906190751282
athlete_001,2458.466895,0.08,0.5046998598634774
athlete_001,2459.466895,0.08,0.4034935289756728
athlete_001,2460.466895,0.08,0.30228719808787086
athlete_001,2461.466895,0.08,0.20108086720006535
athlete_001,2462.466895,0.16012546368773778,0.18
athlete_001,2463.466895,0.2613317945755415,0.18
athlete_001,2463.848968,0.30000000000000066,0.18
athlete_001,2464.848968,0.3,0.18740723120480038
athlete_001,2465.848968,0.3,0.19481446240960074
athlete_001,2466.848968,0.3,0.20222169361440112
athlete_001,2467.848968,0.3,0.2096289248192015
athlete_001,2468.848968,0.3,0.2170361560240019
athlete_001,2469.848968,0.30444338722880226,0.22
athlete_001,2470.848968,0.3118506184336026,0.22
athlete_001,2471.848968,0.319257849638403,0.22
athlete_001,2472.848968,0.3266650808432034,0.22
athlete_001,2473.848968,0.33407231204800375,0.22
athlete_001,2474.848968,0.34147954325280416,0.22
athlete_001,2475.848968,0.3488867744576045,0.22
athlete_001,2476.848968,0.3562940056624049,0.22
athlete_001,2477.848968,0.3637012368672053,0.22
athlete_001,2478.848968,0.37110846807200565,0.22
athlete_001,2479.848968,0.378515699276806,0.22
athlete_001,2480.848968,0.3859229304816064,0.22
athlete_001,2481.848968,0.3933301616864068,0.22
athlete_001,2482.848968,0.40073739289120713,0.22
athlete_001,2483.848968,0.40814462409600755,0.22
athlete_001,2484.848968,0.4155518553008079,0.22
athlete_001,2485.848968,0.42295908650560826,0.22
athlete_001,2486.848968,0.4303663177104087,0.22
athlete_001,2487.848968,0.43777354891520903,0.22
athlete_001,2488.848968,0.4451807801200094,0.22
athlete_001,2489.848968,0.45258801132480986,0.22
athlete_001,2490.848968,0.4599952425296102,0.22
athlete_001,2491.848968,0.4674024737344106,0.22
athlete_001,2492.848968,0.47480970493921093,0.22
athlete_001,2493.848968,0.48221693614401134,0.22
athlete_001,2494.848968,0.4896241673488117,0.22
athlete_001,2495.848968,0.49703139855361206,0.22
athlete_001,2496.848968,0.5044386297584125,0.22
athlete_001,2497.848968,0.5118458609632128,0.22
athlete_001,2498.848968,0.5192530921680132,0.22
athlete_001,2499.848968,0.5266603233728137,0.22
athlete_001,2500.848968,0.534067554577614,0.22
athlete_001,2501.848968,0.5414747857824144,0.22
athlete_001,2502.848968,0.5488820169872147,0.22
athlete_001,2503.848968,0.5562892481920152,0.22
athlete_001,2504.848968,0.5636964793968156,0.22
athlete_001,2505.848968,0.5711037106016159,0.22
athlete_001,2506.848968,0.5785109418064163,0.22
athlete_001,2507.848968,0.5859181730112166,0.22
athlete_001,2508.848968,0.593325404216017,0.22
athlete_001,2509.848968,0.6007326354208173,0.22
athlete_001,2510.848968,0.6081398666256177,0.22
athlete_001,2511.848968,0.615547097830418,0.22
athlete_001,2512.848968,0.6229543290352186,0.22
athlete_001,2513.848968,0.6303615602400188,0.22
athlete_001,2514.848968,0.6377687914448193,0.22
athlete_001,2515.848968,0.6451760226496197,0.22
athlete_001,2516.848968,0.6525832538544201,0.22
athlete_001,2517.848968,0.6599904850592204,0.22
athlete_001,2518.848968,0.6673977162640208,0.22
athlete_001,2519.848968,0.6748049474688211,0.22
athlete_001,2520.848968,0.6822121786736215,0.22
athlete_001,2521.848968,0.6896194098784219,0.22
athlete_001,2522.848968,0.6970266410832222,0.22
athlete_001,2523.848968,0.7044338722880228,0.22
athlete_001,2524.848968,0.7118411034928229,0.22
athlete_001,2525.848968,0.7192483346976235,0.22
athlete_001,2526.848968,0.7266555659024239,0.22
athlete_001,2527.848968,0.7340627971072242,0.22
athlete_001,2528.848968,0.74,0.22147002831202459
athlete_001,2529.848968,0.74,0.228877259516825
athlete_001,2530.848968,0.74,0.2362844907216253
athlete_001,2531.848968,0.74,0.24369172192642577
athlete_001,2532.848968,0.74,0.2510989531312261
athlete_001,2533.848968,0.74,0.25850618433602646
athlete_001,2534.848968,0.74,0.2659134155408268
athlete_001,2535.848968,0.74,0.2733206467456273
athlete_001,2536.848968,0.74,0.28072787795042753
athlete_001,2537.848968,0.74,0.288135109155228
athlete_001,2538.848968,0.74,0.29554234036002835
athlete_001,2539.848968,0.74,0.3029495715648287
athlete_001,2540.848968,0.74,0.31035680276962907
athlete_001,2541.848968,0.74,0.3177640339744294
athlete_001,2542.848968,0.74,0.3251712651792299
athlete_001,2543.848968,0.74,0.33257849638403025
athlete_001,2544.848968,0.74,0.3399857275888306
athlete_001,2544.850895,0.74,0.33999999999999997
athlete_001,2545.850895,0.7442525071564546,0.53
athlete_001,2546.850895,0.7485050143129094,0.53
athlete_001,2547.850895,0.752757521469364,0.53
athlete_001,2548.850895,0.7570100286258187,0.53
athlete_001,2549.850895,0.7612625357822734,0.53
athlete_001,2550.850895,0.7655150429387281,0.53
athlete_001,2551.850895,0.7697675500951827,0.53
athlete_001,2552.850895,0.7740200572516374,0.53
athlete_001,2553.850895,0.7782725644080921,0.53
athlete_001,2554.850895,0.7825250715645468,0.53
athlete_001,2555.850895,0.7867775787210014,0.53
athlete_001,2556.850895,0.7910300858774562,0.53
athlete_001,2557.850895,0.7952825930339108,0.53
athlete_001,2558.850895,0.7995351001903654,0.53
athlete_001,2559.850895,0.8037876073468202,0.53
athlete_001,2560.850895,0.8080401145032748,0.53
athlete_001,2561.850895,0.8122926216597295,0.53
athlete_001,2562.850895,0.8165451288161842,0.53
athlete_001,2563.850895,0.8207976359726389,0.53
athlete_001,2564.850895,0.8250501431290935,0.53
athlete_001,2565.850895,0.8293026502855482,0.53
athlete_001,2566.850895,0.8335551574420029,0.53
athlete_001,2567.850895,0.8378076645984576,0.53
athlete_001,2568.850895,0.8420601717549122,0.53
athlete_001,2569.850895,0.846312678911367,0.53
athlete_001,2570.850895,0.8505651860678216,0.53
athlete_001,2571.850895,0.8548176932242763,0.53
athlete_001,2572.850895,0.8590702003807309,0.53
athlete_001,2573.850895,0.8633227075371857,0.53
athlete_001,2574.850895,0.8675752146936403,0.53
athlete_001,2575.850895,0.8718277218500949,0.53
athlete_001,2576.850895,0.8760802290065497,0.53
athlete_001,2577.850895,0.8803327361630043,0.53
athlete_001,2578.850895,0.884585243319459,0.53
athlete_001,2579.850895,0.8888377504759137,0.53
athlete_001,2580.850895,0.8930902576323684,0.53
athlete_001,2581.850895,0.897342764788823,0.53
athlete_001,2582.850895,0.9015952719452778,0.53
athlete_001,2583.850895,0.9058477791017324,0.53
athlete_001,2584.850895,0.9101002862581871,0.53
athlete_001,2585.850895,0.9143527934146418,0.53
athlete_001,2586.850895,0.9186053005710965,0.53
athlete_001,2587.178866,0.92,0.53
athlete_002,0.0,-0.08,0.18
athlete_002,1.0,0.42736403411903573,0.18
athlete_002,2.0,0.92,0.19472806823807148
athlete_002,3.0,0.92,0.7020921023571072
athlete_002,4.0,0.530543863523857,0.82
athlete_002,5.0,0.08,0.763179829404821
athlete_002,6.0,0.08,0.25581579528578546
athlete_002,7.0,0.5115482388332503,0.18
athlete_002,8.0,0.92,0.278912272952286
athlete_002,9.0,0.92,0.7862763070713215
athlete_002,10.0,0.4463596588096418,0.82
athlete_002,11.0,0.08,0.678995624690606
athlete_002,12.0,0.08836840942842976,0.18
athlete_002,13.0,0.5957324435474661,0.18
athlete_002,14.0,0.92,0.3630964776665018
athlete_002,15.0,0.8695394882144624,0.82
athlete_002,16.0,0.36217545409542684,0.82
athlete_002,17.0,0.08,0.5948114199763911
athlete_002,18.0,0.17255261414264383,0.18
athlete_002,18.251195,0.30000000000000066,0.18
athlete_002,19.251195,0.3,0.18300490727859103
athlete_002,20.251195,0.3,0.1860098145571821
athlete_002,21.251195,0.3,0.18901472183577317
athlete_002,22.251195,0.3,0.1920196291143642
athlete_002,23.251195,0.3,0.19502453639295525
athlete_002,24.251195,0.3,0.19802944367154632
athlete_002,25.251195,0.3,0.20103435095013739
athlete_002,26.251195,0.3,0.20403925822872843
athlete_002,27.251195,0.3,0.20704416550731947
athlete_002,28.251195,0.3,0.21004907278591053
athlete_002,29.251195,0.3,0.2130539800645016
athlete_002,30.251195,0.3,0.21605888734309264
athlete_002,31.251195,0.3,0.21906379462168368
athlete_002,32.251195,0.29793129809972524,0.22
athlete_002,33.251195,0.2949263908211342,0.22
athlete_002,34.251195,0.2919214835425431,0.22
athlete_002,35.251195,0.28891657626395206,0.22
athlete_002,36.251195,0.285911668985361,0.22
athlete_002,37.251195,0.28290676170677,0.22
athlete_002,38.251195,0.27990185442817894,0.22
athlete_002,39.251195,0.27689694714958785,0.22
athlete_002,40.251195,0.2738920398709968,0.22
athlete_002,41.251195,0.27088713259240577,0.22
athlete_002,42.251195,0.26788222531381467,0.22
athlete_002,43.251195,0.26487731803522363,0.22
athlete_002,44.251195,0.2618724107566326,0.22
athlete_002,45.251195,0.25886750347804155,0.22
athlete_002,46.251195,0.25586259619945045,0.22
athlete_002,47.251195,0.2528576889208594,0.22
athlete_002,48.251195,0.24985278164226837,0.22
athlete_002,49.251195,0.2468478743636773,0.22
athlete_002,50.251195,0.24384296708508627,0.22
athlete_002,51.251195,0.2408380598064952,0.22
athlete_002,52.251195,0.23783315252790416,0.22
athlete_002,53.251195,0.23482824524931312,0.22
athlete_002,54.251195,0.23182333797072205,0.22
athlete_002,55.251195,0.22881843069213098,0.22
athlete_002,56.251195,0.22581352341353994,0.22
athlete_002,57.251195,0.2228086161349489,0.22
athlete_002,58.251195,0.21980370885635783,0.22
athlete_002,59.251195,0.21679880157776676,0.22
athlete_002,60.251195,0.21379389429917572,0.22
athlete_002,61.251195,0.21078898702058468,0.22
athlete_002,62.251195,0.20778407974199362,0.22
athlete_002,63.251195,0.20477917246340255,0.22
athlete_002,64.251195,0.20177426518481148,0.22
athlete_002,65.251195,0.19876935790622044,0.22
athlete_002,66.251195,0.19576445062762937,0.22
athlete_002,67.251195,0.19275954334903833,0.22
athlete_002,68.251195,0.1897546360704473,0.22
athlete_002,69.251195,0.1867497287918562,0.22
athlete_002,70.251195,0.18374482151326516,0.22
athlete_002,71.251195,0.1807399142346741,0.22
athlete_002,72.251195,0.18,0.22226499304391695
athlete_002,73.251195,0.18,0.225269900322508
athlete_002,74.251195,0.18,0.22827480760109906
athlete_002,75.251195,0.18,0.2312797148796901
athlete_002,76.251195,0.18,0.23428462215828116
athlete_002,77.251195,0.18,0.23728952943687223
athlete_002,78.251195,0.18,0.24029443671546327
athlete_002,79.251195,0.18,0.2432993439940543
athlete_002,80.251195,0.18,0.24630425127264538
athlete_002,81.251195,0.18,0.24930915855123642
athlete_002,82.251195,0.18,0.25231406582982746
athlete_002,83.251195,0.18,0.25531897310841856
athlete_002,84.251195,0.18,0.2583238803870096
athlete_002,85.251195,0.18,0.26132878766560064
athlete_002,86.251195,0.18,0.2643336949441917
athlete_002,87.251195,0.18,0.2673386022227827
athlete_002,88.251195,0.18,0.27034350950137376
athlete_002,89.251195,0.18,0.27334841677996485
athlete_002,90.251195,0.18,0.2763533240585559
athlete_002,91.251195,0.18,0.27935823133714693
athlete_002,92.251195,0.18,0.28236313861573803
athlete_002,93.251195,0.18,0.28536804589432907
athlete_002,94.251195,0.18,0.2883729531729201
athlete_002,95.251195,0.18,0.29137786045151115
athlete_002,96.251195,0.18,0.2943827677301022
athlete_002,97.251195,0.18,0.2973876750086933
athlete_002,98.251195,0.18,0.3003925822872843
athlete_002,99.251195,0.18,0.30339748956587537
athlete_002,100.251195,0.18,0.30640239684446646
athlete_002,101.251195,0.18,0.3094073041230575
athlete_002,102.251195,0.18,0.31241221140164854
athlete_002,103.251195,0.18,0.3154171186802396
athlete_002,104.251195,0.18,0.3184220259588306
athlete_002,105.251195,0.18,0.3214269332374217
athlete_002,106.251195,0.18,0.32443184051601276
athlete_002,107.251195,0.18,0.32743674779460386
athlete_002,108.251195,0.18,0.3304416550731949
athlete_002,109.251195,0.18,0.33344656235178594
athlete_002,110.251195,0.18,0.336451469630377
athlete_002,111.251195,0.18,0.339456376908968
athlete_002,111.432107,0.18,0.34
athlete_002,112.432107,0.18,0.3423142795333256
athlete_002,113.432107,0.18,0.34462855906665113
athlete_002,114.432107,0.18,0.3469428385999767
athlete_002,115.432107,0.18,0.34925711813330224
athlete_002,116.432107,0.18,0.3515713976666278
athlete_002,117.432107,0.18,0.35388567719995334
athlete_002,118.432107,0.18,0.3561999567332789
athlete_002,119.432107,0.18,0.35851423626660445
athlete_002,120.432107,0.18,0.36082851579993
athlete_002,121.432107,0.18,0.36314279533325555
athlete_002,122.432107,0.18,0.36545707486658113
athlete_002,123.432107,0.18,0.36777135439990666
athlete_002,124.432107,0.18,0.37008563393323224
athlete_002,125.432107,0.18,0.37239991346655776
athlete_002,126.432107,0.18,0.37471419299988334
athlete_002,127.432107,0.18,0.37702847253320887
athlete_002,128.432107,0.18,0.37934275206653445
athlete_002,129.432107,0.18,0.38165703159986
athlete_002,130.432107,0.18,0.38397131113318556
athlete_002,131.432107,0.18,0.3862855906665111
athlete_002,132.432107,0.18,0.38859987019983666
athlete_002,133.432107,0.18,0.3909141497331622
athlete_002,134.432107,0.18,0.39322842926648777
athlete_002,135.432107,0.18,0.3955427087998133
athlete_002,136.432107,0.18,0.3978569883331389
athlete_002,137.432107,0.18,0.4001712678664644
athlete_002,138.432107,0.18,0.40248554739979
athlete_002,139.432107,0.18,0.4047998269331155
athlete_002,140.432107,0.18,0.4071141064664411
athlete_002,141.432107,0.18,0.4094283859997666
athlete_002,142.432107,0.18,0.4117426655330922
athlete_002,143.432107,0.18,0.41405694506641777
athlete_002,144.432107,0.18,0.4163712245997433
athlete_002,145.432107,0.18,0.4186855041330688
athlete_002,146.432107,0.18,0.4209997836663944
athlete_002,147.432107,0.18,0.42331406319972
athlete_002,148.432107,0.18,0.4256283427330455
athlete_002,149.432107,0.18,0.42794262226637103
athlete_002,150.432107,0.18,0.4302569017996966
athlete_002,151.432107,0.18,0.4325711813330222
athlete_002,152.432107,0.18,0.4348854608663477
athlete_002,153.432107,0.18,0.43719974039967324
athlete_002,154.432107,0.18,0.4395140199329988
athlete_002,155.432107,0.18,0.44182829946632435
athlete_002,156.432107,0.18,0.44414257899964993
athlete_002,157.432107,0.18,0.44645685853297545
athlete_002,158.432107,0.18,0.44877113806630103
athlete_002,159.432107,0.18,0.4510854175996266
athlete_002,160.432107,0.18,0.45339969713295214
athlete_002,161.432107,0.18,0.45571397666627766
athlete_002,162.432107,0.18,0.45802825619960325
athlete_002,163.432107,0.18,0.4603425357329288
athlete_002,164.432107,0.18,0.46265681526625435
athlete_002,165.432107,0.18,0.46497109479957993
athlete_002,166.432107,0.18,0.46728537433290546
athlete_002,167.432107,0.18,0.46959965386623104
athlete_002,168.432107,0.18,0.47191393339955656
athlete_002,169.432107,0.18,0.4742282129328821
athlete_002,170.432107,0.18,0.47654249246620767
athlete_002,171.432107,0.18,0.47885677199953325
athlete_002,172.432107,0.18,0.4811710515328588
athlete_002,173.432107,0.18,0.4834853310661843
athlete_002,174.432107,0.18,0.4857996105995099
athlete_002,175.432107,0.18,0.48811389013283546
athlete_002,176.432107,0.18,0.490428169666161
athlete_002,177.432107,0.18,0.4927424491994865
athlete_002,178.432107,0.18,0.49505672873281215
athlete_002,179.432107,0.18,0.49737100826613767
athlete_002,180.432107,0.18,0.4996852877994632
athlete_002,181.432107,0.18,0.5019995673327887
athlete_002,182.432107,0.18,0.5043138468661144
athlete_002,183.432107,0.18,0.5066281263994399
athlete_002,184.432107,0.18,0.5089424059327654
athlete_002,185.432107,0.18,0.5112566854660909
athlete_002,186.432107,0.18,0.5135709649994166
athlete_002,187.432107,0.18,0.5158852445327421
athlete_002,188.432107,0.18,0.5181995240660676
athlete_002,189.432107,0.18,0.5205138035993933
athlete_002,190.432107,0.18,0.5228280831327188
athlete_002,191.432107,0.18,0.5251423626660443
athlete_002,192.432107,0.18,0.5274566421993698
athlete_002,193.432107,0.18,0.5297709217326954
athlete_002,194.432107,0.18,0.532085201266021
athlete_002,195.432107,0.18,0.5343994807993465
athlete_002,196.432107,0.18,0.536713760332672
athlete_002,197.432107,0.18,0.5390280398659977
athlete_002,198.432107,0.18,0.5413423193993232
athlete_002,199.432107,0.18,0.5436565989326487
athlete_002,200.432107,0.18,0.5459708784659743
athlete_002,201.432107,0.18,0.5482851579992998
athlete_002,202.432107,0.18,0.5505994375326254
athlete_002,203.432107,0.18,0.5529137170659509
athlete_002,204.432107,0.18,0.5552279965992765
athlete_002,205.432107,0.18,0.557542276132602
athlete_002,206.432107,0.18,0.5598565556659276
athlete_002,207.432107,0.18,0.5621708351992531
athlete_002,208.432107,0.18,0.5644851147325787
athlete_002,209.432107,0.18,0.5667993942659042
athlete_002,210.432107,0.18,0.5691136737992298
athlete_002,211.432107,0.18,0.5714279533325554
athlete_002,212.432107,0.18,0.5737422328658809
athlete_002,213.432107,0.18,0.5760565123992065
athlete_002,214.432107,0.18,0.578370791932532
athlete_002,215.432107,0.18,0.5806850714658576
athlete_002,216.432107,0.18,0.5829993509991831
athlete_002,217.432107,0.18,0.5853136305325086
athlete_002,218.432107,0.18,0.5876279100658343
athlete_002,219.432107,0.18,0.5899421895991598
athlete_002,220.432107,0.18,0.5922564691324854
athlete_002,221.432107,0.18,0.5945707486658109
athlete_002,222.432107,0.18,0.5968850281991365
athlete_002,223.432107,0.18,0.599199307732462
athlete_002,224.432107,0.18,0.6015135872657875
athlete_002,225.432107,0.18,0.603827866799113
athlete_002,226.432107,0.18,0.6061421463324387
athlete_002,227.432107,0.18,0.6084564258657642
athlete_002,228.432107,0.18,0.6107707053990898
athlete_002,229.432107,0.18,0.6130849849324154
athlete_002,230.432107,0.18,0.6153992644657409
athlete_002,231.432107,0.18,0.6177135439990664
athlete_002,232.432107,0.18,0.6200278235323919
athlete_002,233.432107,0.18,0.6223421030657176
athlete_002,234.432107,0.18,0.6246563825990431
athlete_002,235.432107,0.18,0.6269706621323686
athlete_002,236.432107,0.18,0.6292849416656943
athlete_002,237.432107,0.18,0.6315992211990198
athlete_002,238.432107,0.18,0.6339135007323453
athlete_002,239.432107,0.18,0.6362277802656708
athlete_002,240.432107,0.18,0.6385420597989964
athlete_002,241.432107,0.18,0.6408563393323219
athlete_002,242.432107,0.18,0.6431706188656475
athlete_002,243.432107,0.18,0.645484898398973
athlete_002,244.432107,0.18,0.6477991779322987
athlete_002,245.432107,0.18,0.6501134574656242
athlete_002,246.432107,0.18,0.6524277369989497
athlete_002,247.432107,0.18,0.6547420165322753
athlete_002,248.432107,0.18,0.6570562960656008
athlete_002,249.432107,0.18,0.6593705755989263
athlete_002,250.432107,0.18,0.661684855132252
athlete_002,251.432107,0.18,0.6639991346655775
athlete_002,252.432107,0.18,0.6663134141989031
athlete_002,253.432107,0.18,0.6686276937322286
athlete_002,254.432107,0.18,0.6709419732655542
athlete_002,255.432107,0.18,0.6732562527988797
athlete_002,256.432107,0.18,0.6755705323322052
athlete_002,257.432107,0.18,0.6778848118655307
athlete_002,258.432107,0.18,0.6801990913988563
athlete_002,259.432107,0.18,0.6825133709321818
athlete_002,260.432107,0.18,0.6848276504655074
athlete_002,261.432107,0.18,0.687141929998833
athlete_002,262.432107,0.18,0.6894562095321586
athlete_002,263.432107,0.18,0.6917704890654841
athlete_002,264.432107,0.18,0.6940847685988096
athlete_002,265.432107,0.18,0.6963990481321352
athlete_002,266.432107,0.18,0.6987133276654607
athlete_002,267.432107,0.18,0.7010276071987862
athlete_002,268.432107,0.18,0.7033418867321118
athlete_002,269.432107,0.18,0.7056561662654375
athlete_002,270.432107,0.18,0.707970445798763
athlete_002,271.432107,0.18,0.7102847253320885
athlete_002,272.432107,0.18,0.712599004865414
athlete_002,273.432107,0.18,0.7149132843987396
athlete_002,274.432107,0.18,0.7172275639320651
athlete_002,275.432107,0.18,0.7195418434653907
athlete_002,275.630076,0.18,0.72
athlete_002,276.630076,0.18,0.7105496479366551
athlete_002,277.630076,0.18,0.7010992958733101
athlete_002,278.630076,0.18,0.6916489438099652
athlete_002,279.630076,0.18,0.6821985917466203
athlete_002,280.630076,0.18,0.6727482396832754
athlete_002,281.630076,0.18,0.6632978876199305
athlete_002,282.630076,0.18,0.6538475355565856
athlete_002,283.630076,0.18,0.6443971834932406
athlete_002,284.630076,0.18,0.6349468314298957
athlete_002,285.630076,0.18,0.6254964793665508
athlete_002,286.630076,0.18,0.6160461273032058
athlete_002,287.630076,0.18,0.606595775239861
athlete_002,288.630076,0.18,0.5971454231765161
athlete_002,289.630076,0.18,0.5876950711131711
athlete_002,290.630076,0.18,0.5782447190498262
athlete_002,291.630076,0.18,0.5687943669864813
athlete_002,292.630076,0.18,0.5593440149231363
athlete_002,293.630076,0.18,0.5498936628597915
athlete_002,294.630076,0.18,0.5404433107964466
athlete_002,295.630076,0.18,0.5309929587331017
athlete_002,296.630076,0.18,0.5215426066697567
athlete_002,297.630076,0.18,0.5120922546064118
athlete_002,298.630076,0.18,0.5026419025430668
athlete_002,299.630076,0.18,0.49319155047972196
athlete_002,300.630076,0.18,0.4837411984163771
athlete_002,301.630076,0.18,0.47429084635303215
athlete_002,302.630076,0.18,0.4648404942896872
athlete_002,303.630076,0.18,0.4553901422263423
athlete_002,304.630076,0.18,0.4459397901629974
athlete_002,305.630076,0.18,0.43648943809965246
athlete_002,306.630076,0.18,0.4270390860363076
athlete_002,307.630076,0.18,0.41758873397296264
athlete_002,308.630076,0.18,0.4081383819096177
athlete_002,309.630076,0.18,0.39868802984627283
athlete_002,310.630076,0.18,0.3892376777829279
athlete_002,311.630076,0.18,0.37978732571958296
athlete_002,312.630076,0.18,0.3703369736562381
athlete_002,313.630076,0.18,0.36088662159289314
athlete_002,314.630076,0.18,0.3514362695295482
athlete_002,315.630076,0.18,0.3419859174662033
athlete_002,316.630076,0.18,0.3325355654028584
athlete_002,317.630076,0.18,0.32308521333951346
athlete_002,318.630076,0.18,0.3136348612761686
athlete_002,319.630076,0.18,0.30418450921282364
athlete_002,320.630076,0.18,0.2947341571494787
athlete_002,321.630076,0.18,0.2852838050861338
athlete_002,322.630076,0.18,0.2758334530227889
athlete_002,323.630076,0.18,0.26638310095944395
athlete_002,324.630076,0.18,0.2569327488960991
athlete_002,325.630076,0.18,0.24748239683275414
athlete_002,326.630076,0.18,0.2380320447694092
athlete_002,327.630076,0.18,0.22858169270606432
athlete_002,328.630076,0.18086865935728064,0.22
athlete_002,329.630076,0.19031901142062552,0.22
athlete_002,330.630076,0.1997693634839704,0.22
athlete_002,331.630076,0.2092197155473154,0.22
athlete_002,332.630076,0.21867006761066027,0.22
athlete_002,333.630076,0.22812041967400515,0.22
athlete_002,334.630076,0.23757077173735003,0.22
athlete_002,335.630076,0.24702112380069502,0.22
athlete_002,336.630076,0.2564714758640399,0.22
athlete_002,337.630076,0.2659218279273848,0.22
athlete_002,338.630076,0.27537217999072977,0.22
athlete_002,339.630076,0.28482253205407465,0.22
athlete_002,340.630076,0.29427288411741953,0.22
athlete_002,341.630076,0.3037232361807645,0.22
athlete_002,342.630076,0.3131735882441094,0.22
athlete_002,343.630076,0.3226239403074543,0.22
athlete_002,344.630076,0.3320742923707993,0.22
athlete_002,345.630076,0.34152464443414415,0.22
athlete_002,346.630076,0.35097499649748903,0.22
athlete_002,347.630076,0.360425348560834,0.22
athlete_002,348.630076,0.3698757006241789,0.22
athlete_002,349.630076,0.3793260526875238,0.22
athlete_002,350.630076,0.3887764047508688,0.22
athlete_002,351.630076,0.39822675681421366,0.22
athlete_002,352.630076,0.40767710887755854,0.22
athlete_002,353.630076,0.41712746094090347,0.22
athlete_002,354.630076,0.4265778130042484,0.22
athlete_002,355.630076,0.4360281650675933,0.22
athlete_002,356.630076,0.4454785171309383,0.22
athlete_002,357.630076,0.45492886919428316,0.22
athlete_002,358.630076,0.46437922125762804,0.22
athlete_002,359.630076,0.47382957332097303,0.22
athlete_002,360.630076,0.4832799253843179,0.22
athlete_002,361.630076,0.4927302774476628,0.22
athlete_002,362.630076,0.5021806295110078,0.22
athlete_002,363.630076,0.5116309815743527,0.22
athlete_002,364.630076,0.5210813336376976,0.22
athlete_002,365.630076,0.5305316857010425,0.22
athlete_002,366.630076,0.5399820377643874,0.22
athlete_002,367.630076,0.5494323898277322,0.22
athlete_002,368.630076,0.5588827418910773,0.22
athlete_002,369.630076,0.5683330939544222,0.22
athlete_002,370.630076,0.5777834460177671,0.22
athlete_002,371.630076,0.587233798081112,0.22
athlete_002,372.630076,0.5966841501444569,0.22
athlete_002,373.630076,0.6061345022078017,0.22
athlete_002,374.630076,0.6155848542711468,0.22
athlete_002,375.630076,0.6250352063344917,0.22
athlete_002,376.630076,0.6344855583978366,0.22
athlete_002,377.630076,0.64,0.21606408953881842
athlete_002,378.630076,0.64,0.20661373747547354
athlete_002,379.630076,0.64,0.19716338541212866
athlete_002,380.630076,0.64,0.18771303334878367
athlete_002,381.44624,0.64,0.17999999999999997
athlete_002,382.44624,0.745219444124606,0.18
athlete_002,383.44624,0.850438888249212,0.18
athlete_002,384.44624,0.92,0.21565833237381787
athlete_002,385.44624,0.92,0.32087777649842386
athlete_002,386.44624,0.92,0.42609722062302985
athlete_002,387.44624,0.92,0.5313166647476357
athlete_002,388.44624,0.92,0.6365361088722419
athlete_002,389.44624,0.92,0.7417555529968478
athlete_002,390.44624,0.8930250028785462,0.82
athlete_002,391.44624,0.7878055587539402,0.82
athlete_002,392.44624,0.6825861146293343,0.82
athlete_002,393.44624,0.5773666705047283,0.82
athlete_002,394.44624,0.4721472263801222,0.82
athlete_002,395.44624,0.36692778225551625,0.82
athlete_002,396.44624,0.2617083381309103,0.82
athlete_002,397.44624,0.1564888940063044,0.82
athlete_002,398.44624,0.08,0.7912694498816985
athlete_002,399.44624,0.08,0.6860500057570925
athlete_002,400.44624,0.08,0.5808305616324864
athlete_002,401.44624,0.08,0.47561111750788043
athlete_002,402.44624,0.08,0.37039167338327444
athlete_002,403.44624,0.08,0.26517222925866857
athlete_002,404.44624,0.10004721486593741,0.18
athlete_002,405.44624,0.20526665899054336,0.18
athlete_002,406.44624,0.31048610311514974,0.18
athlete_002,407.44624,0.41570554723975567,0.18
athlete_002,408.44624,0.5209249913643611,0.18
athlete_002,409.44624,0.6261444354889675,0.18
athlete_002,410.44624,0.7313638796135734,0.18
athlete_002,411.44624,0.8365833237381793,0.18
athlete_002,412.44624,0.92,0.20180276786278456
athlete_002,413.44624,0.92,0.30702221198739094
athlete_002,414.44624,0.92,0.41224165611199687
athlete_002,415.44624,0.92,0.5174611002366027
athlete_002,416.44624,0.92,0.6226805443612091
athlete_002,417.44624,0.92,0.7278999884858146
athlete_002,418.44624,0.9068805673895791,0.82
athlete_002,419.44624,0.8016611232649727,0.82
athlete_002,420.44624,0.6964416791403673,0.82
athlete_002,421.44624,0.5912222350157609,0.82
athlete_002,422.44624,0.4860027908911554,0.82
athlete_002,423.44624,0.380783346766549,0.82
athlete_002,424.44624,0.27556390264194264,0.82
athlete_002,425.44624,0.17034445851733715,0.82
athlete_002,426.44624,0.08,0.8051250143927305
athlete_002,427.44624,0.08,0.699905570268125
athlete_002,428.44624,0.08,0.5946861261435187
athlete_002,429.44624,0.08,0.4894666820189132
athlete_002,430.44624,0.08,0.38424723789430776
athlete_002,431.44624,0.08,0.27902779376970044
athlete_002,432.44624,0.08619165035490532,0.18
athlete_002,433.44624,0.1914110944795117,0.18
athlete_002,434.44624,0.2966305386041172,0.18
athlete_002,435.44624,0.4018499827287227,0.18
athlete_002,436.44624,0.507069426853329,0.18
athlete_002,437.44624,0.6122888709779354,0.18
athlete_002,438.44624,0.7175083151025413,0.18
athlete_002,439.44624,0.8227277592271468,0.18
athlete_002,440.44624,0.92,0.18794720335175202
athlete_002,441.44624,0.92,0.2931666474763584
athlete_002,442.44624,0.92,0.3983860916009639
athlete_002,443.44624,0.92,0.5036055357255693
athlete_002,444.44624,0.92,0.6088249798501766
athlete_002,445.44624,0.92,0.7140444239747821
athlete_002,446.44624,0.92,0.8192638680993884
athlete_002,447.44624,0.8155166877760057,0.82
athlete_002,448.44624,0.7102972436514002,0.82
athlete_002,449.44624,0.6050777995267939,0.82
athlete_002,450.44624,0.4998583554021875,0.82
athlete_002,451.44624,0.3946389112775811,0.82
athlete_002,452.44624,0.2894194671529756,0.82
athlete_002,453.44624,0.18420002302837013,0.82
athlete_002,454.44624,0.08,0.8189805789037635
athlete_002,455.44624,0.08,0.713761134779158
athlete_002,456.44624,0.08,0.6085416906545517
athlete_002,457.44624,0.08,0.5033222465299453
athlete_002,458.44624,0.08,0.3981028024053398
athlete_002,459.44624,0.08,0.2928833582807343
athlete_002,460.44624,0.08,0.18766391415612704
athlete_002,461.44624,0.17755552996847784,0.18
athlete_002,462.44624,0.28277497409308333,0.18
athlete_002,462.609946,0.30000000000000066,0.18
athlete_002,463.609946,0.3,0.18229280998376568
athlete_002,464.609946,0.3,0.18458561996753137
athlete_002,465.609946,0.3,0.18687842995129705
athlete_002,466.609946,0.3,0.18917123993506274
athlete_002,467.609946,0.3,0.19146404991882843
athlete_002,468.609946,0.3,0.1937568599025941
athlete_002,469.609946,0.3,0.19604966988635977
athlete_002,470.609946,0.3,0.19834247987012546
athlete_002,471.609946,0.3,0.20063528985389115
athlete_002,472.609946,0.3,0.20292809983765683
athlete_002,473.609946,0.3,0.20522090982142252
athlete_002,474.609946,0.3,0.2075137198051882
athlete_002,475.609946,0.3,0.2098065297889539
athlete_002,476.609946,0.3,0.21209933977271958
athlete_002,477.609946,0.3,0.21439214975648527
athlete_002,478.609946,0.3,0.21668495974025093
athlete_002,479.609946,0.3,0.2189777697240166
athlete_002,480.609946,0.29872942029221766,0.22
athlete_002,481.609946,0.296436610308452,0.22
athlete_002,482.609946,0.29414380032468634,0.22
athlete_002,483.609946,0.29185099034092066,0.22
athlete_002,484.609946,0.28955818035715497,0.22
athlete_002,485.609946,0.2872653703733893,0.22
athlete_002,486.609946,0.2849725603896236,0.22
athlete_002,487.609946,0.2826797504058579,0.22
athlete_002,488.609946,0.2803869404220922,0.22
athlete_002,489.609946,0.27809413043832654,0.22
athlete_002,490.609946,0.27580132045456085,0.22
athlete_002,491.609946,0.27350851047079516,0.22
athlete_002,492.609946,0.2712157004870295,0.22
athlete_002,493.609946,0.2689228905032638,0.22
athlete_002,494.609946,0.2666300805194981,0.22
athlete_002,495.609946,0.2643372705357324,0.22
athlete_002,496.609946,0.26204446055196673,0.22
athlete_002,497.609946,0.26,0.22024834943179894
athlete_002,498.609946,0.26,0.22254115941556463
athlete_002,499.609946,0.26,0.2248339693993303
athlete_002,500.609946,0.26,0.227126779383096
athlete_002,501.609946,0.26,0.2294195893668617
athlete_002,502.609946,0.26,0.23171239935062737
athlete_002,503.609946,0.26,0.23400520933439306
athlete_002,504.609946,0.26,0.23629801931815875
athlete_002,505.609946,0.26,0.23859082930192443
athlete_002,506.609946,0.26,0.24088363928569012
athlete_002,507.609946,0.26,0.2431764492694558
athlete_002,508.609946,0.26,0.2454692592532215
athlete_002,509.609946,0.26,0.24776206923698718
athlete_002,510.609946,0.26,0.25005487922075287
athlete_002,511.609946,0.26,0.25234768920451855
athlete_002,512.609946,0.26,0.25464049918828424
athlete_002,513.609946,0.26,0.25693330917204993
athlete_002,514.609946,0.26,0.2592261191558156
athlete_002,515.609946,0.26,0.26151892913958125
athlete_002,516.609946,0.26,0.26381173912334693
athlete_002,517.609946,0.26,0.2661045491071127
athlete_002,518.609946,0.26,0.26839735909087836
athlete_002,519.609946,0.26,0.27069016907464405
athlete_002,520.609946,0.26,0.27298297905840974
athlete_002,521.609946,0.26,0.2752757890421754
athlete_002,522.609946,0.26,0.2775685990259411
athlete_002,523.609946,0.26,0.27986140900970674
athlete_002,524.609946,0.26,0.2821542189934724
athlete_002,525.609946,0.26,0.2844470289772381
athlete_002,526.609946,0.26,0.2867398389610038
athlete_002,527.609946,0.26,0.2890326489447695
athlete_002,528.609946,0.26,0.2913254589285352
athlete_002,529.609946,0.26,0.29361826891230086
athlete_002,530.609946,0.26,0.29591107889606655
athlete_002,531.609946,0.26,0.2982038888798322
athlete_002,532.609946,0.26,0.30049669886359787
athlete_002,533.609946,0.26,0.30278950884736355
athlete_002,534.609946,0.26,0.30508231883112924
athlete_002,535.609946,0.26,0.3073751288148949
athlete_002,536.609946,0.26,0.3096679387986606
athlete_002,537.609946,0.26,0.3119607487824263
athlete_002,538.609946,0.26,0.314253558766192
athlete_002,539.609946,0.26,0.3165463687499577
athlete_002,540.609946,0.26,0.31883917873372336
athlete_002,541.609946,0.26,0.32113198871748905
athlete_002,542.609946,0.26,0.32342479870125473
athlete_002,543.609946,0.26,0.3257176086850204
athlete_002,544.609946,0.26,0.3280104186687861
athlete_002,545.609946,0.26,0.3303032286525518
athlete_002,546.609946,0.26,0.3325960386363175
athlete_002,547.609946,0.26,0.33488884862008317
athlete_002,548.609946,0.26,0.33718165860384886
athlete_002,549.609946,0.26,0.33947446858761454
athlete_002,549.839154,0.26,0.34
athlete_002,550.839154,0.26,0.3441098622126216
athlete_002,551.839154,0.26,0.3482197244252431
athlete_002,552.839154,0.26,0.35232958663786473
athlete_002,553.839154,0.26,0.3564394488504863
athlete_002,554.839154,0.26,0.36054931106310784
athlete_002,555.839154,0.26,0.3646591732757294
athlete_002,556.839154,0.26,0.368769035488351
athlete_002,557.839154,0.26,0.37287889770097254
athlete_002,558.839154,0.26,0.3769887599135941
athlete_002,559.839154,0.26,0.38109862212621565
athlete_002,560.839154,0.26,0.38520848433883725
athlete_002,561.839154,0.26,0.3893183465514588
athlete_002,562.839154,0.26,0.39342820876408036
athlete_002,563.839154,0.26,0.3975380709767019
athlete_002,564.839154,0.26,0.40164793318932346
athlete_002,565.839154,0.26,0.40575779540194507
athlete_002,566.839154,0.26,0.4098676576145666
athlete_002,567.839154,0.26,0.41397751982718817
athlete_002,568.839154,0.26,0.4180873820398097
athlete_002,569.839154,0.26,0.4221972442524313
athlete_002,570.839154,0.26,0.4263071064650529
athlete_002,571.839154,0.26,0.4304169686776744
athlete_002,572.839154,0.26,0.434526830890296
athlete_002,573.839154,0.26,0.43863669310291753
athlete_002,574.839154,0.26,0.44274655531553914
athlete_002,575.839154,0.26,0.4468564175281607
athlete_002,576.839154,0.26,0.45096627974078224
athlete_002,577.839154,0.26,0.45507614195340385
athlete_002,578.839154,0.26,0.4591860041660254
athlete_002,579.839154,0.26,0.46329586637864695
athlete_002,580.839154,0.26,0.4674057285912685
athlete_002,581.839154,0.26,0.47151559080389005
athlete_002,582.839154,0.26,0.4756254530165116
athlete_002,583.839154,0.26,0.4797353152291332
athlete_002,584.839154,0.26,0.48384517744175476
athlete_002,585.839154,0.26,0.4879550396543763
athlete_002,586.839154,0.26,0.4920649018669979
athlete_002,587.839154,0.26,0.49617476407961947
athlete_002,588.839154,0.26,0.500284626292241
athlete_002,589.839154,0.26,0.5043944885048626
athlete_002,590.839154,0.26,0.5085043507174841
athlete_002,591.839154,0.26,0.5126142129301057
athlete_002,592.839154,0.26,0.5167240751427272
athlete_002,593.839154,0.26,0.5208339373553488
athlete_002,594.839154,0.26,0.5249437995679704
athlete_002,595.839154,0.26,0.529053661780592
athlete_002,596.839154,0.26,0.5331635239932135
athlete_002,597.839154,0.26,0.5372733862058351
athlete_002,598.839154,0.26,0.5413832484184566
athlete_002,599.839154,0.26,0.5454931106310782
athlete_002,600.839154,0.26,0.5496029728436997
athlete_002,601.839154,0.26,0.5537128350563214
athlete_002,602.839154,0.26,0.5578226972689428
athlete_002,603.839154,0.26,0.5619325594815645
athlete_002,604.839154,0.26,0.5660424216941861
athlete_002,605.839154,0.26,0.5701522839068076
athlete_002,606.839154,0.26,0.5742621461194292
athlete_002,607.839154,0.26,0.5783720083320507
athlete_002,608.839154,0.26,0.5824818705446723
athlete_002,609.839154,0.26,0.5865917327572938
athlete_002,610.839154,0.26,0.5907015949699155
athlete_002,611.839154,0.26,0.5948114571825369
athlete_002,612.839154,0.26,0.5989213193951586
athlete_002,613.839154,0.26,0.6030311816077801
athlete_002,614.839154,0.26,0.6071410438204017
athlete_002,615.839154,0.26,0.6112509060330232
athlete_002,616.839154,0.26,0.6153607682456448
athlete_002,617.839154,0.26,0.6194706304582664
athlete_002,618.839154,0.26,0.6235804926708879
athlete_002,619.839154,0.26,0.6276903548835095
athlete_002,620.839154,0.26,0.631800217096131
athlete_002,621.839154,0.26,0.6359100793087527
athlete_002,622.839154,0.26,0.6400199415213741
athlete_002,623.839154,0.26,0.6441298037339958
athlete_002,624.839154,0.26,0.6482396659466173
athlete_002,625.839154,0.26,0.6523495281592389
athlete_002,626.839154,0.26,0.6564593903718605
athlete_002,627.839154,0.26,0.660569252584482
athlete_002,628.839154,0.26,0.6646791147971036
athlete_002,629.839154,0.26,0.6687889770097251
athlete_002,630.839154,0.26,0.6728988392223467
athlete_002,631.839154,0.26,0.6770087014349683
athlete_002,632.839154,0.26,0.6811185636475898
athlete_002,633.839154,0.26,0.6852284258602114
athlete_002,634.839154,0.26,0.6893382880728329
athlete_002,635.839154,0.26,0.6934481502854545
athlete_002,636.839154,0.26,0.697558012498076
athlete_002,637.839154,0.26,0.7016678747106977
athlete_002,638.839154,0.26,0.7057777369233191
athlete_002,639.839154,0.26,0.7098875991359408
athlete_002,640.839154,0.26,0.7139974613485623
athlete_002,641.839154,0.26,0.7181073235611839
athlete_002,642.299675,0.26,0.72
athlete_002,643.299675,0.26,0.7071902923510293
athlete_002,644.299675,0.26,0.6943805847020584
athlete_002,645.299675,0.26,0.6815708770530877
athlete_002,646.299675,0.26,0.6687611694041169
athlete_002,647.299675,0.26,0.6559514617551462
athlete_002,648.299675,0.26,0.6431417541061754
athlete_002,649.299675,0.26,0.6303320464572046
athlete_002,650.299675,0.26,0.6175223388082338
athlete_002,651.299675,0.26,0.6047126311592631
athlete_002,652.299675,0.26,0.5919029235102923
athlete_002,653.299675,0.26,0.5790932158613216
athlete_002,654.299675,0.26,0.5662835082123507
athlete_002,655.299675,0.26,0.55347380056338
athlete_002,656.299675,0.26,0.5406640929144092
athlete_002,657.299675,0.26,0.5278543852654385
athlete_002,658.299675,0.26,0.5150446776164677
athlete_002,659.299675,0.26,0.502234969967497
athlete_002,660.299675,0.26,0.4894252623185262
athlete_002,661.299675,0.26,0.4766155546695554
athlete_002,662.299675,0.26,0.46380584702058464
athlete_002,663.299675,0.26,0.4509961393716139
athlete_002,664.299675,0.26,0.4381864317226431
athlete_002,665.299675,0.26,0.4253767240736724
athlete_002,666.299675,0.26,0.41256701642470156
athlete_002,667.299675,0.26,0.39975730877573085
athlete_002,668.299675,0.26,0.38694760112676
athlete_002,669.299675,0.26,0.3741378934777893
athlete_002,670.299675,0.26,0.3613281858288185
athlete_002,671.299675,0.26,0.34851847817984777
athlete_002,672.299675,0.26,0.33570877053087694
athlete_002,673.299675,0.26,0.32289906288190623
athlete_002,674.299675,0.26,0.31008935523293546
athlete_002,675.299675,0.26,0.2972796475839647
athlete_002,676.299675,0.26,0.2844699399349939
athlete_002,677.299675,0.26,0.27166023228602315
athlete_002,678.299675,0.26,0.2588505246370524
athlete_002,679.299675,0.26,0.2460408169880816
athlete_002,680.299675,0.26,0.2332311093391109
athlete_002,681.299675,0.26,0.22042140169014002
athlete_002,682.299675,0.2723883059588307,0.22
athlete_002,683.299675,0.2851980136078014,0.22
athlete_002,684.299675,0.2980077212567721,0.22
athlete_002,685.299675,0.31081742890574304,0.22
athlete_002,686.299675,0.32362713655471376,0.22
athlete_002,687.299675,0.33643684420368447,0.22
athlete_002,688.299675,0.3492465518526552,0.22
athlete_002,689.299675,0.3620562595016261,0.22
athlete_002,690.299675,0.37486596715059683,0.22
athlete_002,691.299675,0.38767567479956755,0.22
athlete_002,692.299675,0.40048538244853826,0.22
athlete_002,693.299675,0.4132950900975091,0.22
athlete_002,694.299675,0.4261047977464799,0.22
athlete_002,695.299675,0.4389145053954506,0.22
athlete_002,696.299675,0.45172421304442134,0.22
athlete_002,697.299675,0.46453392069339217,0.22
athlete_002,698.299675,0.477343628342363,0.22
athlete_002,699.299675,0.4901533359913337,0.22
athlete_002,700.299675,0.5029630436403044,0.22
athlete_002,701.299675,0.5157727512892752,0.22
athlete_002,702.299675,0.5285824589382461,0.22
athlete_002,703.299675,0.5413921665872168,0.22
athlete_002,704.299675,0.5542018742361875,0.22
athlete_002,705.299675,0.5670115818851583,0.22
athlete_002,706.299675,0.579821289534129,0.22
athlete_002,707.299675,0.5926309971830999,0.22
athlete_002,708.299675,0.6054407048320706,0.22
athlete_002,709.299675,0.6182504124810414,0.22
athlete_002,710.299675,0.6310601201300121,0.22
athlete_002,711.299675,0.64,0.21613017222101708
athlete_002,712.299675,0.64,0.20332046457204636
athlete_002,713.299675,0.64,0.19051075692307554
athlete_002,714.120205,0.64,0.17999999999999997
athlete_002,715.120205,0.7666417355334882,0.18
athlete_002,716.120205,0.8932834710669766,0.18
athlete_002,717.120205,0.92,0.27992520660046477
athlete_002,718.120205,0.92,0.406566942133953
athlete_002,719.120205,0.92,0.5332086776674412
athlete_002,720.120205,0.92,0.6598504132009295
athlete_002,721.120205,0.92,0.7864921487344179
athlete_002,722.120205,0.8268661157320939,0.82
athlete_002,723.120205,0.7002243801986056,0.82
athlete_002,724.120205,0.5735826446651174,0.82
athlete_002,725.120205,0.44694090913162915,0.82
athlete_002,726.120205,0.32029917359814075,0.82
athlete_002,727.120205,0.1936574380646524,0.82
athlete_002,728.120205,0.08,0.8070157025311643
athlete_002,729.120205,0.08,0.6803739669976759
athlete_002,730.120205,0.08,0.5537322314641878
athlete_002,731.120205,0.08,0.4270904959306993
athlete_002,732.120205,0.08,0.30044876039721113
athlete_002,733.120205,0.08619297513627704,0.18
athlete_002,734.120205,0.21283471066976517,0.18
athlete_002,735.120205,0.33947644620325373,0.18
athlete_002,736.120205,0.46611818173674185,0.18
athlete_002,737.120205,0.5927599172702299,0.18
athlete_002,738.120205,0.7194016528037185,0.18
athlete_002,739.120205,0.8460433883372066,0.18
athlete_002,740.120205,0.92,0.2326851238706949
athlete_002,741.120205,0.92,0.3593268594041826
athlete_002,742.120205,0.92,0.48596859493767114
athlete_002,743.120205,0.92,0.6126103304711592
athlete_002,744.120205,0.92,0.7392520660046478
athlete_002,745.120205,0.8741061984618638,0.82
athlete_002,746.120205,0.7474644629283757,0.82
athlete_002,747.120205,0.6208227273948871,0.82
athlete_002,748.120205,0.4941809918613986,0.82
athlete_002,749.120205,0.36753925632791085,0.82
athlete_002,750.120205,0.24089752079442228,0.82
athlete_002,751.120205,0.1142557852609346,0.82
athlete_002,752.120205,0.08,0.7276140497274458
athlete_002,753.120205,0.08,0.6009723141939572
athlete_002,754.120205,0.08,0.47433057866046957
athlete_002,755.120205,0.08,0.34768884312698006
athlete_002,756.120205,0.08,0.22104710759349244
athlete_002,757.120205,0.16559462793999552,0.18
athlete_002,758.120205,0.2922363634734841,0.18
athlete_002,759.120205,0.41887809900697265,0.18
athlete_002,760.120205,0.5455198345404603,0.18
athlete_002,761.120205,0.6721615700739484,0.18
athlete_002,762.120205,0.798803305607437,0.18
athlete_002,763.120205,0.92,0.18544504114092525
athlete_002,764.120205,0.92,0.3120867766744129
athlete_002,765.120205,0.92,0.4387285122079006
athlete_002,766.120205,0.92,0.56537024774139
athlete_002,767.120205,0.92,0.6920119832748777
athlete_002,768.120205,0.92,0.8186537188083653
athlete_002,769.120205,0.7947045456581449,0.82
athlete_002,770.120205,0.6680628101246572,0.82
athlete_002,771.120205,0.5414210745911686,0.82
athlete_002,772.120205,0.41477933905768094,0.82
athlete_002,773.120205,0.2881376035241924,0.82
athlete_002,774.120205,0.1614958679907038,0.82
athlete_002,775.120205,0.08,0.7748541324572159
athlete_002,776.120205,0.08,0.6482123969237273
athlete_002,777.120205,0.08,0.5215706613902388
athlete_002,778.120205,0.08,0.3949289258567511
athlete_002,779.120205,0.08,0.26828719032326165
athlete_002,780.120205,0.11835454521022541,0.18
athlete_002,781.120205,0.2449962807437131,0.18
athlete_002,781.554531,0.30000000000000066,0.18
athlete_002,782.554531,0.3,0.18348181316977347
athlete_002,783.554531,0.3,0.18696362633954694
athlete_002,784.554531,0.3,0.19044543950932039
athlete_002,785.554531,0.3,0.19392725267909386
athlete_002,786.554531,0.3,0.19740906584886733
athlete_002,787.554531,0.3,0.20089087901864078
athlete_002,788.554531,0.3,0.20437269218841425
athlete_002,789.554531,0.3,0.20785450535818772
athlete_002,790.554531,0.3,0.2113363185279612
athlete_002,791.554531,0.3,0.21481813169773467
athlete_002,792.554531,0.3,0.21829994486750812
athlete_002,793.554531,0.3017817580372816,0.22
athlete_002,794.554531,0.30526357120705505,0.22
athlete_002,795.554531,0.3087453843768285,0.22
athlete_002,796.554531,0.312227197546602,0.22
athlete_002,797.554531,0.3157090107163754,0.22
athlete_002,798.554531,0.3191908238861489,0.22
athlete_002,799.554531,0.32267263705592236,0.22
athlete_002,800.554531,0.32615445022569584,0.22
athlete_002,801.554531,0.3296362633954693,0.22
athlete_002,802.554531,0.3331180765652428,0.22
athlete_002,803.554531,0.33659988973501626,0.22
athlete_002,804.554531,0.33999999999999997,0.22008170290478973
athlete_002,805.554531,0.33999999999999997,0.2235635160745632
athlete_002,806.554531,0.33999999999999997,0.22704532924433668
athlete_002,807.554531,0.33999999999999997,0.23052714241411015
athlete_002,808.554531,0.33999999999999997,0.2340089555838836
athlete_002,809.554531,0.33999999999999997,0.23749076875365707
athlete_002,810.554531,0.33999999999999997,0.24097258192343052
athlete_002,811.554531,0.33999999999999997,0.244454395093204
athlete_002,812.554531,0.33999999999999997,0.24793620826297746
athlete_002,813.554531,0.33999999999999997,0.25141802143275094
athlete_002,814.554531,0.33999999999999997,0.2548998346025244
athlete_002,815.554531,0.33999999999999997,0.2583816477722979
athlete_002,816.554531,0.33999999999999997,0.2618634609420713
athlete_002,817.554531,0.33999999999999997,0.26534527411184483
athlete_002,818.554531,0.33999999999999997,0.2688270872816183
athlete_002,819.554531,0.33999999999999997,0.2723089004513918
athlete_002,820.554531,0.33999999999999997,0.2757907136211652
athlete_002,821.554531,0.33999999999999997,0.27927252679093867
athlete_002,822.554531,0.33999999999999997,0.28275433996071214
athlete_002,823.554531,0.33999999999999997,0.28623615313048556
athlete_002,824.554531,0.33999999999999997,0.28971796630025903
athlete_002,825.554531,0.33999999999999997,0.2931997794700325
athlete_002,826.554531,0.33999999999999997,0.296681592639806
athlete_002,827.554531,0.33999999999999997,0.30016340580957945
athlete_002,828.554531,0.33999999999999997,0.3036452189793529
athlete_002,829.554531,0.33999999999999997,0.3071270321491264
athlete_002,830.554531,0.33999999999999997,0.3106088453188999
athlete_002,831.554531,0.33999999999999997,0.31409065848867335
athlete_002,832.554531,0.33999999999999997,0.3175724716584468
athlete_002,833.554531,0.33999999999999997,0.3210542848282203
athlete_002,834.554531,0.33999999999999997,0.32453609799799377
athlete_002,835.554531,0.33999999999999997,0.3280179111677672
athlete_002,836.554531,0.33999999999999997,0.33149972433754066
athlete_002,837.554531,0.33999999999999997,0.33498153750731413
athlete_002,838.554531,0.33999999999999997,0.33846335067708755
athlete_002,838.995867,0.33999999999999997,0.34
athlete_002,839.995867,0.33999999999999997,0.3432792409337514
athlete_002,840.995867,0.33999999999999997,0.34655848186750277
athlete_002,841.995867,0.33999999999999997,0.3498377228012542
athlete_002,842.995867,0.33999999999999997,0.35311696373500556
athlete_002,843.995867,0.33999999999999997,0.35639620466875693
athlete_002,844.995867,0.33999999999999997,0.3596754456025083
athlete_002,845.995867,0.33999999999999997,0.36295468653625973
athlete_002,846.995867,0.33999999999999997,0.3662339274700111
athlete_002,847.995867,0.33999999999999997,0.36951316840376247
athlete_002,848.995867,0.33999999999999997,0.37279240933751384
athlete_002,849.995867,0.33999999999999997,0.37607165027126527
athlete_002,850.995867,0.33999999999999997,0.37935089120501664
athlete_002,851.995867,0.33999999999999997,0.382630132138768
athlete_002,852.995867,0.33999999999999997,0.3859093730725194
athlete_002,853.995867,0.33999999999999997,0.3891886140062708
athlete_002,854.995867,0.33999999999999997,0.3924678549400222
athlete_002,855.995867,0.33999999999999997,0.39574709587377355
athlete_002,856.995867,0.33999999999999997,0.3990263368075249
athlete_002,857.995867,0.33999999999999997,0.40230557774127634
athlete_002,858.995867,0.33999999999999997,0.4055848186750277
athlete_002,859.995867,0.33999999999999997,0.4088640596087791
athlete_002,860.995867,0.33999999999999997,0.41214330054253046
athlete_002,861.995867,0.33999999999999997,0.4154225414762819
athlete_002,862.995867,0.33999999999999997,0.41870178241003325
athlete_002,863.995867,0.33999999999999997,0.4219810233437846
athlete_002,864.995867,0.33999999999999997,0.425260264277536
athlete_002,865.995867,0.33999999999999997,0.42853950521128736
athlete_002,866.995867,0.33999999999999997,0.4318187461450388
athlete_002,867.995867,0.33999999999999997,0.43509798707879016
athlete_002,868.995867,0.33999999999999997,0.43837722801254153
athlete_002,869.995867,0.33999999999999997,0.44165646894629296
athlete_002,870.995867,0.33999999999999997,0.44493570988004433
athlete_002,871.995867,0.33999999999999997,0.4482149508137957
athlete_002,872.995867,0.33999999999999997,0.45149419174754707
athlete_002,873.995867,0.33999999999999997,0.45477343268129844
athlete_002,874.995867,0.33999999999999997,0.45805267361504987
athlete_002,875.995867,0.33999999999999997,0.46133191454880124
athlete_002,876.995867,0.33999999999999997,0.4646111554825526
athlete_002,877.995867,0.33999999999999997,0.46789039641630403
athlete_002,878.995867,0.33999999999999997,0.47116963735005535
athlete_002,879.995867,0.33999999999999997,0.4744488782838068
athlete_002,880.995867,0.33999999999999997,0.47772811921755814
athlete_002,881.995867,0.33999999999999997,0.4810073601513095
athlete_002,882.995867,0.33999999999999997,0.48428660108506094
athlete_002,883.995867,0.33999999999999997,0.4875658420188123
athlete_002,884.995867,0.33999999999999997,0.4908450829525637
athlete_002,885.995867,0.33999999999999997,0.4941243238863151
athlete_002,886.995867,0.33999999999999997,0.4974035648200664
athlete_002,887.995867,0.33999999999999997,0.5006828057538179
athlete_002,888.995867,0.33999999999999997,0.5039620466875693
athlete_002,889.995867,0.33999999999999997,0.5072412876213206
athlete_002,890.995867,0.33999999999999997,0.510520528555072
athlete_002,891.995867,0.33999999999999997,0.5137997694888234
athlete_002,892.995867,0.33999999999999997,0.5170790104225748
athlete_002,893.995867,0.33999999999999997,0.5203582513563261
athlete_002,894.995867,0.33999999999999997,0.5236374922900775
athlete_002,895.995867,0.33999999999999997,0.5269167332238289
athlete_002,896.995867,0.33999999999999997,0.5301959741575804
athlete_002,897.995867,0.33999999999999997,0.5334752150913317
athlete_002,898.995867,0.33999999999999997,0.5367544560250831
athlete_002,899.995867,0.33999999999999997,0.5400336969588344
athlete_002,900.995867,0.33999999999999997,0.5433129378925858
athlete_002,901.995867,0.33999999999999997,0.5465921788263373
athlete_002,902.995867,0.33999999999999997,0.5498714197600886
athlete_002,903.995867,0.33999999999999997,0.55315066069384
athlete_002,904.995867,0.33999999999999997,0.5564299016275913
athlete_002,905.995867,0.33999999999999997,0.5597091425613427
athlete_002,906.995867,0.33999999999999997,0.5629883834950942
athlete_002,907.995867,0.33999999999999997,0.5662676244288455
athlete_002,908.995867,0.33999999999999997,0.5695468653625969
athlete_002,909.995867,0.33999999999999997,0.5728261062963483
athlete_002,910.995867,0.33999999999999997,0.5761053472300997
athlete_002,911.995867,0.33999999999999997,0.5793845881638511
athlete_002,912.995867,0.33999999999999997,0.5826638290976025
athlete_002,913.995867,0.33999999999999997,0.5859430700313538
athlete_002,914.995867,0.33999999999999997,0.5892223109651052
athlete_002,915.995867,0.33999999999999997,0.5925015518988566
athlete_002,916.995867,0.33999999999999997,0.595780792832608
athlete_002,917.995867,0.33999999999999997,0.5990600337663594
athlete_002,918.995867,0.33999999999999997,0.6023392747001107
athlete_002,919.995867,0.33999999999999997,0.605618515633862
athlete_002,920.995867,0.33999999999999997,0.6088977565676135
athlete_002,921.995867,0.33999999999999997,0.6121769975013649
athlete_002,922.995867,0.33999999999999997,0.6154562384351163
athlete_002,923.995867,0.33999999999999997,0.6187354793688677
athlete_002,924.995867,0.33999999999999997,0.6220147203026191
athlete_002,925.995867,0.33999999999999997,0.6252939612363704
athlete_002,926.995867,0.33999999999999997,0.6285732021701218
athlete_002,927.995867,0.33999999999999997,0.6318524431038732
athlete_002,928.995867,0.33999999999999997,0.6351316840376247
athlete_002,929.995867,0.33999999999999997,0.638410924971376
athlete_002,930.995867,0.33999999999999997,0.6416901659051273
athlete_002,931.995867,0.33999999999999997,0.6449694068388787
athlete_002,932.995867,0.33999999999999997,0.6482486477726301
athlete_002,933.995867,0.33999999999999997,0.6515278887063816
athlete_002,934.995867,0.33999999999999997,0.6548071296401329
athlete_002,935.995867,0.33999999999999997,0.6580863705738842
athlete_002,936.995867,0.33999999999999997,0.6613656115076356
athlete_002,937.995867,0.33999999999999997,0.664644852441387
athlete_002,938.995867,0.33999999999999997,0.6679240933751385
athlete_002,939.995867,0.33999999999999997,0.6712033343088899
athlete_002,940.995867,0.33999999999999997,0.6744825752426412
athlete_002,941.995867,0.33999999999999997,0.6777618161763925
athlete_002,942.995867,0.33999999999999997,0.681041057110144
athlete_002,943.995867,0.33999999999999997,0.6843202980438954
athlete_002,944.995867,0.33999999999999997,0.6875995389776468
athlete_002,945.995867,0.33999999999999997,0.6908787799113981
athlete_002,946.995867,0.33999999999999997,0.6941580208451494
athlete_002,947.995867,0.33999999999999997,0.6974372617789009
athlete_002,948.995867,0.33999999999999997,0.7007165027126523
athlete_002,949.995867,0.33999999999999997,0.7039957436464037
athlete_002,950.995867,0.33999999999999997,0.707274984580155
athlete_002,951.995867,0.33999999999999997,0.7105542255139063
athlete_002,952.995867,0.33999999999999997,0.7138334664476578
athlete_002,953.995867,0.33999999999999997,0.7171127073814092
athlete_002,954.876343,0.33999999999999997,0.72
athlete_002,955.876343,0.33999999999999997,0.7070797370054926
athlete_002,956.876343,0.33999999999999997,0.6941594740109853
athlete_002,957.876343,0.33999999999999997,0.681239211016478
athlete_002,958.876343,0.33999999999999997,0.6683189480219707
athlete_002,959.876343,0.33999999999999997,0.6553986850274633
athlete_002,960.876343,0.33999999999999997,0.642478422032956
athlete_002,961.876343,0.33999999999999997,0.6295581590384487
athlete_002,962.876343,0.33999999999999997,0.6166378960439414
athlete_002,963.876343,0.33999999999999997,0.6037176330494339
athlete_002,964.876343,0.33999999999999997,0.5907973700549267
athlete_002,965.876343,0.33999999999999997,0.5778771070604193
athlete_002,966.876343,0.33999999999999997,0.564956844065912
athlete_002,967.876343,0.33999999999999997,0.5520365810714046
athlete_002,968.876343,0.33999999999999997,0.5391163180768973
athlete_002,969.876343,0.33999999999999997,0.52619605508239
athlete_002,970.876343,0.33999999999999997,0.5132757920878827
athlete_002,971.876343,0.33999999999999997,0.5003555290933753
athlete_002,972.876343,0.33999999999999997,0.487435266098868
athlete_002,973.876343,0.33999999999999997,0.4745150031043607
athlete_002,974.876343,0.33999999999999997,0.46159474010985335
athlete_002,975.876343,0.33999999999999997,0.44867447711534597
athlete_002,976.876343,0.33999999999999997,0.43575421412083865
athlete_002,977.876343,0.33999999999999997,0.4228339511263313
athlete_002,978.876343,0.33999999999999997,0.409913688131824
athlete_002,979.876343,0.33999999999999997,0.3969934251373166
athlete_002,980.876343,0.33999999999999997,0.3840731621428093
athlete_002,981.876343,0.33999999999999997,0.371152899148302
athlete_002,982.876343,0.33999999999999997,0.3582326361537947
athlete_002,983.876343,0.33999999999999997,0.34531237315928737
athlete_002,984.876343,0.33999999999999997,0.33239211016478
athlete_002,985.876343,0.33999999999999997,0.31947184717027266
athlete_002,986.876343,0.33999999999999997,0.30655158417576533
athlete_002,987.876343,0.33999999999999997,0.29363132118125795
athlete_002,988.876343,0.33999999999999997,0.28071105818675063
athlete_002,989.876343,0.33999999999999997,0.2677907951922433
athlete_002,990.876343,0.33999999999999997,0.254870532197736
athlete_002,991.876343,0.33999999999999997,0.24195026920322865
athlete_002,992.876343,0.33999999999999997,0.22903000620872133
athlete_002,993.876343,0.3438902567857859,0.22
athlete_002,994.876343,0.3568105197802932,0.22
athlete_002,995.876343,0.36973078277480065,0.22
athlete_002,996.876343,0.382651045769308,0.22
athlete_002,997.876343,0.3955713087638153,0.22
athlete_002,998.876343,0.4084915717583226,0.22
athlete_002,999.876343,0.42141183475282995,0.22
athlete_002,1000.876343,0.4343320977473373,0.22
athlete_002,1001.876343,0.4472523607418446,0.22
athlete_002,1002.876343,0.4601726237363519,0.22
athlete_002,1003.876343,0.47309288673085925,0.22
athlete_002,1004.876343,0.4860131497253667,0.22
athlete_002,1005.876343,0.498933412719874,0.22
athlete_002,1006.876343,0.5118536757143813,0.22
athlete_002,1007.876343,0.5247739387088887,0.22
athlete_002,1008.876343,0.5376942017033959,0.22
athlete_002,1009.876343,0.5506144646979032,0.22
athlete_002,1010.876343,0.5635347276924105,0.22
athlete_002,1011.876343,0.5764549906869179,0.22
athlete_002,1012.876343,0.5893752536814252,0.22
athlete_002,1013.876343,0.6022955166759325,0.22
athlete_002,1014.876343,0.6152157796704399,0.22
athlete_002,1015.876343,0.6281360426649473,0.22
athlete_002,1016.876343,0.64,0.21894369434054542
athlete_002,1017.876343,0.64,0.2060234313460381
athlete_002,1018.876343,0.64,0.19310316835153077
athlete_002,1019.876343,0.64,0.18018290535702344
athlete_002,1019.890499,0.64,0.17999999999999997
athlete_002,1020.890499,0.7676720716848666,0.18
athlete_002,1021.890499,0.8953441433697331,0.18
athlete_002,1022.890499,0.92,0.2830162150545996
athlete_002,1023.890499,0.92,0.4106882867394661
athlete_002,1024.890499,0.92,0.5383603584243473
athlete_002,1025.890499,0.92,0.6660324301092138
athlete_002,1026.890499,0.92,0.7937045017940805
athlete_002,1027.890499,0.8186234265210531,0.82
athlete_002,1028.890499,0.6909513548361866,0.82
athlete_002,1029.890499,0.5632792831513201,0.82
athlete_002,1030.890499,0.4356072114664532,0.82
athlete_002,1031.890499,0.3079351397815867,0.82
athlete_002,1032.890499,0.1802630680967202,0.82
athlete_002,1033.890499,0.08,0.7925909964118537
athlete_002,1034.890499,0.08,0.664918924726987
athlete_002,1035.890499,0.08,0.5372468530421205
athlete_002,1036.890499,0.08,0.40957478135725395
athlete_002,1037.890499,0.08,0.2819027096723875
athlete_002,1038.890499,0.10576936201247904,0.18
athlete_002,1039.890499,0.23344143369734555,0.18
athlete_002,1040.890499,0.36111350538221204,0.18
athlete_002,1041.890499,0.48878557706707854,0.18
athlete_002,1042.890499,0.616457648751945,0.18
athlete_002,1043.890499,0.7441297204368115,0.18
athlete_002,1044.890499,0.8718017921216784,0.18
athlete_002,1045.890499,0.92,0.2594738638065451
athlete_002,1046.890499,0.92,0.3871459354914116
athlete_002,1047.890499,0.92,0.514818007176278
athlete_002,1048.890499,0.92,0.6424900788611445
athlete_002,1049.890499,0.92,0.770162150546011
athlete_002,1050.890499,0.8421657777691222,0.82
athlete_002,1051.890499,0.7144937060842561,0.82
athlete_002,1052.890499,0.5868216343993896,0.82
athlete_002,1053.890499,0.4591495627145231,0.82
athlete_002,1054.890499,0.3314774910296566,0.82
athlete_002,1055.890499,0.20380541934479013,0.82
athlete_002,1056.890499,0.08,0.8161333476599234
athlete_002,1057.890499,0.08,0.6884612759750569
athlete_002,1058.890499,0.08,0.5607892042901904
athlete_002,1059.890499,0.08,0.43311713260532303
athlete_002,1060.890499,0.08,0.30544506092045653
athlete_002,1061.890499,0.08222701076441023,0.18
athlete_002,1062.890499,0.20989908244927674,0.18
athlete_002,1063.890499,0.33757115413414324,0.18
athlete_002,1064.890499,0.46524322581900973,0.18
athlete_002,1065.890499,0.5929152975038762,0.18
athlete_002,1066.890499,0.7205873691887422,0.18
athlete_002,1067.890499,0.8482594408736087,0.18
athlete_002,1068.890499,0.92,0.23593151255847494
athlete_002,1069.890499,0.92,0.36360358424334144
athlete_002,1070.890499,0.92,0.49127565592820793
athlete_002,1071.890499,0.92,0.6189477276130753
athlete_002,1072.890499,0.92,0.7466197992979418
athlete_002,1073.890499,0.8657081290171914,0.82
athlete_002,1074.890499,0.7380360573323249,0.82
athlete_002,1075.890499,0.6103639856474584,0.82
athlete_002,1076.890499,0.482691913962592,0.82
athlete_002,1077.890499,0.35501984227772454,0.82
athlete_002,1078.890499,0.22734777059285805,0.82
athlete_002,1079.890499,0.09967569890799155,0.82
athlete_002,1080.890499,0.08,0.7120036272231248
athlete_002,1081.890499,0.08,0.5843315555382583
athlete_002,1082.890499,0.08,0.4566594838533927
athlete_002,1083.890499,0.08,0.3289874121685262
athlete_002,1084.890499,0.08,0.20131534048365973
athlete_002,1085.890499,0.18635673120120616,0.18
athlete_002,1086.780618,0.30000000000000066,0.18
athlete_002,1087.780618,0.3,0.18333552376182874
athlete_002,1088.780618,0.3,0.18667104752365746
athlete_002,1089.780618,0.3,0.1900065712854862
athlete_002,1090.780618,0.3,0.19334209504731495
athlete_002,1091.780618,0.3,0.19667761880914367
athlete_002,1092.780618,0.3,0.2000131425709724
athlete_002,1093.780618,0.3,0.20334866633280116
athlete_002,1094.780618,0.3,0.20668419009462988
athlete_002,1095.780618,0.3,0.21001971385645862
athlete_002,1096.780618,0.3,0.21335523761828734
athlete_002,1097.780618,0.3,0.2166907613801161
athlete_002,1098.780618,0.30002628514194485,0.22
athlete_002,1099.780618,0.30336180890377357,0.22
athlete_002,1100.780618,0.3066973326656023,0.22
athlete_002,1101.780618,0.31003285642743106,0.22
athlete_002,1102.780618,0.3133683801892598,0.22
athlete_002,1103.780618,0.3167039039510885,0.22
athlete_002,1104.780618,0.3200394277129172,0.22
athlete_002,1105.780618,0.323374951474746,0.22
athlete_002,1106.780618,0.3267104752365747,0.22
athlete_002,1107.780618,0.3300459989984034,0.22
athlete_002,1108.780618,0.3333815227602322,0.22
athlete_002,1109.780618,0.3367170465220609,0.22
athlete_002,1110.780618,0.3400525702838897,0.22
athlete_002,1111.780618,0.3433880940457184,0.22
athlete_002,1112.780618,0.3467236178075471,0.22
athlete_002,1113.780618,0.3500591415693759,0.22
athlete_002,1114.780618,0.35339466533120456,0.22
athlete_002,1115.780618,0.35673018909303333,0.22
athlete_002,1116.780618,0.3600657128548621,0.22
athlete_002,1117.780618,0.3634012366166908,0.22
athlete_002,1118.780618,0.36673676037851954,0.22
athlete_002,1119.780618,0.37007228414034826,0.22
athlete_002,1120.780618,0.37340780790217704,0.22
athlete_002,1121.780618,0.37674333166400575,0.22
athlete_002,1122.780618,0.38007885542583447,0.22
athlete_002,1123.780618,0.38341437918766325,0.22
athlete_002,1124.780618,0.38674990294949196,0.22
athlete_002,1125.780618,0.39008542671132074,0.22
athlete_002,1126.780618,0.3934209504731494,0.22
athlete_002,1127.780618,0.3967564742349782,0.22
athlete_002,1128.780618,0.4000919979968069,0.22
athlete_002,1129.780618,0.4034275217586356,0.22
athlete_002,1130.780618,0.4067630455204644,0.22
athlete_002,1131.780618,0.41009856928229316,0.22
athlete_002,1132.780618,0.4134340930441219,0.22
athlete_002,1133.780618,0.4167696168059506,0.22
athlete_002,1134.780618,0.42,0.22010514056777936
athlete_002,1135.780618,0.42,0.22344066432960807
athlete_002,1136.780618,0.42,0.22677618809143682
athlete_002,1137.780618,0.42,0.23011171185326554
athlete_002,1138.780618,0.42,0.23344723561509428
athlete_002,1139.780618,0.42,0.23678275937692303
athlete_002,1140.780618,0.42,0.24011828313875178
athlete_002,1141.780618,0.42,0.24345380690058052
athlete_002,1142.780618,0.42,0.2467893306624092
athlete_002,1143.780618,0.42,0.25012485442423793
athlete_002,1144.780618,0.42,0.2534603781860667
athlete_002,1145.780618,0.42,0.2567959019478955
athlete_002,1146.780618,0.42,0.2601314257097242
athlete_002,1147.780618,0.42,0.2634669494715529
athlete_002,1148.780618,0.42,0.2668024732333817
athlete_002,1149.780618,0.42,0.2701379969952104
athlete_002,1150.780618,0.42,0.2734735207570391
athlete_002,1151.780618,0.42,0.2768090445188679
athlete_002,1152.780618,0.42,0.28014456828069656
athlete_002,1153.780618,0.42,0.28348009204252533
athlete_002,1154.780618,0.42,0.2868156158043541
athlete_002,1155.780618,0.42,0.2901511395661828
athlete_002,1156.780618,0.42,0.29348666332801154
athlete_002,1157.780618,0.42,0.29682218708984026
athlete_002,1158.780618,0.42,0.300157710851669
athlete_002,1159.780618,0.42,0.30349323461349775
athlete_002,1160.780618,0.42,0.3068287583753265
athlete_002,1161.780618,0.42,0.31016428213715524
athlete_002,1162.780618,0.42,0.31349980589898396
athlete_002,1163.780618,0.42,0.3168353296608127
athlete_002,1164.780618,0.42,0.32017085342264145
athlete_002,1165.780618,0.42,0.3235063771844702
athlete_002,1166.780618,0.42,0.3268419009462989
athlete_002,1167.780618,0.42,0.33017742470812766
athlete_002,1168.780618,0.42,0.3335129484699564
athlete_002,1169.780618,0.42,0.3368484722317851
athlete_002,1170.725455,0.42,0.34
athlete_002,1171.725455,0.42,0.3428696497117822
athlete_002,1172.725455,0.42,0.34573929942356435
athlete_002,1173.725455,0.42,0.3486089491353465
athlete_002,1174.725455,0.42,0.3514785988471287
athlete_002,1175.725455,0.42,0.35434824855891084
athlete_002,1176.725455,0.42,0.357217898270693
athlete_002,1177.725455,0.42,0.36008754798247516
athlete_002,1178.725455,0.42,0.3629571976942573
athlete_002,1179.725455,0.42,0.3658268474060395
athlete_002,1180.725455,0.42,0.36869649711782165
athlete_002,1181.725455,0.42,0.3715661468296038
athlete_002,1182.725455,0.42,0.374435796541386
athlete_002,1183.725455,0.42,0.37730544625316814
athlete_002,1184.725455,0.42,0.3801750959649503
athlete_002,1185.725455,0.42,0.38304474567673247
athlete_002,1186.725455,0.42,0.38591439538851463
athlete_002,1187.725455,0.42,0.3887840451002968
athlete_002,1188.725455,0.42,0.39165369481207896
athlete_002,1189.725455,0.42,0.3945233445238611
athlete_002,1190.725455,0.42,0.3973929942356433
athlete_002,1191.725455,0.42,0.40026264394742544
athlete_002,1192.725455,0.42,0.40313229365920755
athlete_002,1193.725455,0.42,0.4060019433709897
athlete_002,1194.725455,0.42,0.40887159308277193
athlete_002,1195.725455,0.42,0.4117412427945541
athlete_002,1196.725455,0.42,0.4146108925063362
athlete_002,1197.725455,0.42,0.41748054221811837
athlete_002,1198.725455,0.42,0.42035019192990053
athlete_002,1199.725455,0.42,0.42321984164168275
athlete_002,1200.725455,0.42,0.42608949135346486
athlete_002,1201.725455,0.42,0.428959141065247
athlete_002,1202.725455,0.42,0.4318287907770292
athlete_002,1203.725455,0.42,0.43469844048881134
athlete_002,1204.725455,0.42,0.4375680902005935
athlete_002,1205.725455,0.42,0.4404377399123757
athlete_002,1206.725455,0.42,0.44330738962415783
athlete_002,1207.725455,0.42,0.44617703933594
athlete_002,1208.725455,0.42,0.44904668904772216
athlete_002,1209.725455,0.42,0.4519163387595043
athlete_002,1210.725455,0.42,0.4547859884712865
athlete_002,1211.725455,0.42,0.45765563818306865
athlete_002,1212.725455,0.42,0.4605252878948508
athlete_002,1213.725455,0.42,0.463394937606633
athlete_002,1214.725455,0.42,0.46626458731841514
athlete_002,1215.725455,0.42,0.4691342370301973
athlete_002,1216.725455,0.42,0.47200388674197946
athlete_002,1217.725455,0.42,0.4748735364537616
athlete_002,1218.725455,0.42,0.4777431861655438
athlete_002,1219.725455,0.42,0.48061283587732595
athlete_002,1220.725455,0.42,0.4834824855891081
athlete_002,1221.725455,0.42,0.4863521353008903
athlete_002,1222.725455,0.42,0.48922178501267244
athlete_002,1223.725455,0.42,0.4920914347244546
athlete_002,1224.725455,0.42,0.49496108443623676
athlete_002,1225.725455,0.42,0.4978307341480189
athlete_002,1226.725455,0.42,0.5007003838598011
athlete_002,1227.725455,0.42,0.5035700335715833
athlete_002,1228.725455,0.42,0.5064396832833654
athlete_002,1229.725455,0.42,0.5093093329951476
athlete_002,1230.725455,0.42,0.5121789827069297
athlete_002,1231.725455,0.42,0.5150486324187119
athlete_002,1232.725455,0.42,0.5179182821304941
athlete_002,1233.725455,0.42,0.5207879318422762
athlete_002,1234.725455,0.42,0.5236575815540584
athlete_002,1235.725455,0.42,0.5265272312658406
athlete_002,1236.725455,0.42,0.5293968809776227
athlete_002,1237.725455,0.42,0.5322665306894049
athlete_002,1238.725455,0.42,0.535136180401187
athlete_002,1239.725455,0.42,0.5380058301129692
athlete_002,1240.725455,0.42,0.5408754798247514
athlete_002,1241.725455,0.42,0.5437451295365335
athlete_002,1242.725455,0.42,0.5466147792483157
athlete_002,1243.725455,0.42,0.5494844289600979
athlete_002,1244.725455,0.42,0.55235407867188
athlete_002,1245.725455,0.42,0.5552237283836622
athlete_002,1246.725455,0.42,0.5580933780954443
athlete_002,1247.725455,0.42,0.5609630278072265
athlete_002,1248.725455,0.42,0.5638326775190087
athlete_002,1249.725455,0.42,0.5667023272307908
athlete_002,1250.725455,0.42,0.569571976942573
athlete_002,1251.725455,0.42,0.5724416266543552
athlete_002,1252.725455,0.42,0.5753112763661373
athlete_002,1253.725455,0.42,0.5781809260779195
athlete_002,1254.725455,0.42,0.5810505757897017
athlete_002,1255.725455,0.42,0.5839202255014838
athlete_002,1256.725455,0.42,0.586789875213266
athlete_002,1257.725455,0.42,0.5896595249250481
athlete_002,1258.725455,0.42,0.5925291746368302
athlete_002,1259.725455,0.42,0.5953988243486124
athlete_002,1260.725455,0.42,0.5982684740603945
athlete_002,1261.725455,0.42,0.6011381237721767
athlete_002,1262.725455,0.42,0.6040077734839588
athlete_002,1263.725455,0.42,0.6068774231957411
athlete_002,1264.725455,0.42,0.6097470729075233
athlete_002,1265.725455,0.42,0.6126167226193054
athlete_002,1266.725455,0.42,0.6154863723310876
athlete_002,1267.725455,0.42,0.6183560220428698
athlete_002,1268.725455,0.42,0.6212256717546519
athlete_002,1269.725455,0.42,0.6240953214664341
athlete_002,1270.725455,0.42,0.6269649711782163
athlete_002,1271.725455,0.42,0.6298346208899984
athlete_002,1272.725455,0.42,0.6327042706017806
athlete_002,1273.725455,0.42,0.6355739203135627
athlete_002,1274.725455,0.42,0.6384435700253448
athlete_002,1275.725455,0.42,0.641313219737127
athlete_002,1276.725455,0.42,0.6441828694489091
athlete_002,1277.725455,0.42,0.6470525191606913
athlete_002,1278.725455,0.42,0.6499221688724734
athlete_002,1279.725455,0.42,0.6527918185842556
athlete_002,1280.725455,0.42,0.6556614682960378
athlete_002,1281.725455,0.42,0.6585311180078199
athlete_002,1282.725455,0.42,0.6614007677196021
athlete_002,1283.725455,0.42,0.6642704174313843
athlete_002,1284.725455,0.42,0.6671400671431664
athlete_002,1285.725455,0.42,0.6700097168549486
athlete_002,1286.725455,0.42,0.6728793665667309
athlete_002,1287.725455,0.42,0.675749016278513
athlete_002,1288.725455,0.42,0.6786186659902952
athlete_002,1289.725455,0.42,0.6814883157020774
athlete_002,1290.725455,0.42,0.6843579654138594
athlete_002,1291.725455,0.42,0.6872276151256416
athlete_002,1292.725455,0.42,0.6900972648374237
athlete_002,1293.725455,0.42,0.6929669145492059
athlete_002,1294.725455,0.42,0.695836564260988
athlete_002,1295.725455,0.42,0.6987062139727702
athlete_002,1296.725455,0.42,0.7015758636845524
athlete_002,1297.725455,0.42,0.7044455133963345
athlete_002,1298.725455,0.42,0.7073151631081167
athlete_002,1299.725455,0.42,0.7101848128198989
athlete_002,1300.725455,0.42,0.713054462531681
athlete_002,1301.725455,0.42,0.7159241122434632
athlete_002,1302.725455,0.42,0.7187937619552454
athlete_002,1303.145798,0.42,0.72
athlete_002,1304.145798,0.42,0.7104344949726374
athlete_002,1305.145798,0.42,0.700868989945275
athlete_002,1306.145798,0.42,0.6913034849179125
athlete_002,1307.145798,0.42,0.68173797989055
athlete_002,1308.145798,0.42,0.6721724748631875
athlete_002,1309.145798,0.42,0.662606969835825
athlete_002,1310.145798,0.42,0.6530414648084625
athlete_002,1311.145798,0.42,0.6434759597811001
athlete_002,1312.145798,0.42,0.6339104547537375
athlete_002,1313.145798,0.42,0.6243449497263751
athlete_002,1314.145798,0.42,0.6147794446990126
athlete_002,1315.145798,0.42,0.60521393967165
athlete_002,1316.145798,0.42,0.5956484346442876
athlete_002,1317.145798,0.42,0.5860829296169251
athlete_002,1318.145798,0.42,0.5765174245895626
athlete_002,1319.145798,0.42,0.5669519195622001
athlete_002,1320.145798,0.42,0.5573864145348376
athlete_002,1321.145798,0.42,0.5478209095074751
athlete_002,1322.145798,0.42,0.5382554044801127
athlete_002,1323.145798,0.42,0.5286898994527501
athlete_002,1324.145798,0.42,0.5191243944253876
athlete_002,1325.145798,0.42,0.5095588893980252
athlete_002,1326.145798,0.42,0.49999338437066265
athlete_002,1327.145798,0.42,0.4904278793433002
athlete_002,1328.145798,0.42,0.4808623743159377
athlete_002,1329.145798,0.42,0.47129686928857517
athlete_002,1330.145798,0.42,0.4617313642612127
athlete_002,1331.145798,0.42,0.45216585923385016
athlete_002,1332.145798,0.42,0.4426003542064877
athlete_002,1333.145798,0.42,0.4330348491791252
athlete_002,1334.145798,0.42,0.4234693441517627
athlete_002,1335.145798,0.42,0.4139038391244002
athlete_002,1336.145798,0.42,0.40433833409703773
athlete_002,1337.145798,0.42,0.39477282906967526
athlete_002,1338.145798,0.42,0.3852073240423127
athlete_002,1339.145798,0.42,0.37564181901495025
athlete_002,1340.145798,0.42,0.3660763139875878
athlete_002,1341.145798,0.42,0.3565108089602253
athlete_002,1342.145798,0.42,0.34694530393286277
athlete_002,1343.145798,0.42,0.33737979890550035
athlete_002,1344.145798,0.42,0.3278142938781378
athlete_002,1345.145798,0.42,0.31824878885077534
athlete_002,1346.145798,0.42,0.30868328382341287
athlete_002,1347.145798,0.42,0.2991177787960504
athlete_002,1348.145798,0.42,0.28955227376868786
athlete_002,1349.145798,0.42,0.2799867687413254
athlete_002,1350.145798,0.42,0.2704212637139629
athlete_002,1351.145798,0.42,0.2608557586866004
athlete_002,1352.145798,0.42,0.2512902536592379
athlete_002,1353.145798,0.42,0.24172474863187543
athlete_002,1354.145798,0.42,0.23215924360451295
athlete_002,1355.145798,0.42,0.22259373857715042
athlete_002,1356.145798,0.4269717664502121,0.22
athlete_002,1357.145798,0.43653727147757454,0.22
athlete_002,1358.145798,0.44610277650493707,0.22
athlete_002,1359.145798,0.4556682815322996,0.22
athlete_002,1360.145798,0.465233786559662,0.22
athlete_002,1361.145798,0.47479929158702455,0.22
athlete_002,1362.145798,0.4843647966143871,0.22
athlete_002,1363.145798,0.4939303016417495,0.22
athlete_002,1364.145798,0.503495806669112,0.22
athlete_002,1365.145798,0.5130613116964746,0.22
athlete_002,1366.145798,0.522626816723837,0.22
athlete_002,1367.145798,0.5321923217511995,0.22
athlete_002,1368.145798,0.5417578267785619,0.22
athlete_002,1369.145798,0.5513233318059245,0.22
athlete_002,1370.145798,0.5608888368332869,0.22
athlete_002,1371.145798,0.5704543418606494,0.22
athlete_002,1372.145798,0.580019846888012,0.22
athlete_002,1373.145798,0.5895853519153744,0.22
athlete_002,1374.145798,0.5991508569427368,0.22
athlete_002,1375.145798,0.6087163619700995,0.22
athlete_002,1376.145798,0.6182818669974619,0.22
athlete_002,1377.145798,0.6278473720248243,0.22
athlete_002,1378.145798,0.637412877052187,0.22
athlete_002,1379.145798,0.64,0.21302161792045063
athlete_002,1380.145798,0.64,0.2034561128930881
athlete_002,1381.145798,0.64,0.19389060786572557
athlete_002,1382.145798,0.64,0.18432510283836315
athlete_002,1382.597955,0.64,0.17999999999999997
athlete_002,1383.597955,0.7742222575812855,0.18
athlete_002,1384.597955,0.9084445151625711,0.18
athlete_002,1385.597955,0.92,0.30266677274385645
athlete_002,1386.597955,0.92,0.436889030325142
athlete_002,1387.597955,0.92,0.5711112879064275
athlete_002,1388.597955,0.92,0.705333545487713
athlete_002,1389.597955,0.9004441969310015,0.82
athlete_002,1390.597955,0.7662219393497159,0.82
athlete_002,1391.597955,0.6319996817684305,0.82
athlete_002,1392.597955,0.49777742418714505,0.82
athlete_002,1393.597955,0.3635551666058595,0.82
athlete_002,1394.597955,0.22933290902457404,0.82
athlete_002,1395.597955,0.09511065144328856,0.82
athlete_002,1396.597955,0.08,0.7008883938620031
athlete_002,1397.597955,0.08,0.5666661362807174
athlete_002,1398.597955,0.08,0.4324438786994319
athlete_002,1399.597955,0.08,0.2982216211181469
athlete_002,1400.597955,0.0960006364631391,0.18
athlete_002,1401.597955,0.23022289404442414,0.18
athlete_002,1402.597955,0.36444515162571006,0.18
athlete_002,1403.597955,0.4986674092069951,0.18
athlete_002,1404.597955,0.632889666788281,0.18
athlete_002,1405.597955,0.7671119243695664,0.18
athlete_002,1406.597955,0.9013341819508519,0.18
athlete_002,1407.597955,0.92,0.2955564395321371
athlete_002,1408.597955,0.92,0.42977869711342265
athlete_002,1409.597955,0.92,0.564000954694708
athlete_002,1410.597955,0.92,0.6982232122759935
athlete_002,1411.597955,0.9075545301427207,0.82
athlete_002,1412.597955,0.7733322725614348,0.82
athlete_002,1413.597955,0.6391100149801502,0.82
athlete_002,1414.597955,0.5048877573988638,0.82
athlete_002,1415.597955,0.37066549981757835,0.82
athlete_002,1416.597955,0.23644324223629376,0.82
athlete_002,1417.597955,0.1022209846550074,0.82
athlete_002,1418.597955,0.08,0.7079987270737217
athlete_002,1419.597955,0.08,0.5737764694924362
athlete_002,1420.597955,0.08,0.4395542119111516
athlete_002,1421.597955,0.08,0.30533195432986526
athlete_002,1422.597955,0.08889030325142049,0.18
athlete_002,1423.597955,0.22311256083270598,0.18
athlete_002,1424.597955,0.35733481841399056,0.18
athlete_002,1425.597955,0.4915570759952769,0.18
athlete_002,1426.597955,0.6257793335765623,0.18
athlete_002,1427.597955,0.7600015911578474,0.18
athlete_002,1428.597955,0.8942238487391329,0.18
athlete_002,1429.597955,0.92,0.28844610632041806
athlete_002,1430.597955,0.92,0.42266836390170354
athlete_002,1431.597955,0.92,0.556890621482989
athlete_002,1432.597955,0.92,0.6911128790642744
athlete_002,1433.597955,0.9146648633544397,0.82
athlete_002,1434.597955,0.7804426057731543,0.82
athlete_002,1435.597955,0.6462203481918679,0.82
athlete_002,1436.597955,0.5119980906105833,0.82
athlete_002,1437.597955,0.37777583302929785,0.82
athlete_002,1438.597955,0.24355357544801237,0.82
athlete_002,1439.597955,0.10933131786672601,0.82
athlete_002,1440.597955,0.08,0.7151090602854412
athlete_002,1441.597955,0.08,0.5808868027041557
athlete_002,1442.597955,0.08,0.44666454512286935
athlete_002,1443.597955,0.08,0.3124422875415839
athlete_002,1444.597955,0.08177997003969921,0.18
athlete_002,1445.597955,0.21600222762098648,0.18
athlete_002,1446.223766,0.30000000000000066,0.18
athlete_002,1447.223766,0.3,0.18542447509590834
athlete_002,1448.223766,0.3,0.19084895019181672
athlete_002,1449.223766,0.3,0.19627342528772507
athlete_002,1450.223766,0.3,0.20169790038363344
athlete_002,1451.223766,0.3,0.2071223754795418
athlete_002,1452.223766,0.3,0.21254685057545014
athlete_002,1453.223766,0.3,0.21797132567135852
athlete_002,1454.223766,0.30339580076726685,0.22
athlete_002,1455.223766,0.30882027586317523,0.22
athlete_002,1456.223766,0.31424475095908355,0.22
athlete_002,1457.223766,0.31966922605499193,0.22
athlete_002,1458.223766,0.3250937011509003,0.22
athlete_002,1459.223766,0.3305181762468087,0.22
athlete_002,1460.223766,0.33594265134271706,0.22
athlete_002,1461.223766,0.3413671264386254,0.22
athlete_002,1462.223766,0.34679160153453376,0.22
athlete_002,1463.223766,0.35221607663044213,0.22
athlete_002,1464.223766,0.35764055172635045,0.22
athlete_002,1465.223766,0.36306502682225883,0.22
athlete_002,1466.223766,0.3684895019181672,0.22
athlete_002,1467.223766,0.3739139770140756,0.22
athlete_002,1468.223766,0.3793384521099839,0.22
athlete_002,1469.223766,0.3847629272058923,0.22
athlete_002,1470.223766,0.3901874023018006,0.22
athlete_002,1471.223766,0.395611877397709,0.22
athlete_002,1472.223766,0.40103635249361735,0.22
athlete_002,1473.223766,0.40646082758952573,0.22
athlete_002,1474.223766,0.4118853026854341,0.22
athlete_002,1475.223766,0.41730977778134243,0.22
athlete_002,1476.223766,0.4227342528772508,0.22
athlete_002,1477.223766,0.4281587279731591,0.22
athlete_002,1478.223766,0.4335832030690675,0.22
athlete_002,1479.223766,0.4390076781649759,0.22
athlete_002,1480.223766,0.44443215326088426,0.22
athlete_002,1481.223766,0.44985662835679263,0.22
athlete_002,1482.223766,0.45528110345270095,0.22
athlete_002,1483.223766,0.46070557854860933,0.22
athlete_002,1484.223766,0.46613005364451765,0.22
athlete_002,1485.223766,0.471554528740426,0.22
athlete_002,1486.223766,0.4769790038363344,0.22
athlete_002,1487.223766,0.4824034789322428,0.22
athlete_002,1488.223766,0.48782795402815116,0.22
athlete_002,1489.223766,0.4932524291240595,0.22
athlete_002,1490.223766,0.49867690421996785,0.22
athlete_002,1491.223766,0.5,0.2241013793158762
athlete_002,1492.223766,0.5,0.22952585441178458
athlete_002,1493.223766,0.5,0.23495032950769296
athlete_002,1494.223766,0.5,0.24037480460360128
athlete_002,1495.223766,0.5,0.24579927969950965
athlete_002,1496.223766,0.5,0.251223754795418
athlete_002,1497.223766,0.5,0.25664822989132635
athlete_002,1498.223766,0.5,0.26207270498723473
athlete_002,1499.223766,0.5,0.2674971800831431
athlete_002,1500.223766,0.5,0.2729216551790515
athlete_002,1501.223766,0.5,0.2783461302749598
athlete_002,1502.223766,0.5,0.2837706053708682
athlete_002,1503.223766,0.5,0.2891950804667765
athlete_002,1504.223766,0.5,0.2946195555626849
athlete_002,1505.223766,0.5,0.30004403065859325
athlete_002,1506.223766,0.5,0.30546850575450163
athlete_002,1507.223766,0.5,0.31089298085041
athlete_002,1508.223766,0.5,0.3163174559463183
athlete_002,1509.223766,0.5,0.3217419310422267
athlete_002,1510.223766,0.5,0.3271664061381351
athlete_002,1511.223766,0.5,0.3325908812340434
athlete_002,1512.223766,0.5,0.3380153563299518
athlete_002,1512.589634,0.5,0.34
athlete_002,1513.589634,0.5,0.3418623028686018
athlete_002,1514.589634,0.5,0.3437246057372036
athlete_002,1515.589634,0.5,0.3455869086058054
athlete_002,1516.589634,0.5,0.34744921147440716
athlete_002,1517.589634,0.5,0.34931151434300894
athlete_002,1518.589634,0.5,0.35117381721161073
athlete_002,1519.589634,0.5,0.3530361200802125
athlete_002,1520.589634,0.5,0.3548984229488143
athlete_002,1521.589634,0.5,0.3567607258174161
athlete_002,1522.589634,0.5,0.3586230286860179
athlete_002,1523.589634,0.5,0.3604853315546197
athlete_002,1524.589634,0.5,0.3623476344232215
athlete_002,1525.589634,0.5,0.36420993729182327
athlete_002,1526.589634,0.5,0.36607224016042506
athlete_002,1527.589634,0.5,0.36793454302902684
athlete_002,1528.589634,0.5,0.3697968458976286
athlete_002,1529.589634,0.5,0.3716591487662304
athlete_002,1530.589634,0.5,0.3735214516348322
athlete_002,1531.589634,0.5,0.375383754503434
athlete_002,1532.589634,0.5,0.37724605737203576
athlete_002,1533.589634,0.5,0.37910836024063754
athlete_002,1534.589634,0.5,0.3809706631092393
athlete_002,1535.589634,0.5,0.3828329659778411
athlete_002,1536.589634,0.5,0.3846952688464429
athlete_002,1537.589634,0.5,0.3865575717150447
athlete_002,1538.589634,0.5,0.38841987458364646
athlete_002,1539.589634,0.5,0.39028217745224825
athlete_002,1540.589634,0.5,0.39214448032085003
athlete_002,1541.589634,0.5,0.3940067831894518
athlete_002,1542.589634,0.5,0.3958690860580536
athlete_002,1543.589634,0.5,0.3977313889266554
athlete_002,1544.589634,0.5,0.3995936917952572
athlete_002,1545.589634,0.5,0.401455994663859
athlete_002,1546.589634,0.5,0.4033182975324608
athlete_002,1547.589634,0.5,0.4051806004010626
athlete_002,1548.589634,0.5,0.40704290326966436
athlete_002,1549.589634,0.5,0.40890520613826614
athlete_002,1550.589634,0.5,0.4107675090068679
athlete_002,1551.589634,0.5,0.4126298118754697
athlete_002,1552.589634,0.5,0.4144921147440715
athlete_002,1553.589634,0.5,0.4163544176126733
athlete_002,1554.589634,0.5,0.41821672048127506
athlete_002,1555.589634,0.5,0.42007902334987685
athlete_002,1556.589634,0.5,0.42194132621847863
athlete_002,1557.589634,0.5,0.4238036290870804
athlete_002,1558.589634,0.5,0.4256659319556822
athlete_002,1559.589634,0.5,0.42752823482428404
athlete_002,1560.589634,0.5,0.42939053769288577
athlete_002,1561.589634,0.5,0.4312528405614876
athlete_002,1562.589634,0.5,0.4331151434300894
athlete_002,1563.589634,0.5,0.4349774462986912
athlete_002,1564.589634,0.5,0.43683974916729296
athlete_002,1565.589634,0.5,0.43870205203589474
athlete_002,1566.589634,0.5,0.4405643549044965
athlete_002,1567.589634,0.5,0.4424266577730983
athlete_002,1568.589634,0.5,0.4442889606417001
athlete_002,1569.589634,0.5,0.4461512635103019
athlete_002,1570.589634,0.5,0.44801356637890366
athlete_002,1571.589634,0.5,0.44987586924750544
athlete_002,1572.589634,0.5,0.45173817211610723
athlete_002,1573.589634,0.5,0.453600474984709
athlete_002,1574.589634,0.5,0.4554627778533108
athlete_002,1575.589634,0.5,0.4573250807219126
athlete_002,1576.589634,0.5,0.45918738359051436
athlete_002,1577.589634,0.5,0.46104968645911615
athlete_002,1578.589634,0.5,0.46291198932771793
athlete_002,1579.589634,0.5,0.4647742921963197
athlete_002,1580.589634,0.5,0.4666365950649215
athlete_002,1581.589634,0.5,0.4684988979335233
athlete_002,1582.589634,0.5,0.47036120080212507
athlete_002,1583.589634,0.5,0.47222350367072685
athlete_002,1584.589634,0.5,0.47408580653932864
athlete_002,1585.589634,0.5,0.4759481094079305
athlete_002,1586.589634,0.5,0.4778104122765322
athlete_002,1587.589634,0.5,0.479672715145134
athlete_002,1588.589634,0.5,0.4815350180137358
athlete_002,1589.589634,0.5,0.4833973208823376
athlete_002,1590.589634,0.5,0.48525962375093934
athlete_002,1591.589634,0.5,0.4871219266195412
athlete_002,1592.589634,0.5,0.48898422948814296
athlete_002,1593.589634,0.5,0.49084653235674475
athlete_002,1594.589634,0.5,0.4927088352253466
athlete_002,1595.589634,0.5,0.4945711380939483
athlete_002,1596.589634,0.5,0.4964334409625501
athlete_002,1597.589634,0.5,0.49829574383115194
athlete_002,1598.589634,0.5,0.5001580466997537
athlete_002,1599.589634,0.5,0.5020203495683555
athlete_002,1600.589634,0.5,0.5038826524369573
athlete_002,1601.589634,0.5,0.5057449553055591
athlete_002,1602.589634,0.5,0.5076072581741609
athlete_002,1603.589634,0.5,0.5094695610427626
athlete_002,1604.589634,0.5,0.5113318639113644
athlete_002,1605.589634,0.5,0.5131941667799662
athlete_002,1606.589634,0.5,0.515056469648568
athlete_002,1607.589634,0.5,0.5169187725171698
athlete_002,1608.589634,0.5,0.5187810753857716
athlete_002,1609.589634,0.5,0.5206433782543733
athlete_002,1610.589634,0.5,0.5225056811229751
athlete_002,1611.589634,0.5,0.5243679839915769
athlete_002,1612.589634,0.5,0.5262302868601787
athlete_002,1613.589634,0.5,0.5280925897287805
athlete_002,1614.589634,0.5,0.5299548925973823
athlete_002,1615.589634,0.5,0.531817195465984
athlete_002,1616.589634,0.5,0.5336794983345858
athlete_002,1617.589634,0.5,0.5355418012031876
athlete_002,1618.589634,0.5,0.5374041040717894
athlete_002,1619.589634,0.5,0.5392664069403912
athlete_002,1620.589634,0.5,0.541128709808993
athlete_002,1621.589634,0.5,0.5429910126775948
athlete_002,1622.589634,0.5,0.5448533155461965
athlete_002,1623.589634,0.5,0.5467156184147983
athlete_002,1624.589634,0.5,0.5485779212834001
athlete_002,1625.589634,0.5,0.5504402241520019
athlete_002,1626.589634,0.5,0.5523025270206037
athlete_002,1627.589634,0.5,0.5541648298892055
athlete_002,1628.589634,0.5,0.5560271327578072
athlete_002,1629.589634,0.5,0.557889435626409
athlete_002,1630.589634,0.5,0.5597517384950108
athlete_002,1631.589634,0.5,0.5616140413636126
athlete_002,1632.589634,0.5,0.5634763442322144
athlete_002,1633.589634,0.5,0.5653386471008162
athlete_002,1634.589634,0.5,0.567200949969418
athlete_002,1635.589634,0.5,0.5690632528380198
athlete_002,1636.589634,0.5,0.5709255557066215
athlete_002,1637.589634,0.5,0.5727878585752233
athlete_002,1638.589634,0.5,0.5746501614438252
athlete_002,1639.589634,0.5,0.5765124643124269
athlete_002,1640.589634,0.5,0.5783747671810288
athlete_002,1641.589634,0.5,0.5802370700496305
athlete_002,1642.589634,0.5,0.5820993729182322
athlete_002,1643.589634,0.5,0.5839616757868341
athlete_002,1644.589634,0.5,0.5858239786554359
athlete_002,1645.589634,0.5,0.5876862815240377
athlete_002,1646.589634,0.5,0.5895485843926395
athlete_002,1647.589634,0.5,0.5914108872612412
athlete_002,1648.589634,0.5,0.593273190129843
athlete_002,1649.589634,0.5,0.5951354929984448
athlete_002,1650.589634,0.5,0.5969977958670466
athlete_002,1651.589634,0.5,0.5988600987356484
athlete_002,1652.589634,0.5,0.6007224016042502
athlete_002,1653.589634,0.5,0.602584704472852
athlete_002,1654.589634,0.5,0.6044470073414537
athlete_002,1655.589634,0.5,0.6063093102100555
athlete_002,1656.589634,0.5,0.6081716130786573
athlete_002,1657.589634,0.5,0.6100339159472591
athlete_002,1658.589634,0.5,0.611896218815861
athlete_002,1659.589634,0.5,0.6137585216844627
athlete_002,1660.589634,0.5,0.6156208245530644
athlete_002,1661.589634,0.5,0.6174831274216663
athlete_002,1662.589634,0.5,0.619345430290268
athlete_002,1663.589634,0.5,0.6212077331588698
athlete_002,1664.589634,0.5,0.6230700360274717
athlete_002,1665.589634,0.5,0.6249323388960734
athlete_002,1666.589634,0.5,0.6267946417646753
athlete_002,1667.589634,0.5,0.628656944633277
athlete_002,1668.589634,0.5,0.6305192475018787
athlete_002,1669.589634,0.5,0.6323815503704806
athlete_002,1670.589634,0.5,0.6342438532390824
athlete_002,1671.589634,0.5,0.6361061561076842
athlete_002,1672.589634,0.5,0.637968458976286
athlete_002,1673.589634,0.5,0.6398307618448877
athlete_002,1674.589634,0.5,0.6416930647134895
athlete_002,1675.589634,0.5,0.6435553675820913
athlete_002,1676.589634,0.5,0.6454176704506931
athlete_002,1677.589634,0.5,0.6472799733192949
athlete_002,1678.589634,0.5,0.6491422761878967
athlete_002,1679.589634,0.5,0.6510045790564984
athlete_002,1680.589634,0.5,0.6528668819251002
athlete_002,1681.589634,0.5,0.654729184793702
athlete_002,1682.589634,0.5,0.6565914876623038
athlete_002,1683.589634,0.5,0.6584537905309056
athlete_002,1684.589634,0.5,0.6603160933995074
athlete_002,1685.589634,0.5,0.6621783962681091
athlete_002,1686.589634,0.5,0.6640406991367109
athlete_002,1687.589634,0.5,0.6659030020053127
athlete_002,1688.589634,0.5,0.6677653048739145
athlete_002,1689.589634,0.5,0.6696276077425163
athlete_002,1690.589634,0.5,0.6714899106111181
athlete_002,1691.589634,0.5,0.6733522134797199
athlete_002,1692.589634,0.5,0.6752145163483216
athlete_002,1693.589634,0.5,0.6770768192169234
athlete_002,1694.589634,0.5,0.6789391220855252
athlete_002,1695.589634,0.5,0.680801424954127
athlete_002,1696.589634,0.5,0.6826637278227288
athlete_002,1697.589634,0.5,0.6845260306913306
athlete_002,1698.589634,0.5,0.6863883335599323
athlete_002,1699.589634,0.5,0.6882506364285341
athlete_002,1700.589634,0.5,0.6901129392971359
athlete_002,1701.589634,0.5,0.6919752421657377
athlete_002,1702.589634,0.5,0.6938375450343395
athlete_002,1703.589634,0.5,0.6956998479029413
athlete_002,1704.589634,0.5,0.697562150771543
athlete_002,1705.589634,0.5,0.6994244536401448
athlete_002,1706.589634,0.5,0.7012867565087466
athlete_002,1707.589634,0.5,0.7031490593773484
athlete_002,1708.589634,0.5,0.7050113622459502
athlete_002,1709.589634,0.5,0.706873665114552
athlete_002,1710.589634,0.5,0.7087359679831537
athlete_002,1711.589634,0.5,0.7105982708517555
athlete_002,1712.589634,0.5,0.7124605737203573
athlete_002,1713.589634,0.5,0.7143228765889591
athlete_002,1714.589634,0.5,0.7161851794575609
athlete_002,1715.589634,0.5,0.7180474823261627
athlete_002,1716.589634,0.5,0.7199097851947645
athlete_002,1716.638077,0.5,0.72
athlete_002,1717.638077,0.5,0.7127932091691376
athlete_002,1718.638077,0.5,0.7055864183382751
athlete_002,1719.638077,0.5,0.6983796275074127
athlete_002,1720.638077,0.5,0.6911728366765503
athlete_002,1721.638077,0.5,0.6839660458456878
athlete_002,1722.638077,0.5,0.6767592550148254
athlete_002,1723.638077,0.5,0.6695524641839629
athlete_002,1724.638077,0.5,0.6623456733531005
athlete_002,1725.638077,0.5,0.6551388825222381
athlete_002,1726.638077,0.5,0.6479320916913756
athlete_002,1727.638077,0.5,0.6407253008605132
athlete_002,1728.638077,0.5,0.6335185100296508
athlete_002,1729.638077,0.5,0.6263117191987883
athlete_002,1730.638077,0.5,0.6191049283679259
athlete_002,1731.638077,0.5,0.6118981375370633
athlete_002,1732.638077,0.5,0.604691346706201
athlete_002,1733.638077,0.5,0.5974845558753386
athlete_002,1734.638077,0.5,0.5902777650444762
athlete_002,1735.638077,0.5,0.5830709742136136
athlete_002,1736.638077,0.5,0.5758641833827511
athlete_002,1737.638077,0.5,0.5686573925518887
athlete_002,1738.638077,0.5,0.5614506017210263
athlete_002,1739.638077,0.5,0.554243810890164
athlete_002,1740.638077,0.5,0.5470370200593014
athlete_002,1741.638077,0.5,0.5398302292284389
athlete_002,1742.638077,0.5,0.5326234383975765
athlete_002,1743.638077,0.5,0.5254166475667141
athlete_002,1744.638077,0.5,0.5182098567358517
athlete_002,1745.638077,0.5,0.5110030659049892
athlete_002,1746.638077,0.5,0.5037962750741268
athlete_002,1747.638077,0.5,0.4965894842432644
athlete_002,1748.638077,0.5,0.4893826934124019
athlete_002,1749.638077,0.5,0.48217590258153953
athlete_002,1750.638077,0.5,0.4749691117506771
athlete_002,1751.638077,0.5,0.4677623209198146
athlete_002,1752.638077,0.5,0.4605555300889522
athlete_002,1753.638077,0.5,0.4533487392580898
athlete_002,1754.638077,0.5,0.4461419484272273
athlete_002,1755.638077,0.5,0.43893515759636487
athlete_002,1756.638077,0.5,0.4317283667655024
athlete_002,1757.638077,0.5,0.42452157593464
athlete_002,1758.638077,0.5,0.41731478510377756
athlete_002,1759.638077,0.5,0.4101079942729151
athlete_002,1760.638077,0.5,0.40290120344205266
athlete_002,1761.638077,0.5,0.39569441261119026
athlete_002,1762.638077,0.5,0.3884876217803278
athlete_002,1763.638077,0.5,0.3812808309494654
athlete_002,1764.638077,0.5,0.37407404011860296
athlete_002,1765.638077,0.5,0.3668672492877405
athlete_002,1766.638077,0.5,0.359660458456878
athlete_002,1767.638077,0.5,0.35245366762601565
athlete_002,1768.638077,0.5,0.3452468767951532
athlete_002,1769.638077,0.5,0.33804008596429075
athlete_002,1770.638077,0.5,0.3308332951334283
athlete_002,1771.638077,0.5,0.3236265043025659
athlete_002,1772.638077,0.5,0.31641971347170345
athlete_002,1773.638077,0.5,0.309212922640841
athlete_002,1774.638077,0.5,0.30200613180997854
athlete_002,1775.638077,0.5,0.29479934097911614
athlete_002,1776.638077,0.5,0.2875925501482537
athlete_002,1777.638077,0.5,0.28038575931739124
athlete_002,1778.638077,0.5,0.2731789684865288
athlete_002,1779.638077,0.5,0.26597217765566633
athlete_002,1780.638077,0.5,0.25876538682480393
athlete_002,1781.638077,0.5,0.2515585959939415
athlete_002,1782.638077,0.5,0.24435180516307903
athlete_002,1783.638077,0.5,0.23714501433221657
athlete_002,1784.638077,0.5,0.22993822350135418
athlete_002,1785.638077,0.5,0.22273143267049172
athlete_002,1786.638077,0.5044753581603707,0.22
athlete_002,1787.638077,0.5116821489912331,0.22
athlete_002,1788.638077,0.5188889398220955,0.22
athlete_002,1789.638077,0.526095730652958,0.22
athlete_002,1790.638077,0.5333025214838204,0.22
athlete_002,1791.638077,0.5405093123146829,0.22
athlete_002,1792.638077,0.5477161031455453,0.22
athlete_002,1793.638077,0.5549228939764077,0.22
athlete_002,1794.638077,0.5621296848072702,0.22
athlete_002,1795.638077,0.5693364756381326,0.22
athlete_002,1796.638077,0.5765432664689951,0.22
athlete_002,1797.638077,0.5837500572998575,0.22
athlete_002,1798.638077,0.5909568481307199,0.22
athlete_002,1799.638077,0.5981636389615824,0.22
athlete_002,1800.638077,0.6053704297924448,0.22
athlete_002,1801.638077,0.6125772206233072,0.22
athlete_002,1802.638077,0.6197840114541697,0.22
athlete_002,1803.638077,0.6269908022850321,0.22
athlete_002,1804.638077,0.6341975931158946,0.22
athlete_002,1805.638077,0.64,0.21859561605324299
athlete_002,1806.638077,0.64,0.2113888252223806
athlete_002,1807.638077,0.64,0.2041820343915182
athlete_002,1808.638077,0.64,0.19697524356065568
athlete_002,1809.638077,0.64,0.18976845272979317
athlete_002,1810.638077,0.64,0.1825616618989309
athlete_002,1810.993528,0.64,0.17999999999999997
athlete_002,1811.993528,0.7432912426125228,0.18
athlete_002,1812.993528,0.8465824852250456,0.18
athlete_002,1813.993528,0.92,0.20987372783756836
athlete_002,1814.993528,0.92,0.3131649704500912
athlete_002,1815.993528,0.92,0.416456213062614
athlete_002,1816.993528,0.92,0.5197474556751367
athlete_002,1817.993528,0.92,0.6230386982876597
athlete_002,1818.993528,0.92,0.7263299409001824
athlete_002,1819.993528,0.9103788164872948,0.82
athlete_002,1820.993528,0.8070875738747719,0.82
athlete_002,1821.993528,0.7037963312622492,0.82
athlete_002,1822.993528,0.6005050886497264,0.82
athlete_002,1823.993528,0.4972138460372037,0.82
athlete_002,1824.993528,0.39392260342468066,0.82
athlete_002,1825.993528,0.2906313608121579,0.82
athlete_002,1826.993528,0.18734011819963514,0.82
athlete_002,1827.993528,0.08404887558711238,0.82
athlete_002,1828.993528,0.08,0.7207576329745896
athlete_002,1829.993528,0.08,0.6174663903620669
athlete_002,1830.993528,0.08,0.5141751477495439
athlete_002,1831.993528,0.08,0.41088390513702133
athlete_002,1832.993528,0.08,0.30759266252449835
athlete_002,1833.993528,0.08,0.2043014199119758
athlete_002,1834.993528,0.15898982270054723,0.18
athlete_002,1835.993528,0.2622810653130702,0.18
athlete_002,1836.993528,0.36557230792559275,0.18
athlete_002,1837.993528,0.46886355053811574,0.18
athlete_002,1838.993528,0.5721547931506387,0.18
athlete_002,1839.993528,0.6754460357631612,0.18
athlete_002,1840.993528,0.7787372783756842,0.18
athlete_002,1841.993528,0.8820285209882072,0.18
athlete_002,1842.993528,0.92,0.24531976360072943
athlete_002,1843.993528,0.92,0.348611006213252
athlete_002,1844.993528,0.92,0.45190224882577495
athlete_002,1845.993528,0.92,0.5551934914382974
athlete_002,1846.993528,0.92,0.6584847340508204
athlete_002,1847.993528,0.92,0.7617759766633434
athlete_002,1848.993528,0.8749327807241337,0.82
athlete_002,1849.993528,0.7716415381116103,0.82
athlete_002,1850.993528,0.6683502954990878,0.82
athlete_002,1851.993528,0.5650590528865652,0.82
athlete_002,1852.993528,0.4617678102740427,0.82
athlete_002,1853.993528,0.35847656766151925,0.82
athlete_002,1854.993528,0.2551853250489967,0.82
athlete_002,1855.993528,0.1518940824364733,0.82
athlete_002,1856.993528,0.08,0.7886028398239514
athlete_002,1857.993528,0.08,0.685311597211428
athlete_002,1858.993528,0.08,0.5820203545989054
athlete_002,1859.993528,0.08,0.478729111986382
athlete_002,1860.993528,0.08,0.3754378693738595
athlete_002,1861.993528,0.08,0.27214662676133605
athlete_002,1862.993528,0.09114461585118587,0.18
athlete_002,1863.993528,0.19443585846370842,0.18
athlete_002,1864.993528,0.29772710107623185,0.18
athlete_002,1865.993528,0.4010183436887544,0.18
athlete_002,1866.993528,0.5043095863012778,0.18
athlete_002,1867.993528,0.6076008289138003,0.18
athlete_002,1868.993528,0.7108920715263224,0.18
athlete_002,1869.993528,0.8141833141388449,0.18
athlete_002,1870.993528,0.9174745567513684,0.18
athlete_002,1871.993528,0.92,0.2807657993638906
athlete_002,1872.993528,0.92,0.38405704197641405
athlete_002,1873.993528,0.92,0.4873482845889366
athlete_002,1874.993528,0.92,0.5906395272014591
athlete_002,1875.993528,0.92,0.6939307698139816
athlete_002,1876.993528,0.92,0.7972220124265041
athlete_002,1877.993528,0.8394867449609721,0.82
athlete_002,1878.993528,0.7361955023484495,0.82
athlete_002,1879.993528,0.6329042597359261,0.82
athlete_002,1880.993528,0.5296130171234045,0.82
athlete_002,1881.993528,0.42632177451088105,0.82
athlete_002,1882.993528,0.3230305318983585,0.82
athlete_002,1883.993528,0.21973928928583508,0.82
athlete_002,1884.993528,0.11644804667331254,0.82
athlete_002,1885.993528,0.08,0.7531568040607889
athlete_002,1886.993528,0.08,0.6498655614482672
athlete_002,1887.993528,0.08,0.5465743188357438
athlete_002,1888.993528,0.08,0.4432830762232204
athlete_002,1889.993528,0.08,0.3399918336106996
athlete_002,1890.993528,0.08,0.2367005909981753
athlete_002,1891.993528,0.12659065161434663,0.18
athlete_002,1892.993528,0.22988189422686917,0.18
athlete_002,1893.672366,0.30000000000000066,0.18
athlete_002,1894.672366,0.3,0.1871201435675327
athlete_002,1895.672366,0.3,0.1942402871350654
athlete_002,1896.672366,0.3,0.2013604307025981
athlete_002,1897.672366,0.3,0.20848057427013078
athlete_002,1898.672366,0.3,0.2156007178376635
athlete_002,1899.672366,0.30272086140519616,0.22
athlete_002,1900.672366,0.3098410049727289,0.22
athlete_002,1901.672366,0.3169611485402616,0.22
athlete_002,1902.672366,0.3240812921077943,0.22
athlete_002,1903.672366,0.331201435675327,0.22
athlete_002,1904.672366,0.33832157924285966,0.22
athlete_002,1905.672366,0.34544172281039237,0.22
athlete_002,1906.672366,0.3525618663779251,0.22
athlete_002,1907.672366,0.3596820099454578,0.22
athlete_002,1908.672366,0.3668021535129905,0.22
athlete_002,1909.672366,0.37392229708052316,0.22
athlete_002,1910.672366,0.38104244064805587,0.22
athlete_002,1911.672366,0.3881625842155886,0.22
athlete_002,1912.672366,0.3952827277831213,0.22
athlete_002,1913.672366,0.402402871350654,0.22
athlete_002,1914.672366,0.40952301491818666,0.22
athlete_002,1915.672366,0.4166431584857194,0.22
athlete_002,1916.672366,0.4237633020532521,0.22
athlete_002,1917.672366,0.4308834456207848,0.22
athlete_002,1918.672366,0.4380035891883175,0.22
athlete_002,1919.672366,0.44512373275585015,0.22
athlete_002,1920.672366,0.45224387632338287,0.22
athlete_002,1921.672366,0.4593640198909156,0.22
athlete_002,1922.672366,0.4664841634584483,0.22
athlete_002,1923.672366,0.473604307025981,0.22
athlete_002,1924.672366,0.4807244505935137,0.22
athlete_002,1925.672366,0.4878445941610464,0.22
athlete_002,1926.672366,0.4949647377285791,0.22
athlete_002,1927.672366,0.5020848812961118,0.22
athlete_002,1928.672366,0.5092050248636445,0.22
athlete_002,1929.672366,0.5163251684311772,0.22
athlete_002,1930.672366,0.5234453119987099,0.22
athlete_002,1931.672366,0.5305654555662426,0.22
athlete_002,1932.672366,0.5376855991337752,0.22
athlete_002,1933.672366,0.544805742701308,0.22
athlete_002,1934.672366,0.5519258862688408,0.22
athlete_002,1935.672366,0.5590460298363733,0.22
athlete_002,1936.672366,0.5661661734039061,0.22
athlete_002,1937.672366,0.5732863169714388,0.22
athlete_002,1938.672366,0.5800000000000001,0.22040646053897148
athlete_002,1939.672366,0.5800000000000001,0.22752660410650413
athlete_002,1940.672366,0.5800000000000001,0.23464674767403684
athlete_002,1941.672366,0.5800000000000001,0.24176689124156955
athlete_002,1942.672366,0.5800000000000001,0.24888703480910226
athlete_002,1943.672366,0.5800000000000001,0.2560071783766349
athlete_002,1944.672366,0.5800000000000001,0.26312732194416766
athlete_002,1945.672366,0.5800000000000001,0.2702474655117003
athlete_002,1946.672366,0.5800000000000001,0.2773676090792331
athlete_002,1947.672366,0.5800000000000001,0.28448775264676573
athlete_002,1948.672366,0.5800000000000001,0.2916078962142985
athlete_002,1949.672366,0.5800000000000001,0.29872803978183116
athlete_002,1950.672366,0.5800000000000001,0.3058481833493638
athlete_002,1951.672366,0.5800000000000001,0.3129683269168966
athlete_002,1952.672366,0.5800000000000001,0.32008847048442923
athlete_002,1953.672366,0.5800000000000001,0.327208614051962
athlete_002,1954.672366,0.5800000000000001,0.33432875761949465
athlete_002,1955.468873,0.5800000000000001,0.33999999999999997
athlete_002,1956.468873,0.5800000000000001,0.34213419693114033
athlete_002,1957.468873,0.5800000000000001,0.34426839386228064
athlete_002,1958.468873,0.5800000000000001,0.34640259079342095
athlete_002,1959.468873,0.5800000000000001,0.34853678772456126
athlete_002,1960.468873,0.5800000000000001,0.35067098465570157
athlete_002,1961.468873,0.5800000000000001,0.3528051815868419
athlete_002,1962.468873,0.5800000000000001,0.3549393785179822
athlete_002,1963.468873,0.5800000000000001,0.3570735754491225
athlete_002,1964.468873,0.5800000000000001,0.3592077723802628
athlete_002,1965.468873,0.5800000000000001,0.3613419693114031
athlete_002,1966.468873,0.5800000000000001,0.3634761662425434
athlete_002,1967.468873,0.5800000000000001,0.36561036317368373
athlete_002,1968.468873,0.5800000000000001,0.36774456010482404
athlete_002,1969.468873,0.5800000000000001,0.36987875703596435
athlete_002,1970.468873,0.5800000000000001,0.37201295396710465
athlete_002,1971.468873,0.5800000000000001,0.3741471508982449
athlete_002,1972.468873,0.5800000000000001,0.37628134782938527
athlete_002,1973.468873,0.5800000000000001,0.3784155447605255
athlete_002,1974.468873,0.5800000000000001,0.3805497416916659
athlete_002,1975.468873,0.5800000000000001,0.38268393862280614
athlete_002,1976.468873,0.5800000000000001,0.3848181355539465
athlete_002,1977.468873,0.5800000000000001,0.38695233248508676
athlete_002,1978.468873,0.5800000000000001,0.3890865294162271
athlete_002,1979.468873,0.5800000000000001,0.3912207263473674
athlete_002,1980.468873,0.5800000000000001,0.3933549232785077
athlete_002,1981.468873,0.5800000000000001,0.395489120209648
athlete_002,1982.468873,0.5800000000000001,0.3976233171407883
athlete_002,1983.468873,0.5800000000000001,0.3997575140719286
athlete_002,1984.468873,0.5800000000000001,0.4018917110030689
athlete_002,1985.468873,0.5800000000000001,0.4040259079342092
athlete_002,1986.468873,0.5800000000000001,0.40616010486534954
athlete_002,1987.468873,0.5800000000000001,0.40829430179648984
athlete_002,1988.468873,0.5800000000000001,0.41042849872763015
athlete_002,1989.468873,0.5800000000000001,0.41256269565877046
athlete_002,1990.468873,0.5800000000000001,0.41469689258991077
athlete_002,1991.468873,0.5800000000000001,0.4168310895210511
athlete_002,1992.468873,0.5800000000000001,0.4189652864521914
athlete_002,1993.468873,0.5800000000000001,0.4210994833833317
athlete_002,1994.468873,0.5800000000000001,0.423233680314472
athlete_002,1995.468873,0.5800000000000001,0.4253678772456123
athlete_002,1996.468873,0.5800000000000001,0.4275020741767526
athlete_002,1997.468873,0.5800000000000001,0.42963627110789293
athlete_002,1998.468873,0.5800000000000001,0.43177046803903324
athlete_002,1999.468873,0.5800000000000001,0.43390466497017355
athlete_002,2000.468873,0.5800000000000001,0.43603886190131386
athlete_002,2001.468873,0.5800000000000001,0.43817305883245417
athlete_002,2002.468873,0.5800000000000001,0.4403072557635945
athlete_002,2003.468873,0.5800000000000001,0.4424414526947348
athlete_002,2004.468873,0.5800000000000001,0.4445756496258751
athlete_002,2005.468873,0.5800000000000001,0.4467098465570154
athlete_002,2006.468873,0.5800000000000001,0.4488440434881557
athlete_002,2007.468873,0.5800000000000001,0.450978240419296
athlete_002,2008.468873,0.5800000000000001,0.45311243735043627
athlete_002,2009.468873,0.5800000000000001,0.45524663428157663
athlete_002,2010.468873,0.5800000000000001,0.4573808312127169
athlete_002,2011.468873,0.5800000000000001,0.45951502814385725
athlete_002,2012.468873,0.5800000000000001,0.4616492250749975
athlete_002,2013.468873,0.5800000000000001,0.46378342200613787
athlete_002,2014.468873,0.5800000000000001,0.4659176189372781
athlete_002,2015.468873,0.5800000000000001,0.4680518158684185
athlete_002,2016.468873,0.5800000000000001,0.47018601279955874
athlete_002,2017.468873,0.5800000000000001,0.4723202097306991
athlete_002,2018.468873,0.5800000000000001,0.47445440666183936
athlete_002,2019.468873,0.5800000000000001,0.47658860359297966
athlete_002,2020.468873,0.5800000000000001,0.47872280052412
athlete_002,2021.468873,0.5800000000000001,0.48085699745526034
athlete_002,2022.468873,0.5800000000000001,0.4829911943864006
athlete_002,2023.468873,0.5800000000000001,0.4851253913175409
athlete_002,2024.468873,0.5800000000000001,0.4872595882486812
athlete_002,2025.468873,0.5800000000000001,0.48939378517982157
athlete_002,2026.468873,0.5800000000000001,0.4915279821109618
athlete_002,2027.468873,0.5800000000000001,0.49366217904210213
athlete_002,2028.468873,0.5800000000000001,0.49579637597324244
athlete_002,2029.468873,0.5800000000000001,0.49793057290438275
athlete_002,2030.468873,0.5800000000000001,0.5000647698355231
athlete_002,2031.468873,0.5800000000000001,0.5021989667666633
athlete_002,2032.468873,0.5800000000000001,0.5043331636978037
athlete_002,2033.468873,0.5800000000000001,0.506467360628944
athlete_002,2034.468873,0.5800000000000001,0.5086015575600843
athlete_002,2035.468873,0.5800000000000001,0.5107357544912245
athlete_002,2036.468873,0.5800000000000001,0.5128699514223649
athlete_002,2037.468873,0.5800000000000001,0.5150041483535053
athlete_002,2038.468873,0.5800000000000001,0.5171383452846455
athlete_002,2039.468873,0.5800000000000001,0.5192725422157858
athlete_002,2040.468873,0.5800000000000001,0.5214067391469261
athlete_002,2041.468873,0.5800000000000001,0.5235409360780665
athlete_002,2042.468873,0.5800000000000001,0.5256751330092068
athlete_002,2043.468873,0.5800000000000001,0.527809329940347
athlete_002,2044.468873,0.5800000000000001,0.5299435268714874
athlete_002,2045.468873,0.5800000000000001,0.5320777238026276
athlete_002,2046.468873,0.5800000000000001,0.534211920733768
athlete_002,2047.468873,0.5800000000000001,0.5363461176649083
athlete_002,2048.468873,0.5800000000000001,0.5384803145960491
athlete_002,2049.468873,0.5800000000000001,0.5406145115271894
athlete_002,2050.468873,0.5800000000000001,0.5427487084583297
athlete_002,2051.468873,0.5800000000000001,0.54488290538947
athlete_002,2052.468873,0.5800000000000001,0.5470171023206103
athlete_002,2053.468873,0.5800000000000001,0.5491512992517507
athlete_002,2054.468873,0.5800000000000001,0.5512854961828909
athlete_002,2055.468873,0.5800000000000001,0.5534196931140312
athlete_002,2056.468873,0.5800000000000001,0.5555538900451715
athlete_002,2057.468873,0.5800000000000001,0.5576880869763119
athlete_002,2058.468873,0.5800000000000001,0.5598222839074521
athlete_002,2059.468873,0.5800000000000001,0.5619564808385924
athlete_002,2060.468873,0.5800000000000001,0.5640906777697328
athlete_002,2061.468873,0.5800000000000001,0.5662248747008731
athlete_002,2062.468873,0.5800000000000001,0.5683590716320134
athlete_002,2063.468873,0.5800000000000001,0.5704932685631536
athlete_002,2064.468873,0.5800000000000001,0.572627465494294
athlete_002,2065.468873,0.5800000000000001,0.5747616624254344
athlete_002,2066.468873,0.5800000000000001,0.5768958593565746
athlete_002,2067.468873,0.5800000000000001,0.5790300562877149
athlete_002,2068.468873,0.5800000000000001,0.5811642532188552
athlete_002,2069.468873,0.5800000000000001,0.5832984501499955
athlete_002,2070.468873,0.5800000000000001,0.5854326470811358
athlete_002,2071.468873,0.5800000000000001,0.5875668440122761
athlete_002,2072.468873,0.5800000000000001,0.5897010409434165
athlete_002,2073.468873,0.5800000000000001,0.5918352378745568
athlete_002,2074.468873,0.5800000000000001,0.593969434805697
athlete_002,2075.468873,0.5800000000000001,0.5961036317368373
athlete_002,2076.468873,0.5800000000000001,0.5982378286679777
athlete_002,2077.468873,0.5800000000000001,0.600372025599118
athlete_002,2078.468873,0.5800000000000001,0.6025062225302583
athlete_002,2079.468873,0.5800000000000001,0.6046404194613986
athlete_002,2080.468873,0.5800000000000001,0.6067746163925389
athlete_002,2081.468873,0.5800000000000001,0.6089088133236793
athlete_002,2082.468873,0.5800000000000001,0.6110430102548194
athlete_002,2083.468873,0.5800000000000001,0.6131772071859598
athlete_002,2084.468873,0.5800000000000001,0.6153114041171002
athlete_002,2085.468873,0.5800000000000001,0.6174456010482404
athlete_002,2086.468873,0.5800000000000001,0.6195797979793808
athlete_002,2087.468873,0.5800000000000001,0.621713994910521
athlete_002,2088.468873,0.5800000000000001,0.6238481918416614
athlete_002,2089.468873,0.5800000000000001,0.6259823887728017
athlete_002,2090.468873,0.5800000000000001,0.6281165857039419
athlete_002,2091.468873,0.5800000000000001,0.6302507826350823
athlete_002,2092.468873,0.5800000000000001,0.6323849795662226
athlete_002,2093.468873,0.5800000000000001,0.6345191764973629
athlete_002,2094.468873,0.5800000000000001,0.6366533734285033
athlete_002,2095.468873,0.5800000000000001,0.6387875703596435
athlete_002,2096.468873,0.5800000000000001,0.6409217672907839
athlete_002,2097.468873,0.5800000000000001,0.6430559642219241
athlete_002,2098.468873,0.5800000000000001,0.6451901611530644
athlete_002,2099.468873,0.5800000000000001,0.6473243580842047
athlete_002,2100.468873,0.5800000000000001,0.6494585550153451
athlete_002,2101.468873,0.5800000000000001,0.6515927519464854
athlete_002,2102.468873,0.5800000000000001,0.6537269488776256
athlete_002,2103.468873,0.5800000000000001,0.655861145808766
athlete_002,2104.468873,0.5800000000000001,0.6579953427399063
athlete_002,2105.468873,0.5800000000000001,0.6601295396710466
athlete_002,2106.468873,0.5800000000000001,0.6622637366021868
athlete_002,2107.468873,0.5800000000000001,0.6643979335333272
athlete_002,2108.468873,0.5800000000000001,0.6665321304644676
athlete_002,2109.468873,0.5800000000000001,0.6686663273956078
athlete_002,2110.468873,0.5800000000000001,0.6708005243267481
athlete_002,2111.468873,0.5800000000000001,0.6729347212578884
athlete_002,2112.468873,0.5800000000000001,0.6750689181890287
athlete_002,2113.468873,0.5800000000000001,0.6772031151201691
athlete_002,2114.468873,0.5800000000000001,0.6793373120513093
athlete_002,2115.468873,0.5800000000000001,0.6814715089824497
athlete_002,2116.468873,0.5800000000000001,0.68360570591359
athlete_002,2117.468873,0.5800000000000001,0.6857399028447302
athlete_002,2118.468873,0.5800000000000001,0.6878740997758706
athlete_002,2119.468873,0.5800000000000001,0.6900082967070109
athlete_002,2120.468873,0.5800000000000001,0.6921424936381512
athlete_002,2121.468873,0.5800000000000001,0.6942766905692915
athlete_002,2122.468873,0.5800000000000001,0.6964108875004318
athlete_002,2123.468873,0.5800000000000001,0.6985450844315721
athlete_002,2124.468873,0.5800000000000001,0.7006792813627125
athlete_002,2125.468873,0.5800000000000001,0.7028134782938527
athlete_002,2126.468873,0.5800000000000001,0.704947675224993
athlete_002,2127.468873,0.5800000000000001,0.7070818721561334
athlete_002,2128.468873,0.5800000000000001,0.7092160690872736
athlete_002,2129.468873,0.5800000000000001,0.711350266018414
athlete_002,2130.468873,0.5800000000000001,0.7134844629495543
athlete_002,2131.468873,0.5800000000000001,0.7156186598806946
athlete_002,2132.468873,0.5800000000000001,0.7177528568118349
athlete_002,2133.468873,0.5800000000000001,0.7198870537429751
athlete_002,2133.521795,0.5800000000000001,0.72
athlete_002,2134.521795,0.5800000000000001,0.7112230871321132
athlete_002,2135.521795,0.5800000000000001,0.7024461742642265
athlete_002,2136.521795,0.5800000000000001,0.6936692613963397
athlete_002,2137.521795,0.5800000000000001,0.6848923485284529
athlete_002,2138.521795,0.5800000000000001,0.6761154356605662
athlete_002,2139.521795,0.5800000000000001,0.6673385227926795
athlete_002,2140.521795,0.5800000000000001,0.6585616099247927
athlete_002,2141.521795,0.5800000000000001,0.649784697056906
athlete_002,2142.521795,0.5800000000000001,0.6410077841890192
athlete_002,2143.521795,0.5800000000000001,0.6322308713211324
athlete_002,2144.521795,0.5800000000000001,0.6234539584532457
athlete_002,2145.521795,0.5800000000000001,0.614677045585359
athlete_002,2146.521795,0.5800000000000001,0.6059001327174722
athlete_002,2147.521795,0.5800000000000001,0.5971232198495855
athlete_002,2148.521795,0.5800000000000001,0.5883463069816987
athlete_002,2149.521795,0.5800000000000001,0.5795693941138119
athlete_002,2150.521795,0.5800000000000001,0.5707924812459252
athlete_002,2151.521795,0.5800000000000001,0.5620155683780385
athlete_002,2152.521795,0.5800000000000001,0.5532386555101516
athlete_002,2153.521795,0.5800000000000001,0.544461742642265
athlete_002,2154.521795,0.5800000000000001,0.5356848297743781
athlete_002,2155.521795,0.5800000000000001,0.5269079169064914
athlete_002,2156.521795,0.5800000000000001,0.5181310040386047
athlete_002,2157.521795,0.5800000000000001,0.509354091170718
athlete_002,2158.521795,0.5800000000000001,0.5005771783028312
athlete_002,2159.521795,0.5800000000000001,0.49180026543494443
athlete_002,2160.521795,0.5800000000000001,0.48302335256705764
athlete_002,2161.521795,0.5800000000000001,0.4742464396991709
athlete_002,2162.521795,0.5800000000000001,0.4654695268312842
athlete_002,2163.521795,0.5800000000000001,0.4566926139633974
athlete_002,2164.521795,0.5800000000000001,0.44791570109551065
athlete_002,2165.521795,0.5800000000000001,0.4391387882276239
athlete_002,2166.521795,0.5800000000000001,0.4303618753597372
athlete_002,2167.521795,0.5800000000000001,0.4215849624918504
athlete_002,2168.521795,0.5800000000000001,0.4128080496239636
athlete_002,2169.521795,0.5800000000000001,0.4040311367560769
athlete_002,2170.521795,0.5800000000000001,0.39525422388819015
athlete_002,2171.521795,0.5800000000000001,0.38647731102030336
athlete_002,2172.521795,0.5800000000000001,0.3777003981524167
athlete_002,2173.521795,0.5800000000000001,0.36892348528452995
athlete_002,2174.521795,0.5800000000000001,0.36014657241664316
athlete_002,2175.521795,0.5800000000000001,0.35136965954875643
athlete_002,2176.521795,0.5800000000000001,0.34259274668086964
athlete_002,2177.521795,0.5800000000000001,0.3338158338129829
athlete_002,2178.521795,0.5800000000000001,0.3250389209450962
athlete_002,2179.521795,0.5800000000000001,0.3162620080772094
athlete_002,2180.521795,0.5800000000000001,0.30748509520932266
athlete_002,2181.521795,0.5800000000000001,0.29870818234143587
athlete_002,2182.521795,0.5800000000000001,0.28993126947354914
athlete_002,2183.521795,0.5800000000000001,0.2811543566056624
athlete_002,2184.521795,0.5800000000000001,0.2723774437377756
athlete_002,2185.521795,0.5800000000000001,0.2636005308698889
athlete_002,2186.521795,0.5800000000000001,0.25482361800200215
athlete_002,2187.521795,0.5800000000000001,0.24604670513411536
athlete_002,2188.521795,0.5800000000000001,0.23726979226622863
athlete_002,2189.521795,0.5800000000000001,0.22849287939834184
athlete_002,2190.521795,0.5802840334695449,0.22
athlete_002,2191.521795,0.5890609463374317,0.22
athlete_002,2192.521795,0.5978378592053184,0.22
athlete_002,2193.521795,0.6066147720732052,0.22
athlete_002,2194.521795,0.615391684941092,0.22
athlete_002,2195.521795,0.6241685978089787,0.22
athlete_002,2196.521795,0.6329455106768654,0.22
athlete_002,2197.521795,0.64,0.21827757645524784
athlete_002,2198.521795,0.64,0.2095006635873611
athlete_002,2199.521795,0.64,0.20072375071947438
athlete_002,2200.521795,0.64,0.19194683785158764
athlete_002,2201.521795,0.64,0.1831699249837008
athlete_002,2201.882962,0.64,0.17999999999999997
athlete_002,2202.882962,0.7590600541940817,0.18
athlete_002,2203.882962,0.8781201083881635,0.18
athlete_002,2204.882962,0.92,0.2571801625822452
athlete_002,2205.882962,0.92,0.3762402167763269
athlete_002,2206.882962,0.92,0.4953002709704087
athlete_002,2207.882962,0.92,0.6143603251644905
athlete_002,2208.882962,0.92,0.7334203793585721
athlete_002,2209.882962,0.8875195664473461,0.82
athlete_002,2210.882962,0.7684595122532644,0.82
athlete_002,2211.882962,0.6493994580591825,0.82
athlete_002,2212.882962,0.5303394038651009,0.82
athlete_002,2213.882962,0.4112793496710191,0.82
athlete_002,2214.882962,0.29221929547693726,0.82
athlete_002,2215.882962,0.17315924128285565,0.82
athlete_002,2216.882962,0.08,0.7940991870887738
athlete_002,2217.882962,0.08,0.6750391328946922
athlete_002,2218.882962,0.08,0.5559790787006101
athlete_002,2219.882962,0.08,0.43691902450652875
athlete_002,2220.882962,0.08,0.3178589703124469
athlete_002,2221.882962,0.08,0.1987989161183651
athlete_002,2222.882962,0.1802611380757168,0.18
athlete_002,2223.882962,0.2993211922697982,0.18
athlete_002,2224.882962,0.41838124646388003,0.18
athlete_002,2225.882962,0.5374413006579618,0.18
athlete_002,2226.882962,0.6565013548520436,0.18
athlete_002,2227.882962,0.7755614090461255,0.18
athlete_002,2228.882962,0.8946214632402069,0.18
athlete_002,2229.882962,0.92,0.2736815174342884
athlete_002,2230.882962,0.92,0.3927415716283702
athlete_002,2231.882962,0.92,0.511801625822452
athlete_002,2232.882962,0.92,0.6308616800165334
athlete_002,2233.882962,0.92,0.7499217342106153
athlete_002,2234.882962,0.8710182115953026,0.82
athlete_002,2235.882962,0.7519581574012203,0.82
athlete_002,2236.882962,0.6328981032071389,0.82
athlete_002,2237.882962,0.5138380490130575,0.82
athlete_002,2238.882962,0.39477799481897524,0.82
athlete_002,2239.882962,0.27571794062489385,0.82
athlete_002,2240.882962,0.15665788643081158,0.82
athlete_002,2241.882962,0.08,0.77759783223673
athlete_002,2242.882962,0.08,0.6585377780426477
athlete_002,2243.882962,0.08,0.5394777238485663
athlete_002,2244.882962,0.08,0.4204176696544858
athlete_002,2245.882962,0.08,0.3013576154604035
athlete_002,2246.882962,0.08,0.18229756126632213
athlete_002,2247.882962,0.19676249292776044,0.18
athlete_002,2248.882962,0.3158225471218418,0.18
athlete_002,2249.882962,0.4348826013159241,0.18
athlete_002,2250.882962,0.5539426555100054,0.18
athlete_002,2251.882962,0.6730027097040873,0.18
athlete_002,2252.882962,0.7920627638981687,0.18
athlete_002,2253.882962,0.9111228180922509,0.18
athlete_002,2254.882962,0.92,0.29018287228633205
athlete_002,2255.882962,0.92,0.40924292648041344
athlete_002,2256.882962,0.92,0.5283029806744957
athlete_002,2257.882962,0.92,0.6473630348685772
athlete_002,2258.882962,0.92,0.7664230890626593
athlete_002,2259.882962,0.854516856743259,0.82
athlete_002,2260.882962,0.7354568025491767,0.82
athlete_002,2261.882962,0.6163967483550953,0.82
athlete_002,2262.882962,0.497336694161013,0.82
athlete_002,2263.882962,0.3782766399669325,0.82
athlete_002,2264.882962,0.2592165857728502,0.82
athlete_002,2265.882962,0.14015653157876884,0.82
athlete_002,2266.882962,0.08,0.7610964773846872
athlete_002,2267.882962,0.08,0.6420364231906049
athlete_002,2268.882962,0.08,0.5229763689965236
athlete_002,2269.882962,0.08,0.4039163148024404
athlete_002,2270.882962,0.08,0.284856260608359
athlete_002,2271.882962,0.09420379358572177,0.18
athlete_002,2272.882962,0.21326384777980317,0.18
athlete_002,2273.611469,0.30000000000000066,0.18
athlete_002,2274.611469,0.3,0.18515796502514417
athlete_002,2275.611469,0.3,0.19031593005028835
athlete_002,2276.611469,0.3,0.19547389507543253
athlete_002,2277.611469,0.3,0.2006318601005767
athlete_002,2278.611469,0.3,0.20578982512572086
athlete_002,2279.611469,0.3,0.21094779015086504
athlete_002,2280.611469,0.3,0.21610575517600922
athlete_002,2281.611469,0.3012637202011534,0.22
athlete_002,2282.611469,0.3064216852262976,0.22
athlete_002,2283.611469,0.31157965025144174,0.22
athlete_002,2284.611469,0.31673761527658595,0.22
athlete_002,2285.611469,0.3218955803017301,0.22
athlete_002,2286.611469,0.32705354532687425,0.22
athlete_002,2287.611469,0.33221151035201846,0.22
athlete_002,2288.611469,0.3373694753771626,0.22
athlete_002,2289.611469,0.3425274404023068,0.22
athlete_002,2290.611469,0.34768540542745097,0.22
athlete_002,2291.611469,0.3528433704525952,0.22
athlete_002,2292.611469,0.3580013354777393,0.22
athlete_002,2293.611469,0.3631593005028835,0.22
athlete_002,2294.611469,0.3683172655280277,0.22
athlete_002,2295.611469,0.3734752305531719,0.22
athlete_002,2296.611469,0.37863319557831604,0.22
athlete_002,2297.611469,0.3837911606034602,0.22
athlete_002,2298.611469,0.3889491256286044,0.22
athlete_002,2299.611469,0.39410709065374855,0.22
athlete_002,2300.611469,0.39926505567889276,0.22
athlete_002,2301.611469,0.4044230207040369,0.22
athlete_002,2302.611469,0.4095809857291811,0.22
athlete_002,2303.611469,0.41473895075432526,0.22
athlete_002,2304.611469,0.41989691577946947,0.22
athlete_002,2305.611469,0.4250548808046136,0.22
athlete_002,2306.611469,0.43021284582975783,0.22
athlete_002,2307.611469,0.435370810854902,0.22
athlete_002,2308.611469,0.44052877588004613,0.22
athlete_002,2309.611469,0.44568674090519034,0.22
athlete_002,2310.611469,0.45084470593033454,0.22
athlete_002,2311.611469,0.45600267095547864,0.22
athlete_002,2312.611469,0.46116063598062285,0.22
athlete_002,2313.611469,0.46631860100576705,0.22
athlete_002,2314.611469,0.47147656603091126,0.22
athlete_002,2315.611469,0.47663453105605535,0.22
athlete_002,2316.611469,0.48179249608119956,0.22
athlete_002,2317.611469,0.48695046110634377,0.22
athlete_002,2318.611469,0.49210842613148786,0.22
athlete_002,2319.611469,0.49726639115663207,0.22
athlete_002,2320.611469,0.5024243561817763,0.22
athlete_002,2321.611469,0.5075823212069204,0.22
athlete_002,2322.611469,0.5127402862320646,0.22
athlete_002,2323.611469,0.5178982512572088,0.22
athlete_002,2324.611469,0.5230562162823529,0.22
athlete_002,2325.611469,0.5282141813074971,0.22
athlete_002,2326.611469,0.5333721463326413,0.22
athlete_002,2327.611469,0.5385301113577855,0.22
athlete_002,2328.611469,0.5436880763829297,0.22
athlete_002,2329.611469,0.5488460414080738,0.22
athlete_002,2330.611469,0.5540040064332181,0.22
athlete_002,2331.611469,0.5591619714583622,0.22
athlete_002,2332.611469,0.5643199364835063,0.22
athlete_002,2333.611469,0.5694779015086506,0.22
athlete_002,2334.611469,0.5746358665337947,0.22
athlete_002,2335.611469,0.579793831558939,0.22
athlete_002,2336.611469,0.5849517965840831,0.22
athlete_002,2337.611469,0.5901097616092272,0.22
athlete_002,2338.611469,0.5952677266343716,0.22
athlete_002,2339.611469,0.6004256916595156,0.22
athlete_002,2340.611469,0.6055836566846597,0.22
athlete_002,2341.611469,0.6107416217098041,0.22
athlete_002,2342.611469,0.6158995867349482,0.22
athlete_002,2343.611469,0.6210575517600923,0.22
athlete_002,2344.611469,0.6262155167852366,0.22
athlete_002,2345.611469,0.6313734818103807,0.22
athlete_002,2346.611469,0.6365314468355248,0.22
athlete_002,2347.611469,0.6416894118606691,0.22
athlete_002,2348.611469,0.6468473768858132,0.22
athlete_002,2349.611469,0.6520053419109573,0.22
athlete_002,2350.611469,0.6571633069361016,0.22
athlete_002,2351.611469,0.6599999999999999,0.22232127196124582
athlete_002,2352.611469,0.6599999999999999,0.22747923698638997
athlete_002,2353.611469,0.6599999999999999,0.23263720201153418
athlete_002,2354.611469,0.6599999999999999,0.23779516703667838
athlete_002,2355.611469,0.6599999999999999,0.2429531320618226
athlete_002,2356.611469,0.6599999999999999,0.24811109708696674
athlete_002,2357.611469,0.6599999999999999,0.25326906211211087
athlete_002,2358.611469,0.6599999999999999,0.25842702713725507
athlete_002,2359.611469,0.6599999999999999,0.2635849921623993
athlete_002,2360.611469,0.6599999999999999,0.2687429571875434
athlete_002,2361.611469,0.6599999999999999,0.2739009222126876
athlete_002,2362.611469,0.6599999999999999,0.2790588872378318
athlete_002,2363.611469,0.6599999999999999,0.2842168522629759
athlete_002,2364.611469,0.6599999999999999,0.2893748172881202
athlete_002,2365.611469,0.6599999999999999,0.2945327823132643
athlete_002,2366.611469,0.6599999999999999,0.2996907473384085
athlete_002,2367.611469,0.6599999999999999,0.3048487123635527
athlete_002,2368.611469,0.6599999999999999,0.3100066773886968
athlete_002,2369.611469,0.6599999999999999,0.315164642413841
athlete_002,2370.611469,0.6599999999999999,0.3203226074389851
athlete_002,2371.611469,0.6599999999999999,0.3254805724641293
athlete_002,2372.611469,0.6599999999999999,0.3306385374892735
athlete_002,2373.611469,0.6599999999999999,0.3357965025144177
athlete_002,2374.426422,0.6599999999999999,0.33999999999999997
athlete_002,2375.426422,0.6599999999999999,0.3422769677689661
athlete_002,2376.426422,0.6599999999999999,0.3445539355379322
athlete_002,2377.426422,0.6599999999999999,0.34683090330689825
athlete_002,2378.426422,0.6599999999999999,0.34910787107586433
athlete_002,2379.426422,0.6599999999999999,0.3513848388448304
athlete_002,2380.426422,0.6599999999999999,0.35366180661379654
athlete_002,2381.426422,0.6599999999999999,0.3559387743827626
athlete_002,2382.426422,0.6599999999999999,0.3582157421517287
athlete_002,2383.426422,0.6599999999999999,0.36049270992069476
athlete_002,2384.426422,0.6599999999999999,0.36276967768966084
athlete_002,2385.426422,0.6599999999999999,0.3650466454586269
athlete_002,2386.426422,0.6599999999999999,0.367323613227593
athlete_002,2387.426422,0.6599999999999999,0.36960058099655907
athlete_002,2388.426422,0.6599999999999999,0.37187754876552515
athlete_002,2389.426422,0.6599999999999999,0.3741545165344913
athlete_002,2390.426422,0.6599999999999999,0.37643148430345735
athlete_002,2391.426422,0.6599999999999999,0.37870845207242343
athlete_002,2392.426422,0.6599999999999999,0.3809854198413895
athlete_002,2393.426422,0.6599999999999999,0.3832623876103556
athlete_002,2394.426422,0.6599999999999999,0.38553935537932166
athlete_002,2395.426422,0.6599999999999999,0.38781632314828773
athlete_002,2396.426422,0.6599999999999999,0.3900932909172538
athlete_002,2397.426422,0.6599999999999999,0.3923702586862199
athlete_002,2398.426422,0.6599999999999999,0.394647226455186
athlete_002,2399.426422,0.6599999999999999,0.39692419422415204
athlete_002,2400.426422,0.6599999999999999,0.39920116199311817
athlete_002,2401.426422,0.6599999999999999,0.40147812976208425
athlete_002,2402.426422,0.6599999999999999,0.4037550975310503
athlete_002,2403.426422,0.6599999999999999,0.4060320653000164
athlete_002,2404.426422,0.6599999999999999,0.4083090330689825
athlete_002,2405.426422,0.6599999999999999,0.41058600083794855
athlete_002,2406.426422,0.6599999999999999,0.4128629686069146
athlete_002,2407.426422,0.6599999999999999,0.4151399363758807
athlete_002,2408.426422,0.6599999999999999,0.4174169041448468
athlete_002,2409.426422,0.6599999999999999,0.4196938719138129
athlete_002,2410.426422,0.6599999999999999,0.42197083968277893
athlete_002,2411.426422,0.6599999999999999,0.42424780745174506
athlete_002,2412.426422,0.6599999999999999,0.42652477522071114
athlete_002,2413.426422,0.6599999999999999,0.4288017429896772
athlete_002,2414.426422,0.6599999999999999,0.4310787107586433
athlete_002,2415.426422,0.6599999999999999,0.43335567852760937
athlete_002,2416.426422,0.6599999999999999,0.43563264629657544
athlete_002,2417.426422,0.6599999999999999,0.4379096140655415
athlete_002,2418.426422,0.6599999999999999,0.44018658183450765
athlete_002,2419.426422,0.6599999999999999,0.4424635496034737
athlete_002,2420.426422,0.6599999999999999,0.4447405173724398
athlete_002,2421.426422,0.6599999999999999,0.4470174851414059
athlete_002,2422.426422,0.6599999999999999,0.44929445291037196
athlete_002,2423.426422,0.6599999999999999,0.45157142067933803
athlete_002,2424.426422,0.6599999999999999,0.4538483884483041
athlete_002,2425.426422,0.6599999999999999,0.4561253562172702
athlete_002,2426.426422,0.6599999999999999,0.45840232398623626
athlete_002,2427.426422,0.6599999999999999,0.4606792917552024
athlete_002,2428.426422,0.6599999999999999,0.4629562595241684
athlete_002,2429.426422,0.6599999999999999,0.46523322729313454
athlete_002,2430.426422,0.6599999999999999,0.46751019506210056
athlete_002,2431.426422,0.6599999999999999,0.4697871628310667
athlete_002,2432.426422,0.6599999999999999,0.47206413060003277
athlete_002,2433.426422,0.6599999999999999,0.47434109836899885
athlete_002,2434.426422,0.6599999999999999,0.4766180661379649
athlete_002,2435.426422,0.6599999999999999,0.478895033906931
athlete_002,2436.426422,0.6599999999999999,0.4811720016758971
athlete_002,2437.426422,0.6599999999999999,0.48344896944486315
athlete_002,2438.426422,0.6599999999999999,0.4857259372138293
athlete_002,2439.426422,0.6599999999999999,0.4880029049827953
athlete_002,2440.426422,0.6599999999999999,0.49027987275176144
athlete_002,2441.426422,0.6599999999999999,0.49255684052072746
athlete_002,2442.426422,0.6599999999999999,0.4948338082896936
athlete_002,2443.426422,0.6599999999999999,0.49711077605865966
athlete_002,2444.426422,0.6599999999999999,0.49938774382762574
athlete_002,2445.426422,0.6599999999999999,0.5016647115965918
athlete_002,2446.426422,0.6599999999999999,0.5039416793655579
athlete_002,2447.426422,0.6599999999999999,0.506218647134524
athlete_002,2448.426422,0.6599999999999999,0.50849561490349
athlete_002,2449.426422,0.6599999999999999,0.5107725826724562
athlete_002,2450.426422,0.6599999999999999,0.5130495504414222
athlete_002,2451.426422,0.6599999999999999,0.5153265182103883
athlete_002,2452.426422,0.6599999999999999,0.5176034859793543
athlete_002,2453.426422,0.6599999999999999,0.5198804537483205
athlete_002,2454.426422,0.6599999999999999,0.5221574215172866
athlete_002,2455.426422,0.6599999999999999,0.5244343892862526
athlete_002,2456.426422,0.6599999999999999,0.5267113570552187
athlete_002,2457.426422,0.6599999999999999,0.5289883248241848
athlete_002,2458.426422,0.6599999999999999,0.5312652925931509
athlete_002,2459.426422,0.6599999999999999,0.5335422603621169
athlete_002,2460.426422,0.6599999999999999,0.5358192281310831
athlete_002,2461.426422,0.6599999999999999,0.5380961959000491
athlete_002,2462.426422,0.6599999999999999,0.5403731636690152
athlete_002,2463.426422,0.6599999999999999,0.5426501314379812
athlete_002,2464.426422,0.6599999999999999,0.5449270992069474
athlete_002,2465.426422,0.6599999999999999,0.5472040669759135
athlete_002,2466.426422,0.6599999999999999,0.5494810347448795
athlete_002,2467.426422,0.6599999999999999,0.5517580025138455
athlete_002,2468.426422,0.6599999999999999,0.5540349702828117
athlete_002,2469.426422,0.6599999999999999,0.5563119380517778
athlete_002,2470.426422,0.6599999999999999,0.5585889058207438
athlete_002,2471.426422,0.6599999999999999,0.56086587358971
athlete_002,2472.426422,0.6599999999999999,0.5631428413586761
athlete_002,2473.426422,0.6599999999999999,0.5654198091276421
athlete_002,2474.426422,0.6599999999999999,0.5676967768966081
athlete_002,2475.426422,0.6599999999999999,0.5699737446655743
athlete_002,2476.426422,0.6599999999999999,0.5722507124345404
athlete_002,2477.426422,0.6599999999999999,0.5745276802035064
athlete_002,2478.426422,0.6599999999999999,0.5768046479724726
athlete_002,2479.426422,0.6599999999999999,0.5790816157414386
athlete_002,2480.426422,0.6599999999999999,0.5813585835104047
athlete_002,2481.426422,0.6599999999999999,0.5836355512793707
athlete_002,2482.426422,0.6599999999999999,0.5859125190483369
athlete_002,2483.426422,0.6599999999999999,0.5881894868173029
athlete_002,2484.426422,0.6599999999999999,0.590466454586269
athlete_002,2485.426422,0.6599999999999999,0.592743422355235
athlete_002,2486.426422,0.6599999999999999,0.5950203901242012
athlete_002,2487.426422,0.6599999999999999,0.5972973578931673
athlete_002,2488.426422,0.6599999999999999,0.5995743256621333
athlete_002,2489.426422,0.6599999999999999,0.6018512934310993
athlete_002,2490.426422,0.6599999999999999,0.6041282612000656
athlete_002,2491.426422,0.6599999999999999,0.6064052289690316
athlete_002,2492.426422,0.6599999999999999,0.6086821967379976
athlete_002,2493.426422,0.6599999999999999,0.6109591645069637
athlete_002,2494.426422,0.6599999999999999,0.6132361322759299
athlete_002,2495.426422,0.6599999999999999,0.6155131000448959
athlete_002,2496.426422,0.6599999999999999,0.6177900678138619
athlete_002,2497.426422,0.6599999999999999,0.620067035582828
athlete_002,2498.426422,0.6599999999999999,0.6223440033517942
athlete_002,2499.426422,0.6599999999999999,0.6246209711207602
athlete_002,2500.426422,0.6599999999999999,0.6268979388897263
athlete_002,2501.426422,0.6599999999999999,0.6291749066586924
athlete_002,2502.426422,0.6599999999999999,0.6314518744276585
athlete_002,2503.426422,0.6599999999999999,0.6337288421966245
athlete_002,2504.426422,0.6599999999999999,0.6360058099655906
athlete_002,2505.426422,0.6599999999999999,0.6382827777345568
athlete_002,2506.426422,0.6599999999999999,0.6405597455035228
athlete_002,2507.426422,0.6599999999999999,0.6428367132724889
athlete_002,2508.426422,0.6599999999999999,0.645113681041455
athlete_002,2509.426422,0.6599999999999999,0.6473906488104211
athlete_002,2510.426422,0.6599999999999999,0.6496676165793871
athlete_002,2511.426422,0.6599999999999999,0.6519445843483532
athlete_002,2512.426422,0.6599999999999999,0.6542215521173194
athlete_002,2513.426422,0.6599999999999999,0.6564985198862854
athlete_002,2514.426422,0.6599999999999999,0.6587754876552514
athlete_002,2515.426422,0.6599999999999999,0.6610524554242175
athlete_002,2516.426422,0.6599999999999999,0.6633294231931837
athlete_002,2517.426422,0.6599999999999999,0.6656063909621497
athlete_002,2518.426422,0.6599999999999999,0.6678833587311157
athlete_002,2519.426422,0.6599999999999999,0.670160326500082
athlete_002,2520.426422,0.6599999999999999,0.672437294269048
athlete_002,2521.426422,0.6599999999999999,0.674714262038014
athlete_002,2522.426422,0.6599999999999999,0.6769912298069801
athlete_002,2523.426422,0.6599999999999999,0.6792681975759463
athlete_002,2524.426422,0.6599999999999999,0.6815451653449123
athlete_002,2525.426422,0.6599999999999999,0.6838221331138783
athlete_002,2526.426422,0.6599999999999999,0.6860991008828444
athlete_002,2527.426422,0.6599999999999999,0.6883760686518106
athlete_002,2528.426422,0.6599999999999999,0.6906530364207766
athlete_002,2529.426422,0.6599999999999999,0.6929300041897427
athlete_002,2530.426422,0.6599999999999999,0.6952069719587088
athlete_002,2531.426422,0.6599999999999999,0.6974839397276749
athlete_002,2532.426422,0.6599999999999999,0.6997609074966409
athlete_002,2533.426422,0.6599999999999999,0.702037875265607
athlete_002,2534.426422,0.6599999999999999,0.7043148430345731
athlete_002,2535.426422,0.6599999999999999,0.7065918108035392
athlete_002,2536.426422,0.6599999999999999,0.7088687785725052
athlete_002,2537.426422,0.6599999999999999,0.7111457463414714
athlete_002,2538.426422,0.6599999999999999,0.7134227141104375
athlete_002,2539.426422,0.6599999999999999,0.7156996818794035
athlete_002,2540.426422,0.6599999999999999,0.7179766496483695
athlete_002,2541.315038,0.6599999999999999,0.72
athlete_002,2542.315038,0.6599999999999999,0.7137409106881606
athlete_002,2543.315038,0.6599999999999999,0.7074818213763212
athlete_002,2544.315038,0.6599999999999999,0.7012227320644818
athlete_002,2545.315038,0.6599999999999999,0.6949636427526424
athlete_002,2546.315038,0.6599999999999999,0.6887045534408031
athlete_002,2547.315038,0.6599999999999999,0.6824454641289637
athlete_002,2548.315038,0.6599999999999999,0.6761863748171242
athlete_002,2549.315038,0.6599999999999999,0.6699272855052848
athlete_002,2550.315038,0.6599999999999999,0.6636681961934454
athlete_002,2551.315038,0.6599999999999999,0.657409106881606
athlete_002,2552.315038,0.6599999999999999,0.6511500175697666
athlete_002,2553.315038,0.6599999999999999,0.6448909282579273
athlete_002,2554.315038,0.6599999999999999,0.6386318389460879
athlete_002,2555.315038,0.6599999999999999,0.6323727496342485
athlete_002,2556.315038,0.6599999999999999,0.6261136603224091
athlete_002,2557.315038,0.6599999999999999,0.6198545710105696
athlete_002,2558.315038,0.6599999999999999,0.6135954816987302
athlete_002,2559.315038,0.6599999999999999,0.6073363923868909
athlete_002,2560.315038,0.6599999999999999,0.6010773030750515
athlete_002,2561.315038,0.6599999999999999,0.5948182137632121
athlete_002,2562.315038,0.6599999999999999,0.5885591244513727
athlete_002,2563.315038,0.6599999999999999,0.5823000351395333
athlete_002,2564.315038,0.6599999999999999,0.5760409458276939
athlete_002,2565.315038,0.6599999999999999,0.5697818565158546
athlete_002,2566.315038,0.6599999999999999,0.5635227672040152
athlete_002,2567.315038,0.6599999999999999,0.5572636778921758
athlete_002,2568.315038,0.6599999999999999,0.5510045885803364
athlete_002,2569.315038,0.6599999999999999,0.5447454992684969
athlete_002,2570.315038,0.6599999999999999,0.5384864099566575
athlete_002,2571.315038,0.6599999999999999,0.5322273206448181
athlete_002,2572.315038,0.6599999999999999,0.5259682313329788
athlete_002,2573.315038,0.6599999999999999,0.5197091420211394
athlete_002,2574.315038,0.6599999999999999,0.5134500527093
athlete_002,2575.315038,0.6599999999999999,0.5071909633974606
athlete_002,2576.315038,0.6599999999999999,0.5009318740856212
athlete_002,2577.315038,0.6599999999999999,0.4946727847737818
athlete_002,2578.315038,0.6599999999999999,0.4884136954619424
athlete_002,2579.315038,0.6599999999999999,0.482154606150103
athlete_002,2580.315038,0.6599999999999999,0.4758955168382636
athlete_002,2581.315038,0.6599999999999999,0.46963642752642426
athlete_002,2582.315038,0.6599999999999999,0.4633773382145849
athlete_002,2583.315038,0.6599999999999999,0.45711824890274544
athlete_002,2584.315038,0.6599999999999999,0.45085915959090606
athlete_002,2585.315038,0.6599999999999999,0.4446000702790667
athlete_002,2586.315038,0.6599999999999999,0.4383409809672273
athlete_002,2587.315038,0.6599999999999999,0.4320818916553879
athlete_002,2588.315038,0.6599999999999999,0.42582280234354847
athlete_002,2589.315038,0.6599999999999999,0.41956371303170914
athlete_002,2590.315038,0.6599999999999999,0.4133046237198697
athlete_002,2591.315038,0.6599999999999999,0.4070455344080303
athlete_002,2592.315038,0.6599999999999999,0.40078644509619094
athlete_002,2593.315038,0.6599999999999999,0.39452735578435155
athlete_002,2594.315038,0.6599999999999999,0.3882682664725121
athlete_002,2595.315038,0.6599999999999999,0.3820091771606728
athlete_002,2596.315038,0.6599999999999999,0.37575008784883335
athlete_002,2597.315038,0.6599999999999999,0.3694909985369939
athlete_002,2598.315038,0.6599999999999999,0.3632319092251546
athlete_002,2599.315038,0.6599999999999999,0.35697281991331514
athlete_002,2600.315038,0.6599999999999999,0.35071373060147576
athlete_002,2601.315038,0.6599999999999999,0.3444546412896363
athlete_002,2602.315038,0.6599999999999999,0.338195551977797
athlete_002,2603.315038,0.6599999999999999,0.33193646266595755
athlete_002,2604.315038,0.6599999999999999,0.32567737335411817
athlete_002,2605.315038,0.6599999999999999,0.3194182840422788
athlete_002,2606.315038,0.6599999999999999,0.3131591947304394
athlete_002,2607.315038,0.6599999999999999,0.30690010541859997
athlete_002,2608.315038,0.6599999999999999,0.30064101610676064
athlete_002,2609.315038,0.6599999999999999,0.2943819267949212
athlete_002,2610.315038,0.6599999999999999,0.2881228374830818
athlete_002,2611.315038,0.6599999999999999,0.28186374817124243
athlete_002,2612.315038,0.6599999999999999,0.27560465885940305
athlete_002,2613.315038,0.6599999999999999,0.2693455695475636
athlete_002,2614.315038,0.6599999999999999,0.2630864802357243
athlete_002,2615.315038,0.6599999999999999,0.25682739092388485
athlete_002,2616.315038,0.6599999999999999,0.25056830161204546
athlete_002,2617.315038,0.6599999999999999,0.24430921230020608
athlete_002,2618.315038,0.6599999999999999,0.2380501229883667
athlete_002,2619.315038,0.6599999999999999,0.23179103367652726
athlete_002,2620.315038,0.6599999999999999,0.22553194436468793
athlete_002,2621.315038,0.6592728550528485,0.22
athlete_002,2622.315038,0.653013765741009,0.22
athlete_002,2623.315038,0.6467546764291697,0.22
athlete_002,2624.315038,0.6404955871173302,0.22
athlete_002,2625.315038,0.64,0.21423649780549084
athlete_002,2626.315038,0.64,0.20797740849365146
athlete_002,2627.315038,0.64,0.20171831918181207
athlete_002,2628.315038,0.64,0.1954592298699727
athlete_002,2629.315038,0.64,0.1892001405581333
athlete_002,2630.315038,0.64,0.18294105124629392
athlete_002,2630.784923,0.64,0.17999999999999997
athlete_002,2631.784923,0.738982723157859,0.18
athlete_002,2632.784923,0.837965446315718,0.18
athlete_002,2633.784923,0.92,0.1969481694735769
athlete_002,2634.784923,0.92,0.29593089263143585
athlete_002,2635.784923,0.92,0.39491361578929485
athlete_002,2636.784923,0.92,0.49389633894715385
athlete_002,2637.784923,0.92,0.5928790621050126
athlete_002,2638.784923,0.92,0.6918617852628717
athlete_002,2639.784923,0.92,0.7908445084207307
athlete_002,2640.784923,0.8501727684214102,0.82
athlete_002,2641.784923,0.7511900452635513,0.82
athlete_002,2642.784923,0.6522073221056922,0.82
athlete_002,2643.784923,0.5532245989478334,0.82
athlete_002,2644.784923,0.45424187578997455,0.82
athlete_002,2645.784923,0.3552591526321155,0.82
athlete_002,2646.784923,0.25627642947425644,0.82
athlete_002,2647.784923,0.15729370631639739,0.82
athlete_002,2648.784923,0.08,0.7983109831585385
athlete_002,2649.784923,0.08,0.6993282600006797
athlete_002,2650.784923,0.08,0.6003455368428204
athlete_002,2651.784923,0.08,0.5013628136849614
athlete_002,2652.784923,0.08,0.40238009052710255
athlete_002,2653.784923,0.08,0.3033973673692437
athlete_002,2654.784923,0.08,0.20441464421138444
athlete_002,2655.784923,0.15456807894647445,0.18
athlete_002,2656.784923,0.2535508021043333,0.18
athlete_002,2657.784923,0.3525335252621921,0.18
athlete_002,2658.784923,0.45151624842005095,0.18
athlete_002,2659.784923,0.5504989715779102,0.18
athlete_002,2660.784923,0.649481694735769,0.18
athlete_002,2661.784923,0.7484644178936283,0.18
athlete_002,2662.784923,0.8474471410514871,0.18
athlete_002,2663.784923,0.92,0.20642986420934567
athlete_002,2664.784923,0.92,0.30541258736720495
athlete_002,2665.784923,0.92,0.4043953105250638
athlete_002,2666.784923,0.92,0.5033780336829226
athlete_002,2667.784923,0.92,0.6023607568407814
athlete_002,2668.784923,0.92,0.7013434799986402
athlete_002,2669.784923,0.92,0.800326203156499
athlete_002,2670.784923,0.8406910736856409,0.82
athlete_002,2671.784923,0.7417083505277821,0.82
athlete_002,2672.784923,0.6427256273699228,0.82
athlete_002,2673.784923,0.5437429042120644,0.82
athlete_002,2674.784923,0.44476018105420506,0.82
athlete_002,2675.784923,0.34577745789634584,0.82
athlete_002,2676.784923,0.24679473473848745,0.82
athlete_002,2677.784923,0.14781201158062818,0.82
athlete_002,2678.784923,0.08,0.7888292884227687
athlete_002,2679.784923,0.08,0.6898465652649103
athlete_002,2680.784923,0.08,0.590863842107051
athlete_002,2681.784923,0.08,0.4918811189491926
athlete_002,2682.784923,0.08,0.3928983957913334
athlete_002,2683.784923,0.08,0.29391567263347407
athlete_002,2684.784923,0.08,0.19493294947561568
athlete_002,2685.784923,0.16404977368224388,0.18
athlete_002,2686.784923,0.26303249684010227,0.18
athlete_002,2687.784923,0.36201521999796155,0.18
athlete_002,2688.784923,0.4609979431558208,0.18
athlete_002,2689.784923,0.5599806663136792,0.18
athlete_002,2690.784923,0.658963389471538,0.18
athlete_002,2691.784923,0.7579461126293964,0.18
athlete_002,2692.784923,0.8569288357872565,0.18
athlete_002,2693.784923,0.92,0.21591155894511554
athlete_002,2694.784923,0.92,0.31489428210297393
athlete_002,2695.784923,0.92,0.4138770052608332
athlete_002,2696.784923,0.92,0.5128597284186915
athlete_002,2697.784923,0.92,0.6118424515765508
athlete_002,2698.784923,0.92,0.7108251747344101
athlete_002,2699.784923,0.92,0.8098078978922685
athlete_002,2700.784923,0.8312093789498719,0.82
athlete_002,2701.784923,0.7322266557920135,0.82
athlete_002,2702.784923,0.6332439326341542,0.82
athlete_002,2703.784923,0.5342612094762959,0.82
athlete_002,2704.784923,0.4352784863184365,0.82
athlete_002,2705.784923,0.3362957631605773,0.82
athlete_002,2706.784923,0.2373130400027189,0.82
athlete_002,2707.784923,0.13833031684485964,0.82
athlete_002,2708.784923,0.08,0.779347593687001
athlete_002,2709.784923,0.08,0.6803648705291409
athlete_002,2710.784923,0.08,0.5813821473712816
athlete_002,2711.784923,0.08,0.4823994242134223
athlete_002,2712.784923,0.08,0.3834167010555639
athlete_002,2713.784923,0.08,0.2844339778977055
athlete_002,2714.784923,0.08,0.18545125473984536
athlete_002,2715.784923,0.17353146841801242,0.18
athlete_002,2716.784923,0.2725141915758708,0.18
athlete_002,2717.062606,0.30000000000000066,0.18
athlete_002,2718.062606,0.3,0.18639508572121444
athlete_002,2719.062606,0.3,0.19279017144242885
athlete_002,2720.062606,0.3,0.1991852571636433
athlete_002,2721.062606,0.3,0.20558034288485771
athlete_002,2722.062606,0.3,0.21197542860607216
athlete_002,2723.062606,0.3,0.2183705143272866
athlete_002,2724.062606,0.304765600048501,0.22
athlete_002,2725.062606,0.31116068576971545,0.22
athlete_002,2726.062606,0.31755577149092984,0.22
athlete_002,2727.062606,0.32395085721214434,0.22
athlete_002,2728.062606,0.3303459429333587,0.22
athlete_002,2729.062606,0.33674102865457317,0.22
athlete_002,2730.062606,0.3431361143757876,0.22
athlete_002,2731.062606,0.349531200097002,0.22
athlete_002,2732.062606,0.3559262858182165,0.22
athlete_002,2733.062606,0.3623213715394309,0.22
athlete_002,2734.062606,0.36871645726064534,0.22
athlete_002,2735.062606,0.3751115429818598,0.22
athlete_002,2736.062606,0.38150662870307417,0.22
athlete_002,2737.062606,0.38790171442428867,0.22
athlete_002,2738.062606,0.39429680014550306,0.22
athlete_002,2739.062606,0.4006918858667175,0.22
athlete_002,2740.062606,0.40708697158793195,0.22
athlete_002,2741.062606,0.41348205730914633,0.22
athlete_002,2742.062606,0.4198771430303608,0.22
athlete_002,2743.062606,0.4262722287515752,0.22
athlete_002,2744.062606,0.43266731447278967,0.22
athlete_002,2745.062606,0.4390624001940041,0.22
athlete_002,2746.062606,0.4454574859152185,0.22
athlete_002,2747.062606,0.451852571636433,0.22
athlete_002,2748.062606,0.4582476573576474,0.22
athlete_002,2749.062606,0.4646427430788618,0.22
athlete_002,2750.062606,0.4710378288000763,0.22
athlete_002,2751.062606,0.47743291452129066,0.22
athlete_002,2752.062606,0.4838280002425051,0.22
athlete_002,2753.062606,0.49022308596371955,0.22
athlete_002,2754.062606,0.49661817168493394,0.22
athlete_002,2755.062606,0.5030132574061484,0.22
athlete_002,2756.062606,0.5094083431273628,0.22
athlete_002,2757.062606,0.5158034288485773,0.22
athlete_002,2758.062606,0.5221985145697917,0.22
athlete_002,2759.062606,0.5285936002910061,0.22
athlete_002,2760.062606,0.5349886860122206,0.22
athlete_002,2761.062606,0.541383771733435,0.22
athlete_002,2762.062606,0.5477788574546494,0.22
athlete_002,2763.062606,0.5541739431758639,0.22
athlete_002,2764.062606,0.5605690288970784,0.22
athlete_002,2765.062606,0.5669641146182927,0.22
athlete_002,2766.062606,0.5733592003395072,0.22
athlete_002,2767.062606,0.5797542860607217,0.22
athlete_002,2768.062606,0.5861493717819362,0.22
athlete_002,2769.062606,0.5925444575031504,0.22
athlete_002,2770.062606,0.5989395432243649,0.22
athlete_002,2771.062606,0.6053346289455794,0.22
athlete_002,2772.062606,0.6117297146667937,0.22
athlete_002,2773.062606,0.6181248003880082,0.22
athlete_002,2774.062606,0.6245198861092227,0.22
athlete_002,2775.062606,0.630914971830437,0.22
athlete_002,2776.062606,0.6373100575516515,0.22
athlete_002,2777.062606,0.643705143272866,0.22
athlete_002,2778.062606,0.6501002289940803,0.22
athlete_002,2779.062606,0.6564953147152948,0.22
athlete_002,2780.062606,0.6628904004365093,0.22
athlete_002,2781.062606,0.6692854861577235,0.22
athlete_002,2782.062606,0.675680571878938,0.22
athlete_002,2783.062606,0.6820756576001525,0.22
athlete_002,2784.062606,0.688470743321367,0.22
athlete_002,2785.062606,0.6948658290425813,0.22
athlete_002,2786.062606,0.7012609147637958,0.22
athlete_002,2787.062606,0.7076560004850103,0.22
athlete_002,2788.062606,0.7140510862062246,0.22
athlete_002,2789.062606,0.7204461719274391,0.22
athlete_002,2790.062606,0.7268412576486536,0.22
athlete_002,2791.062606,0.7332363433698679,0.22
athlete_002,2792.062606,0.7396314290910824,0.22
athlete_002,2793.062606,0.74,0.22602651481229688
athlete_002,2794.062606,0.74,0.23242160053351132
athlete_002,2795.062606,0.74,0.2388166862547257
athlete_002,2796.062606,0.74,0.24521177197594016
athlete_002,2797.062606,0.74,0.25160685769715463
athlete_002,2798.062606,0.74,0.258001943418369
athlete_002,2799.062606,0.74,0.2643970291395834
athlete_002,2800.062606,0.74,0.2707921148607979
athlete_002,2801.062606,0.74,0.2771872005820123
athlete_002,2802.062606,0.74,0.2835822863032267
athlete_002,2803.062606,0.74,0.2899773720244412
athlete_002,2804.062606,0.74,0.29637245774565557
athlete_002,2805.062606,0.74,0.30276754346687007
athlete_002,2806.062606,0.74,0.30916262918808446
athlete_002,2807.062606,0.74,0.31555771490929885
athlete_002,2808.062606,0.74,0.32195280063051335
athlete_002,2809.062606,0.74,0.32834788635172774
athlete_002,2810.062606,0.74,0.3347429720729421
athlete_002,2810.884648,0.74,0.33999999999999997
athlete_002,2811.884648,0.7432021838530285,0.53
athlete_002,2812.884648,0.746404367706057,0.53
athlete_002,2813.884648,0.7496065515590856,0.53
athlete_002,2814.884648,0.7528087354121141,0.53
athlete_002,2815.884648,0.7560109192651426,0.53
athlete_002,2816.884648,0.7592131031181711,0.53
athlete_002,2817.884648,0.7624152869711996,0.53
athlete_002,2818.884648,0.7656174708242283,0.53
athlete_002,2819.884648,0.7688196546772568,0.53
athlete_002,2820.884648,0.7720218385302853,0.53
athlete_002,2821.884648,0.7752240223833138,0.53
athlete_002,2822.884648,0.7784262062363423,0.53
athlete_002,2823.884648,0.7816283900893709,0.53
athlete_002,2824.884648,0.7848305739423994,0.53
athlete_002,2825.884648,0.7880327577954279,0.53
athlete_002,2826.884648,0.7912349416484564,0.53
athlete_002,2827.884648,0.794437125501485,0.53
athlete_002,2828.884648,0.7976393093545135,0.53
athlete_002,2829.884648,0.800841493207542,0.53
athlete_002,2830.884648,0.8040436770605706,0.53
athlete_002,2831.884648,0.8072458609135991,0.53
athlete_002,2832.884648,0.8104480447666276,0.53
athlete_002,2833.884648,0.8136502286196562,0.53
athlete_002,2834.884648,0.8168524124726847,0.53
athlete_002,2835.884648,0.8200545963257132,0.53
athlete_002,2836.884648,0.8232567801787417,0.53
athlete_002,2837.884648,0.8264589640317703,0.53
athlete_002,2838.884648,0.8296611478847988,0.53
athlete_002,2839.884648,0.8328633317378273,0.53
athlete_002,2840.884648,0.8360655155908558,0.53
athlete_002,2841.884648,0.8392676994438844,0.53
athlete_002,2842.884648,0.842469883296913,0.53
athlete_002,2843.884648,0.8456720671499415,0.53
athlete_002,2844.884648,0.84887425100297,0.53
athlete_002,2845.884648,0.8520764348559985,0.53
athlete_002,2846.884648,0.855278618709027,0.53
athlete_002,2847.884648,0.8584808025620556,0.53
athlete_002,2848.884648,0.8616829864150841,0.53
athlete_002,2849.884648,0.8648851702681126,0.53
athlete_002,2850.884648,0.8680873541211411,0.53
athlete_002,2851.884648,0.8712895379741696,0.53
athlete_002,2852.884648,0.8744917218271981,0.53
athlete_002,2853.884648,0.8776939056802268,0.53
athlete_002,2854.884648,0.8808960895332553,0.53
athlete_002,2855.884648,0.8840982733862838,0.53
athlete_002,2856.884648,0.8873004572393124,0.53
athlete_002,2857.884648,0.8905026410923409,0.53
athlete_002,2858.884648,0.8937048249453694,0.53
athlete_002,2859.884648,0.8969070087983979,0.53
athlete_002,2860.884648,0.9001091926514264,0.53
athlete_002,2861.884648,0.9033113765044549,0.53
athlete_002,2862.884648,0.9065135603574835,0.53
athlete_002,2863.884648,0.909715744210512,0.53
athlete_002,2864.884648,0.9129179280635406,0.53
athlete_002,2865.884648,0.9161201119165691,0.53
athlete_002,2866.884648,0.9193222957695977,0.53
athlete_002,2867.096286,0.92,0.53
athlete_003,0.0,-0.08,0.18
athlete_003,1.0,0.6080626631914615,0.18
athlete_003,2.0,0.92,0.5561253263829229
athlete_003,3.0,0.4958120104256158,0.82
athlete_003,4.0,0.08,0.547749347234154
athlete_003,5.0,0.40031331595730707,0.18
athlete_003,6.0,0.92,0.34837597914876844
athlete_003,7.0,0.7035613576597691,0.82
athlete_003,8.0,0.08,0.7554986944683076
athlete_003,9.0,0.1925639687231539,0.18
athlete_003,10.0,0.8806266319146155,0.18
athlete_003,11.0,0.9113107048939223,0.82
athlete_003,12.0,0.22324804170246193,0.82
athlete_003,13.0,0.08,0.27518537851100044
athlete_003,13.458077,0.30000000000000066,0.18
athlete_003,14.458077,0.3,0.1851883821044585
athlete_003,15.458077,0.3,0.190376764208917
athlete_003,16.458077,0.3,0.1955651463133755
athlete_003,17.458077,0.3,0.200753528417834
athlete_003,18.458077,0.3,0.2059419105222925
athlete_003,19.458077,0.3,0.211130292626751
athlete_003,20.458077,0.3,0.2163186747312095
athlete_003,21.458077,0.298492943164332,0.22
athlete_003,22.458077,0.29330456105987346,0.22
athlete_003,23.458077,0.28811617895541497,0.22
athlete_003,24.458077,0.2829277968509565,0.22
athlete_003,25.458077,0.277739414746498,0.22
athlete_003,26.458077,0.2725510326420395,0.22
athlete_003,27.458077,0.26736265053758096,0.22
athlete_003,28.458077,0.26217426843312247,0.22
athlete_003,29.458077,0.2569858863286639,0.22
athlete_003,30.458077,0.25179750422420544,0.22
athlete_003,31.458077,0.24660912211974695,0.22
athlete_003,32.458077,0.24142074001528846,0.22
athlete_003,33.458077,0.23623235791082997,0.22
athlete_003,34.458077,0.23104397580637143,0.22
athlete_003,35.458077,0.22585559370191294,0.22
athlete_003,36.458077,0.22066721159745445,0.22
athlete_003,37.458077,0.21547882949299593,0.22
athlete_003,38.458077,0.21029044738853744,0.22
athlete_003,39.458077,0.20510206528407893,0.22
athlete_003,40.458077,0.1999136831796204,0.22
athlete_003,41.458077,0.19472530107516192,0.22
athlete_003,42.458077,0.18953691897070343,0.22
athlete_003,43.458077,0.18434853686624492,0.22
athlete_003,44.458077,0.18,0.2208398452382136
athlete_003,45.458077,0.18,0.22602822734267208
athlete_003,46.458077,0.18,0.23121660944713057
athlete_003,47.458077,0.18,0.2364049915515891
athlete_003,48.458077,0.18,0.24159337365604758
athlete_003,49.458077,0.18,0.2467817557605061
athlete_003,50.458077,0.18,0.2519701378649646
athlete_003,51.458077,0.18,0.25715851996942307
athlete_003,52.458077,0.18,0.26234690207388156
athlete_003,53.458077,0.18,0.26753528417834005
athlete_003,54.458077,0.18,0.27272366628279865
athlete_003,55.458077,0.18,0.27791204838725714
athlete_003,56.458077,0.18,0.2831004304917156
athlete_003,57.458077,0.18,0.2882888125961741
athlete_003,58.458077,0.18,0.2934771947006326
athlete_003,59.458077,0.18,0.2986655768050911
athlete_003,60.458077,0.18,0.3038539589095496
athlete_003,61.458077,0.18,0.3090423410140081
athlete_003,62.458077,0.18,0.3142307231184666
athlete_003,63.458077,0.18,0.3194191052229251
athlete_003,64.458077,0.18,0.32460748732738365
athlete_003,65.458077,0.18,0.32979586943184214
athlete_003,66.458077,0.18,0.3349842515363006
athlete_003,67.424803,0.18,0.34
athlete_003,68.424803,0.18,0.3437644469730416
athlete_003,69.424803,0.18,0.3475288939460831
athlete_003,70.424803,0.18,0.3512933409191247
athlete_003,71.424803,0.18,0.35505778789216624
athlete_003,72.424803,0.18,0.3588222348652078
athlete_003,73.424803,0.18,0.3625866818382493
athlete_003,74.424803,0.18,0.3663511288112909
athlete_003,75.424803,0.18,0.37011557578433246
athlete_003,76.424803,0.18,0.37388002275737403
athlete_003,77.424803,0.18,0.37764446973041554
athlete_003,78.424803,0.18,0.3814089167034571
athlete_003,79.424803,0.18,0.3851733636764987
athlete_003,80.424803,0.18,0.38893781064954025
athlete_003,81.424803,0.18,0.3927022576225818
athlete_003,82.424803,0.18,0.39646670459562333
athlete_003,83.424803,0.18,0.4002311515686649
athlete_003,84.424803,0.18,0.40399559854170647
athlete_003,85.424803,0.18,0.407760045514748
athlete_003,86.424803,0.18,0.41152449248778955
athlete_003,87.424803,0.18,0.4152889394608311
athlete_003,88.424803,0.18,0.4190533864338727
athlete_003,89.424803,0.18,0.42281783340691426
athlete_003,90.424803,0.18,0.42658228037995577
athlete_003,91.424803,0.18,0.43034672735299734
athlete_003,92.424803,0.18,0.4341111743260389
athlete_003,93.424803,0.18,0.4378756212990804
athlete_003,94.424803,0.18,0.441640068272122
athlete_003,95.424803,0.18,0.44540451524516356
athlete_003,96.424803,0.18,0.4491689622182051
athlete_003,97.424803,0.18,0.45293340919124664
athlete_003,98.424803,0.18,0.4566978561642882
athlete_003,99.424803,0.18,0.4604623031373298
athlete_003,100.424803,0.18,0.4642267501103713
athlete_003,101.424803,0.18,0.46799119708341286
athlete_003,102.424803,0.18,0.4717556440564544
athlete_003,103.424803,0.18,0.475520091029496
athlete_003,104.424803,0.18,0.47928453800253756
athlete_003,105.424803,0.18,0.4830489849755791
athlete_003,106.424803,0.18,0.48681343194862065
athlete_003,107.424803,0.18,0.49057787892166216
athlete_003,108.424803,0.18,0.4943423258947037
athlete_003,109.424803,0.18,0.4981067728677453
athlete_003,110.424803,0.18,0.5018712198407869
athlete_003,111.424803,0.18,0.5056356668138284
athlete_003,112.424803,0.18,0.50940011378687
athlete_003,113.424803,0.18,0.5131645607599116
athlete_003,114.424803,0.18,0.5169290077329531
athlete_003,115.424803,0.18,0.5206934547059946
athlete_003,116.424803,0.18,0.5244579016790362
athlete_003,117.424803,0.18,0.5282223486520777
athlete_003,118.424803,0.18,0.5319867956251193
athlete_003,119.424803,0.18,0.5357512425981609
athlete_003,120.424803,0.18,0.5395156895712024
athlete_003,121.424803,0.18,0.543280136544244
athlete_003,122.424803,0.18,0.5470445835172855
athlete_003,123.424803,0.18,0.550809030490327
athlete_003,124.424803,0.18,0.5545734774633686
athlete_003,125.424803,0.18,0.5583379244364102
athlete_003,126.424803,0.18,0.5621023714094517
athlete_003,127.424803,0.18,0.5658668183824933
athlete_003,128.424803,0.18,0.5696312653555349
athlete_003,129.424803,0.18,0.5733957123285764
athlete_003,130.424803,0.18,0.577160159301618
athlete_003,131.424803,0.18,0.5809246062746595
athlete_003,132.424803,0.18,0.584689053247701
athlete_003,133.424803,0.18,0.5884535002207426
athlete_003,134.424803,0.18,0.5922179471937842
athlete_003,135.424803,0.18,0.5959823941668257
athlete_003,136.424803,0.18,0.5997468411398673
athlete_003,137.424803,0.18,0.6035112881129088
athlete_003,138.424803,0.18,0.6072757350859503
athlete_003,139.424803,0.18,0.6110401820589919
athlete_003,140.424803,0.18,0.6148046290320335
athlete_003,141.424803,0.18,0.618569076005075
athlete_003,142.424803,0.18,0.6223335229781166
athlete_003,143.424803,0.18,0.6260979699511582
athlete_003,144.424803,0.18,0.6298624169241998
athlete_003,145.424803,0.18,0.6336268638972413
athlete_003,146.424803,0.18,0.6373913108702829
athlete_003,147.424803,0.18,0.6411557578433243
athlete_003,148.424803,0.18,0.6449202048163659
athlete_003,149.424803,0.18,0.6486846517894075
athlete_003,150.424803,0.18,0.652449098762449
athlete_003,151.424803,0.18,0.6562135457354906
athlete_003,152.424803,0.18,0.6599779927085321
athlete_003,153.424803,0.18,0.6637424396815736
athlete_003,154.424803,0.18,0.6675068866546152
athlete_003,155.424803,0.18,0.6712713336276568
athlete_003,156.424803,0.18,0.6750357806006984
athlete_003,157.424803,0.18,0.6788002275737399
athlete_003,158.424803,0.18,0.6825646745467815
athlete_003,159.424803,0.18,0.6863291215198231
athlete_003,160.424803,0.18,0.6900935684928646
athlete_003,161.424803,0.18,0.6938580154659062
athlete_003,162.424803,0.18,0.6976224624389478
athlete_003,163.424803,0.18,0.7013869094119892
athlete_003,164.424803,0.18,0.7051513563850308
athlete_003,165.424803,0.18,0.7089158033580724
athlete_003,166.424803,0.18,0.7126802503311139
athlete_003,167.424803,0.18,0.7164446973041555
athlete_003,168.369246,0.18,0.72
athlete_003,169.369246,0.18,0.7088317049614825
athlete_003,170.369246,0.18,0.6976634099229652
athlete_003,171.369246,0.18,0.6864951148844477
athlete_003,172.369246,0.18,0.6753268198459302
athlete_003,173.369246,0.18,0.6641585248074128
athlete_003,174.369246,0.18,0.6529902297688954
athlete_003,175.369246,0.18,0.641821934730378
athlete_003,176.369246,0.18,0.6306536396918605
athlete_003,177.369246,0.18,0.619485344653343
athlete_003,178.369246,0.18,0.6083170496148257
athlete_003,179.369246,0.18,0.5971487545763082
athlete_003,180.369246,0.18,0.5859804595377908
athlete_003,181.369246,0.18,0.5748121644992734
athlete_003,182.369246,0.18,0.563643869460756
athlete_003,183.369246,0.18,0.5524755744222385
athlete_003,184.369246,0.18,0.541307279383721
athlete_003,185.369246,0.18,0.5301389843452037
athlete_003,186.369246,0.18,0.5189706893066862
athlete_003,187.369246,0.18,0.5078023942681688
athlete_003,188.369246,0.18,0.49663409922965135
athlete_003,189.369246,0.18,0.48546580419113394
athlete_003,190.369246,0.18,0.4742975091526165
athlete_003,191.369246,0.18,0.4631292141140991
athlete_003,192.369246,0.18,0.4519609190755816
athlete_003,193.369246,0.18,0.4407926240370642
athlete_003,194.369246,0.18,0.4296243289985468
athlete_003,195.369246,0.18,0.41845603396002934
athlete_003,196.369246,0.18,0.40728773892151193
athlete_003,197.369246,0.18,0.39611944388299447
athlete_003,198.369246,0.18,0.38495114884447706
athlete_003,199.369246,0.18,0.3737828538059596
athlete_003,200.369246,0.18,0.3626145587674422
athlete_003,201.369246,0.18,0.35144626372892473
athlete_003,202.369246,0.18,0.34027796869040733
athlete_003,203.369246,0.18,0.3291096736518899
athlete_003,204.369246,0.18,0.31794137861337246
athlete_003,205.369246,0.18,0.30677308357485505
athlete_003,206.369246,0.18,0.2956047885363376
athlete_003,207.369246,0.18,0.2844364934978202
athlete_003,208.369246,0.18,0.2732681984593027
athlete_003,209.369246,0.18,0.2620999034207853
athlete_003,210.369246,0.18,0.25093160838226786
athlete_003,211.369246,0.18,0.23976331334375045
athlete_003,212.369246,0.18,0.22859501830523304
athlete_003,213.369246,0.18257327673328433,0.22
athlete_003,214.369246,0.1937415717718018,0.22
athlete_003,215.369246,0.20490986681031925,0.22
athlete_003,216.369246,0.21607816184883671,0.22
athlete_003,217.369246,0.22724645688735406,0.22
athlete_003,218.369246,0.23841475192587153,0.22
athlete_003,219.369246,0.249583046964389,0.22
athlete_003,220.369246,0.26075134200290634,0.22
athlete_003,221.369246,0.2719196370414238,0.22
athlete_003,222.369246,0.28308793207994126,0.22
athlete_003,223.369246,0.2942562271184587,0.22
athlete_003,224.369246,0.3054245221569761,0.22
athlete_003,225.369246,0.31659281719549354,0.22
athlete_003,226.369246,0.327761112234011,0.22
athlete_003,227.369246,0.33892940727252846,0.22
athlete_003,228.369246,0.3500977023110458,0.22
athlete_003,229.369246,0.3612659973495633,0.22
athlete_003,230.369246,0.37243429238808073,0.22
athlete_003,231.369246,0.3836025874265981,0.22
athlete_003,232.369246,0.39477088246511555,0.22
athlete_003,233.369246,0.405939177503633,0.22
athlete_003,234.369246,0.41710747254215047,0.22
athlete_003,235.369246,0.4282757675806678,0.22
athlete_003,236.369246,0.4394440626191853,0.22
athlete_003,237.369246,0.45061235765770274,0.22
athlete_003,238.369246,0.4617806526962201,0.22
athlete_003,239.369246,0.47294894773473756,0.22
athlete_003,240.369246,0.484117242773255,0.22
athlete_003,241.369246,0.4952855378117725,0.22
athlete_003,242.369246,0.5064538328502899,0.22
athlete_003,243.369246,0.5176221278888073,0.22
athlete_003,244.369246,0.5287904229273248,0.22
athlete_003,245.369246,0.5399587179658423,0.22
athlete_003,246.369246,0.5511270130043595,0.22
athlete_003,247.369246,0.562295308042877,0.22
athlete_003,248.369246,0.5734636030813944,0.22
athlete_003,249.369246,0.5846318981199119,0.22
athlete_003,250.369246,0.5958001931584294,0.22
athlete_003,251.369246,0.6069684881969468,0.22
athlete_003,252.369246,0.6181367832354643,0.22
athlete_003,253.369246,0.6293050782739815,0.22
athlete_003,254.369246,0.64,0.21952662668750092
athlete_003,255.369246,0.64,0.20835833164898346
athlete_003,256.369246,0.64,0.19719003661046577
athlete_003,257.369246,0.64,0.1860217415719483
athlete_003,257.908427,0.64,0.17999999999999997
athlete_003,258.908427,0.7501222924339861,0.18
athlete_003,259.908427,0.8602445848679723,0.18
athlete_003,260.908427,0.92,0.23036687730195826
athlete_003,261.908427,0.92,0.34048916973594445
athlete_003,262.908427,0.92,0.4506114621699305
athlete_003,263.908427,0.92,0.5607337546039166
athlete_003,264.908427,0.92,0.6708560470379028
athlete_003,265.908427,0.92,0.7809783394718888
athlete_003,266.908427,0.848899368094125,0.82
athlete_003,267.908427,0.738777075660139,0.82
athlete_003,268.908427,0.6286547832261528,0.82
athlete_003,269.908427,0.5185324907921668,0.82
athlete_003,270.908427,0.4084101983581806,0.82
athlete_003,271.908427,0.2982879059241944,0.82
athlete_003,272.908427,0.18816561349020844,0.82
athlete_003,273.908427,0.08,0.8180433210562222
athlete_003,274.908427,0.08,0.7079210286222363
athlete_003,275.908427,0.08,0.5977987361882501
athlete_003,276.908427,0.08,0.48767644375426383
athlete_003,277.908427,0.08,0.3775541513202779
athlete_003,278.908427,0.08,0.26743185888629195
athlete_003,279.908427,0.10269043354769451,0.18
athlete_003,280.908427,0.2128127259816805,0.18
athlete_003,281.908427,0.32293501841566646,0.18
athlete_003,282.908427,0.43305731084965243,0.18
athlete_003,283.908427,0.5431796032836388,0.18
athlete_003,284.908427,0.6533018957176248,0.18
athlete_003,285.908427,0.7634241881516112,0.18
athlete_003,286.908427,0.8735464805855967,0.18
athlete_003,287.908427,0.92,0.24366877301958284
athlete_003,288.908427,0.92,0.3537910654535688
athlete_003,289.908427,0.92,0.4639133578875552
athlete_003,290.908427,0.92,0.5740356503215408
athlete_003,291.908427,0.92,0.6841579427555271
athlete_003,292.908427,0.92,0.7942802351895131
athlete_003,293.908427,0.8355974723765002,0.82
athlete_003,294.908427,0.7254751799425138,0.82
athlete_003,295.908427,0.6153528875085278,0.82
athlete_003,296.908427,0.5052305950745427,0.82
athlete_003,297.908427,0.39510830264055585,0.82
athlete_003,298.908427,0.2849860102065699,0.82
athlete_003,299.908427,0.17486371777258392,0.82
athlete_003,300.908427,0.08,0.8047414253385977
athlete_003,301.908427,0.08,0.6946191329046109
athlete_003,302.908427,0.08,0.5844968404706249
athlete_003,303.908427,0.08,0.4743745480366389
athlete_003,304.908427,0.08,0.364252255602653
athlete_003,305.908427,0.08,0.254129963168667
athlete_003,306.908427,0.11599232926531926,0.18
athlete_003,307.908427,0.22611462169930524,0.18
athlete_003,308.908427,0.3362369141332912,0.18
athlete_003,309.908427,0.44635920656727807,0.18
athlete_003,310.908427,0.556481499001264,0.18
athlete_003,311.908427,0.6666037914352495,0.18
athlete_003,312.908427,0.7767260838692355,0.18
athlete_003,313.908427,0.8868483763032223,0.18
athlete_003,314.908427,0.92,0.25697066873720714
athlete_003,315.908427,0.92,0.3670929611711931
athlete_003,316.908427,0.92,0.47721525360517997
athlete_003,317.908427,0.92,0.5873375460391659
athlete_003,318.908427,0.92,0.6974598384731518
athlete_003,319.908427,0.92,0.8075821309071378
athlete_003,320.908427,0.822295576658875,0.82
athlete_003,321.908427,0.712173284224889,0.82
athlete_003,322.908427,0.6020509917909039,0.82
athlete_003,323.908427,0.49192869935691796,0.82
athlete_003,324.908427,0.3818064069229311,0.82
athlete_003,325.908427,0.27168411448894514,0.82
athlete_003,326.908427,0.16156182205495917,0.82
athlete_003,327.908427,0.08,0.791439529620973
athlete_003,328.908427,0.08,0.6813172371869861
athlete_003,329.908427,0.08,0.5711949447530001
athlete_003,330.908427,0.08,0.4610726523190142
athlete_003,331.908427,0.08,0.3509503598850273
athlete_003,332.908427,0.08,0.24082806745104224
athlete_003,333.908427,0.12929422498294402,0.18
athlete_003,334.908427,0.2394165174169291,0.18
athlete_003,335.458575,0.30000000000000066,0.18
athlete_003,336.458575,0.3,0.18358516300934744
athlete_003,337.458575,0.3,0.18717032601869488
athlete_003,338.458575,0.3,0.19075548902804232
athlete_003,339.458575,0.3,0.19434065203738976
athlete_003,340.458575,0.3,0.19792581504673723
athlete_003,341.458575,0.3,0.20151097805608467
athlete_003,342.458575,0.3,0.2050961410654321
athlete_003,343.458575,0.3,0.20868130407477956
athlete_003,344.458575,0.3,0.212266467084127
athlete_003,345.458575,0.3,0.21585163009347447
athlete_003,346.458575,0.3,0.21943679310282188
athlete_003,347.458575,0.29697804388783067,0.22
athlete_003,348.458575,0.2933928808784832,0.22
athlete_003,349.458575,0.28980771786913573,0.22
athlete_003,350.458575,0.2862225548597883,0.22
athlete_003,351.458575,0.2826373918504409,0.22
athlete_003,352.458575,0.27905222884109343,0.22
athlete_003,353.458575,0.27546706583174596,0.22
athlete_003,354.458575,0.27188190282239855,0.22
athlete_003,355.458575,0.2682967398130511,0.22
athlete_003,356.458575,0.2647115768037036,0.22
athlete_003,357.458575,0.2611264137943562,0.22
athlete_003,358.458575,0.26,0.22245874921499126
athlete_003,359.458575,0.26,0.22604391222433873
athlete_003,360.458575,0.26,0.22962907523368614
athlete_003,361.458575,0.26,0.2332142382430336
athlete_003,362.458575,0.26,0.23679940125238105
athlete_003,363.458575,0.26,0.2403845642617285
athlete_003,364.458575,0.26,0.24396972727107594
athlete_003,365.458575,0.26,0.24755489028042338
athlete_003,366.458575,0.26,0.25114005328977085
athlete_003,367.458575,0.26,0.25472521629911826
athlete_003,368.458575,0.26,0.25831037930846573
athlete_003,369.458575,0.26,0.26189554231781315
athlete_003,370.458575,0.26,0.2654807053271606
athlete_003,371.458575,0.26,0.26906586833650803
athlete_003,372.458575,0.26,0.27265103134585555
athlete_003,373.458575,0.26,0.27623619435520297
athlete_003,374.458575,0.26,0.2798213573645504
athlete_003,375.458575,0.26,0.28340652037389785
athlete_003,376.458575,0.26,0.2869916833832453
athlete_003,377.458575,0.26,0.29057684639259274
athlete_003,378.458575,0.26,0.29416200940194015
athlete_003,379.458575,0.26,0.2977471724112876
athlete_003,380.458575,0.26,0.3013323354206351
athlete_003,381.458575,0.26,0.3049174984299825
athlete_003,382.458575,0.26,0.30850266143933
athlete_003,383.458575,0.26,0.31208782444867744
athlete_003,384.458575,0.26,0.31567298745802486
athlete_003,385.458575,0.26,0.31925815046737227
athlete_003,386.458575,0.26,0.32284331347671974
athlete_003,387.458575,0.26,0.3264284764860672
athlete_003,388.458575,0.26,0.3300136394954146
athlete_003,389.458575,0.26,0.3335988025047621
athlete_003,390.458575,0.26,0.33718396551410956
athlete_003,391.244044,0.26,0.34
athlete_003,392.244044,0.26,0.34252301874491586
athlete_003,393.244044,0.26,0.3450460374898317
athlete_003,394.244044,0.26,0.3475690562347475
athlete_003,395.244044,0.26,0.3500920749796633
athlete_003,396.244044,0.26,0.35261509372457917
athlete_003,397.244044,0.26,0.355138112469495
athlete_003,398.244044,0.26,0.35766113121441084
athlete_003,399.244044,0.26,0.3601841499593267
athlete_003,400.244044,0.26,0.36270716870424247
athlete_003,401.244044,0.26,0.3652301874491583
athlete_003,402.244044,0.26,0.36775320619407414
athlete_003,403.244044,0.26,0.37027622493899
athlete_003,404.244044,0.26,0.3727992436839058
athlete_003,405.244044,0.26,0.3753222624288216
athlete_003,406.244044,0.26,0.37784528117373745
athlete_003,407.244044,0.26,0.3803682999186533
athlete_003,408.244044,0.26,0.3828913186635691
athlete_003,409.244044,0.26,0.38541433740848496
athlete_003,410.244044,0.26,0.3879373561534008
athlete_003,411.244044,0.26,0.3904603748983166
athlete_003,412.244044,0.26,0.3929833936432324
athlete_003,413.244044,0.26,0.39550641238814827
athlete_003,414.244044,0.26,0.3980294311330641
athlete_003,415.244044,0.26,0.40055244987797994
athlete_003,416.244044,0.26,0.4030754686228958
athlete_003,417.244044,0.26,0.40559848736781157
athlete_003,418.244044,0.26,0.4081215061127274
athlete_003,419.244044,0.26,0.41064452485764324
athlete_003,420.244044,0.26,0.4131675436025591
athlete_003,421.244044,0.26,0.4156905623474749
athlete_003,422.244044,0.26,0.4182135810923907
athlete_003,423.244044,0.26,0.42073659983730655
athlete_003,424.244044,0.26,0.4232596185822224
athlete_003,425.244044,0.26,0.4257826373271382
athlete_003,426.244044,0.26,0.42830565607205406
athlete_003,427.244044,0.26,0.4308286748169699
athlete_003,428.244044,0.26,0.4333516935618857
athlete_003,429.244044,0.26,0.4358747123068015
athlete_003,430.244044,0.26,0.43839773105171737
athlete_003,431.244044,0.26,0.4409207497966332
athlete_003,432.244044,0.26,0.44344376854154904
athlete_003,433.244044,0.26,0.4459667872864649
athlete_003,434.244044,0.26,0.44848980603138067
athlete_003,435.244044,0.26,0.4510128247762965
athlete_003,436.244044,0.26,0.45353584352121235
athlete_003,437.244044,0.26,0.4560588622661282
athlete_003,438.244044,0.26,0.458581881011044
athlete_003,439.244044,0.26,0.4611048997559598
athlete_003,440.244044,0.26,0.4636279185008757
athlete_003,441.244044,0.26,0.4661509372457915
athlete_003,442.244044,0.26,0.4686739559907073
athlete_003,443.244044,0.26,0.47119697473562316
athlete_003,444.244044,0.26,0.47371999348053895
athlete_003,445.244044,0.26,0.47624301222545484
athlete_003,446.244044,0.26,0.4787660309703706
athlete_003,447.244044,0.26,0.48128904971528647
athlete_003,448.244044,0.26,0.4838120684602023
athlete_003,449.244044,0.26,0.4863350872051181
athlete_003,450.244044,0.26,0.488858105950034
athlete_003,451.244044,0.26,0.49138112469494977
athlete_003,452.244044,0.26,0.4939041434398656
athlete_003,453.244044,0.26,0.49642716218478145
athlete_003,454.244044,0.26,0.49895018092969723
athlete_003,455.244044,0.26,0.5014731996746131
athlete_003,456.244044,0.26,0.5039962184195289
athlete_003,457.244044,0.26,0.5065192371644448
athlete_003,458.244044,0.26,0.5090422559093606
athlete_003,459.244044,0.26,0.5115652746542765
athlete_003,460.244044,0.26,0.5140882933991923
athlete_003,461.244044,0.26,0.516611312144108
athlete_003,462.244044,0.26,0.5191343308890239
athlete_003,463.244044,0.26,0.5216573496339397
athlete_003,464.244044,0.26,0.5241803683788555
athlete_003,465.244044,0.26,0.5267033871237714
athlete_003,466.244044,0.26,0.5292264058686872
athlete_003,467.244044,0.26,0.5317494246136031
athlete_003,468.244044,0.26,0.5342724433585189
athlete_003,469.244044,0.26,0.5367954621034347
athlete_003,470.244044,0.26,0.5393184808483505
athlete_003,471.244044,0.26,0.5418414995932663
athlete_003,472.244044,0.26,0.5443645183381822
athlete_003,473.244044,0.26,0.546887537083098
athlete_003,474.244044,0.26,0.5494105558280138
athlete_003,475.244044,0.26,0.5519335745729297
athlete_003,476.244044,0.26,0.5544565933178456
athlete_003,477.244044,0.26,0.5569796120627614
athlete_003,478.244044,0.26,0.5595026308076771
athlete_003,479.244044,0.26,0.562025649552593
athlete_003,480.244044,0.26,0.5645486682975088
athlete_003,481.244044,0.26,0.5670716870424246
athlete_003,482.244044,0.26,0.5695947057873405
athlete_003,483.244044,0.26,0.5721177245322563
athlete_003,484.244044,0.26,0.5746407432771722
athlete_003,485.244044,0.26,0.577163762022088
athlete_003,486.244044,0.26,0.5796867807670038
athlete_003,487.244044,0.26,0.5822097995119196
athlete_003,488.244044,0.26,0.5847328182568354
athlete_003,489.244044,0.26,0.5872558370017513
athlete_003,490.244044,0.26,0.5897788557466671
athlete_003,491.244044,0.26,0.5923018744915829
athlete_003,492.244044,0.26,0.5948248932364988
athlete_003,493.244044,0.26,0.5973479119814147
athlete_003,494.244044,0.26,0.5998709307263304
athlete_003,495.244044,0.26,0.6023939494712462
athlete_003,496.244044,0.26,0.6049169682161621
athlete_003,497.244044,0.26,0.6074399869610779
athlete_003,498.244044,0.26,0.6099630057059937
athlete_003,499.244044,0.26,0.6124860244509096
athlete_003,500.244044,0.26,0.6150090431958254
athlete_003,501.244044,0.26,0.6175320619407413
athlete_003,502.244044,0.26,0.6200550806856571
athlete_003,503.244044,0.26,0.622578099430573
athlete_003,504.244044,0.26,0.6251011181754887
athlete_003,505.244044,0.26,0.6276241369204045
athlete_003,506.244044,0.26,0.6301471556653204
athlete_003,507.244044,0.26,0.6326701744102362
athlete_003,508.244044,0.26,0.635193193155152
athlete_003,509.244044,0.26,0.6377162119000679
athlete_003,510.244044,0.26,0.6402392306449838
athlete_003,511.244044,0.26,0.6427622493898995
athlete_003,512.244044,0.26,0.6452852681348152
athlete_003,513.244044,0.26,0.647808286879731
athlete_003,514.244044,0.26,0.6503313056246469
athlete_003,515.244044,0.26,0.6528543243695627
athlete_003,516.244044,0.26,0.6553773431144785
athlete_003,517.244044,0.26,0.6579003618593944
athlete_003,518.244044,0.26,0.6604233806043103
athlete_003,519.244044,0.26,0.6629463993492261
athlete_003,520.244044,0.26,0.6654694180941418
athlete_003,521.244044,0.26,0.6679924368390577
athlete_003,522.244044,0.26,0.6705154555839735
athlete_003,523.244044,0.26,0.6730384743288893
athlete_003,524.244044,0.26,0.6755614930738052
athlete_003,525.244044,0.26,0.6780845118187211
athlete_003,526.244044,0.26,0.6806075305636368
athlete_003,527.244044,0.26,0.6831305493085527
athlete_003,528.244044,0.26,0.6856535680534686
athlete_003,529.244044,0.26,0.6881765867983843
athlete_003,530.244044,0.26,0.6906996055433001
athlete_003,531.244044,0.26,0.693222624288216
athlete_003,532.244044,0.26,0.6957456430331318
athlete_003,533.244044,0.26,0.6982686617780476
athlete_003,534.244044,0.26,0.7007916805229635
athlete_003,535.244044,0.26,0.7033146992678793
athlete_003,536.244044,0.26,0.7058377180127952
athlete_003,537.244044,0.26,0.7083607367577109
athlete_003,538.244044,0.26,0.7108837555026268
athlete_003,539.244044,0.26,0.7134067742475426
athlete_003,540.244044,0.26,0.7159297929924584
athlete_003,541.244044,0.26,0.7184528117373743
athlete_003,541.857273,0.26,0.72
athlete_003,542.857273,0.26,0.7059931537257207
athlete_003,543.857273,0.26,0.6919863074514415
athlete_003,544.857273,0.26,0.6779794611771622
athlete_003,545.857273,0.26,0.663972614902883
athlete_003,546.857273,0.26,0.6499657686286038
athlete_003,547.857273,0.26,0.6359589223543245
athlete_003,548.857273,0.26,0.6219520760800452
athlete_003,549.857273,0.26,0.607945229805766
athlete_003,550.857273,0.26,0.5939383835314868
athlete_003,551.857273,0.26,0.5799315372572076
athlete_003,552.857273,0.26,0.5659246909829283
athlete_003,553.857273,0.26,0.551917844708649
athlete_003,554.857273,0.26,0.5379109984343697
athlete_003,555.857273,0.26,0.5239041521600906
athlete_003,556.857273,0.26,0.5098973058858113
athlete_003,557.857273,0.26,0.49589045961153205
athlete_003,558.857273,0.26,0.4818836133372528
athlete_003,559.857273,0.26,0.46787676706297354
athlete_003,560.857273,0.26,0.4538699207886943
athlete_003,561.857273,0.26,0.4398630745144151
athlete_003,562.857273,0.26,0.4258562282401358
athlete_003,563.857273,0.26,0.4118493819658566
athlete_003,564.857273,0.26,0.39784253569157735
athlete_003,565.857273,0.26,0.38383568941729806
athlete_003,566.857273,0.26,0.36982884314301884
athlete_003,567.857273,0.26,0.3558219968687396
athlete_003,568.857273,0.26,0.3418151505944603
athlete_003,569.857273,0.26,0.3278083043201811
athlete_003,570.857273,0.26,0.31380145804590187
athlete_003,571.857273,0.26,0.2997946117716226
athlete_003,572.857273,0.26,0.28578776549734336
athlete_003,573.857273,0.26,0.27178091922306413
athlete_003,574.857273,0.26,0.2577740729487849
athlete_003,575.857273,0.26,0.24376722667450568
athlete_003,576.857273,0.26,0.2297603804002264
athlete_003,577.857273,0.26424646587405287,0.22
athlete_003,578.857273,0.27825331214833204,0.22
athlete_003,579.857273,0.2922601584226113,0.22
athlete_003,580.857273,0.3062670046968906,0.22
athlete_003,581.857273,0.3202738509711698,0.22
athlete_003,582.857273,0.33428069724544907,0.22
athlete_003,583.857273,0.34828754351972835,0.22
athlete_003,584.857273,0.3622943897940075,0.22
athlete_003,585.857273,0.3763012360682868,0.22
athlete_003,586.857273,0.3903080823425661,0.22
athlete_003,587.857273,0.40431492861684526,0.22
athlete_003,588.857273,0.41832177489112454,0.22
athlete_003,589.857273,0.4323286211654038,0.22
athlete_003,590.857273,0.446335467439683,0.22
athlete_003,591.857273,0.4603423137139623,0.22
athlete_003,592.857273,0.47434915998824156,0.22
athlete_003,593.857273,0.48835600626252074,0.22
athlete_003,594.857273,0.5023628525368,0.22
athlete_003,595.857273,0.5163696988110793,0.22
athlete_003,596.857273,0.5303765450853585,0.22
athlete_003,597.857273,0.5443833913596378,0.22
athlete_003,598.857273,0.558390237633917,0.22
athlete_003,599.857273,0.5723970839081962,0.22
athlete_003,600.857273,0.5864039301824755,0.22
athlete_003,601.857273,0.6004107764567548,0.22
athlete_003,602.857273,0.614417622731034,0.22
athlete_003,603.857273,0.6284244690053132,0.22
athlete_003,604.857273,0.64,0.2175686847204075
athlete_003,605.857273,0.64,0.20356183844612832
athlete_003,606.857273,0.64,0.18955499217184904
athlete_003,607.539439,0.64,0.17999999999999997
athlete_003,608.539439,0.7480608229682804,0.18
athlete_003,609.539439,0.8561216459365608,0.18
athlete_003,610.539439,0.92,0.22418246890484117
athlete_003,611.539439,0.92,0.3322432918731215
athlete_003,612.539439,0.92,0.4403041148414019
athlete_003,613.539439,0.92,0.5483649378096823
athlete_003,614.539439,0.92,0.6564257607779627
athlete_003,615.539439,0.92,0.7644865837462431
athlete_003,616.539439,0.8674525932854765,0.82
athlete_003,617.539439,0.7593917703171961,0.82
athlete_003,618.539439,0.6513309473489156,0.82
athlete_003,619.539439,0.5432701243806352,0.82
athlete_003,620.539439,0.435209301412355,0.82
athlete_003,621.539439,0.32714847844407446,0.82
athlete_003,622.539439,0.21908765547579423,0.82
athlete_003,623.539439,0.11102683250751377,0.82
athlete_003,624.539439,0.08,0.7429660095392333
athlete_003,625.539439,0.08,0.6349051865709531
athlete_003,626.539439,0.08,0.5268443636026724
athlete_003,627.539439,0.08,0.4187835406343922
athlete_003,628.539439,0.08,0.3107227176661115
athlete_003,629.539439,0.08,0.20266189469783125
athlete_003,630.539439,0.16539892827044905,0.18
athlete_003,631.539439,0.27345975123872973,0.18
athlete_003,632.539439,0.38152057420700997,0.18
athlete_003,633.539439,0.4895813971752902,0.18
athlete_003,634.539439,0.5976422201435708,0.18
athlete_003,635.539439,0.7057030431118511,0.18
athlete_003,636.539439,0.8137638660801313,0.18
athlete_003,637.539439,0.92,0.18182468904841126
athlete_003,638.539439,0.92,0.28988551201669194
athlete_003,639.539439,0.92,0.3979463349849721
athlete_003,640.539439,0.92,0.5060071579532524
athlete_003,641.539439,0.92,0.614067980921533
athlete_003,642.539439,0.92,0.7221288038898133
athlete_003,643.539439,0.9098103731419062,0.82
athlete_003,644.539439,0.8017495501736255,0.82
athlete_003,645.539439,0.6936887272053448,0.82
athlete_003,646.539439,0.5856279042370646,0.82
athlete_003,647.539439,0.47756708126878433,0.82
athlete_003,648.539439,0.3695062583005041,0.82
athlete_003,649.539439,0.261445435332223,0.82
athlete_003,650.539439,0.15338461236394363,0.82
athlete_003,651.539439,0.08,0.7853237893956623
athlete_003,652.539439,0.08,0.677262966427382
athlete_003,653.539439,0.08,0.5692021434591018
athlete_003,654.539439,0.08,0.46114132049082157
athlete_003,655.539439,0.08,0.35308049752254045
athlete_003,656.539439,0.08,0.2450196745542611
athlete_003,657.539439,0.1230411484140203,0.18
athlete_003,658.539439,0.23110197138230054,0.18
athlete_003,659.539439,0.3391627943505808,0.18
athlete_003,660.539439,0.447223617318861,0.18
athlete_003,661.539439,0.5552844402871421,0.18
athlete_003,662.539439,0.663345263255421,0.18
athlete_003,663.539439,0.7714060862237021,0.18
athlete_003,664.539439,0.8794669091919823,0.18
athlete_003,665.539439,0.92,0.2475277321602623
athlete_003,666.539439,0.92,0.35558855512854254
athlete_003,667.539439,0.92,0.4636493780968228
athlete_003,668.539439,0.92,0.571710201065103
athlete_003,669.539439,0.92,0.6797710240333841
athlete_003,670.539439,0.92,0.7878318470016634
athlete_003,671.539439,0.8441073300300551,0.82
athlete_003,672.539439,0.7360465070617749,0.82
athlete_003,673.539439,0.6279856840934946,0.82
athlete_003,674.539439,0.5199248611252135,0.82
athlete_003,675.539439,0.4118640381569333,0.82
athlete_003,676.539439,0.30380321518865305,0.82
athlete_003,677.539439,0.19574239222037282,0.82
athlete_003,678.539439,0.0876815692520917,0.82
athlete_003,679.539439,0.08,0.7196207462838121
athlete_003,680.539439,0.08,0.611559923315531
athlete_003,681.539439,0.08,0.5034991003472508
athlete_003,682.539439,0.08,0.3954382773789714
athlete_003,683.539439,0.08,0.2873774544106894
athlete_003,684.539439,0.08068336855759022,0.18
athlete_003,685.539439,0.18874419152587046,0.18
athlete_003,686.539439,0.2968050144941507,0.18
athlete_003,686.569005,0.30000000000000066,0.18
athlete_003,687.569005,0.3,0.18325881481603382
athlete_003,688.569005,0.3,0.18651762963206764
athlete_003,689.569005,0.3,0.18977644444810146
athlete_003,690.569005,0.3,0.19303525926413528
athlete_003,691.569005,0.3,0.19629407408016908
athlete_003,692.569005,0.3,0.1995528888962029
athlete_003,693.569005,0.3,0.20281170371223672
athlete_003,694.569005,0.3,0.20607051852827055
athlete_003,695.569005,0.3,0.20932933334430437
athlete_003,696.569005,0.3,0.2125881481603382
athlete_003,697.569005,0.3,0.21584696297637201
athlete_003,698.569005,0.3,0.21910577779240584
athlete_003,699.569005,0.3023645926084396,0.22
athlete_003,700.569005,0.30562340742447347,0.22
athlete_003,701.569005,0.30888222224050726,0.22
athlete_003,702.569005,0.31214103705654106,0.22
athlete_003,703.569005,0.3153998518725749,0.22
athlete_003,704.569005,0.31865866668860876,0.22
athlete_003,705.569005,0.32191748150464256,0.22
athlete_003,706.569005,0.32517629632067635,0.22
athlete_003,707.569005,0.3284351111367102,0.22
athlete_003,708.569005,0.331693925952744,0.22
athlete_003,709.569005,0.33495274076877785,0.22
athlete_003,710.569005,0.33821155558481164,0.22
athlete_003,711.569005,0.33999999999999997,0.2214703704008455
athlete_003,712.569005,0.33999999999999997,0.22472918521687932
athlete_003,713.569005,0.33999999999999997,0.22798800003291314
athlete_003,714.569005,0.33999999999999997,0.23124681484894696
athlete_003,715.569005,0.33999999999999997,0.23450562966498079
athlete_003,716.569005,0.33999999999999997,0.23776444448101458
athlete_003,717.569005,0.33999999999999997,0.24102325929704843
athlete_003,718.569005,0.33999999999999997,0.24428207411308223
athlete_003,719.569005,0.33999999999999997,0.24754088892911608
athlete_003,720.569005,0.33999999999999997,0.25079970374514987
athlete_003,721.569005,0.33999999999999997,0.25405851856118367
athlete_003,722.569005,0.33999999999999997,0.2573173333772175
athlete_003,723.569005,0.33999999999999997,0.2605761481932513
athlete_003,724.569005,0.33999999999999997,0.26383496300928516
athlete_003,725.569005,0.33999999999999997,0.26709377782531896
athlete_003,726.569005,0.33999999999999997,0.2703525926413528
athlete_003,727.569005,0.33999999999999997,0.27361140745738666
athlete_003,728.569005,0.33999999999999997,0.2768702222734204
athlete_003,729.569005,0.33999999999999997,0.28012903708945425
athlete_003,730.569005,0.33999999999999997,0.2833878519054881
athlete_003,731.569005,0.33999999999999997,0.2866466667215219
athlete_003,732.569005,0.33999999999999997,0.2899054815375557
athlete_003,733.569005,0.33999999999999997,0.29316429635358954
athlete_003,734.569005,0.33999999999999997,0.2964231111696234
athlete_003,735.569005,0.33999999999999997,0.2996819259856571
athlete_003,736.569005,0.33999999999999997,0.302940740801691
athlete_003,737.569005,0.33999999999999997,0.30619955561772483
athlete_003,738.569005,0.33999999999999997,0.3094583704337586
athlete_003,739.569005,0.33999999999999997,0.3127171852497924
athlete_003,740.569005,0.33999999999999997,0.31597600006582627
athlete_003,741.569005,0.33999999999999997,0.3192348148818601
athlete_003,742.569005,0.33999999999999997,0.3224936296978939
athlete_003,743.569005,0.33999999999999997,0.3257524445139277
athlete_003,744.569005,0.33999999999999997,0.32901125932996156
athlete_003,745.569005,0.33999999999999997,0.33227007414599535
athlete_003,746.569005,0.33999999999999997,0.33552888896202915
athlete_003,747.569005,0.33999999999999997,0.338787703778063
athlete_003,747.94101,0.33999999999999997,0.34
athlete_003,748.94101,0.33999999999999997,0.3435524785363094
athlete_003,749.94101,0.33999999999999997,0.34710495707261874
athlete_003,750.94101,0.33999999999999997,0.3506574356089281
athlete_003,751.94101,0.33999999999999997,0.35420991414523745
athlete_003,752.94101,0.33999999999999997,0.3577623926815468
athlete_003,753.94101,0.33999999999999997,0.36131487121785616
athlete_003,754.94101,0.33999999999999997,0.3648673497541655
athlete_003,755.94101,0.33999999999999997,0.3684198282904749
athlete_003,756.94101,0.33999999999999997,0.3719723068267843
athlete_003,757.94101,0.33999999999999997,0.37552478536309364
athlete_003,758.94101,0.33999999999999997,0.379077263899403
athlete_003,759.94101,0.33999999999999997,0.38262974243571235
athlete_003,760.94101,0.33999999999999997,0.3861822209720217
athlete_003,761.94101,0.33999999999999997,0.38973469950833106
athlete_003,762.94101,0.33999999999999997,0.3932871780446404
athlete_003,763.94101,0.33999999999999997,0.3968396565809498
athlete_003,764.94101,0.33999999999999997,0.40039213511725913
athlete_003,765.94101,0.33999999999999997,0.4039446136535685
athlete_003,766.94101,0.33999999999999997,0.40749709218987784
athlete_003,767.94101,0.33999999999999997,0.4110495707261872
athlete_003,768.94101,0.33999999999999997,0.41460204926249655
athlete_003,769.94101,0.33999999999999997,0.4181545277988059
athlete_003,770.94101,0.33999999999999997,0.42170700633511526
athlete_003,771.94101,0.33999999999999997,0.4252594848714246
athlete_003,772.94101,0.33999999999999997,0.428811963407734
athlete_003,773.94101,0.33999999999999997,0.43236444194404333
athlete_003,774.94101,0.33999999999999997,0.4359169204803527
athlete_003,775.94101,0.33999999999999997,0.4394693990166621
athlete_003,776.94101,0.33999999999999997,0.44302187755297145
athlete_003,777.94101,0.33999999999999997,0.4465743560892808
athlete_003,778.94101,0.33999999999999997,0.45012683462559017
athlete_003,779.94101,0.33999999999999997,0.4536793131618995
athlete_003,780.94101,0.33999999999999997,0.4572317916982089
athlete_003,781.94101,0.33999999999999997,0.46078427023451823
athlete_003,782.94101,0.33999999999999997,0.4643367487708276
athlete_003,783.94101,0.33999999999999997,0.467889227307137
athlete_003,784.94101,0.33999999999999997,0.4714417058434463
athlete_003,785.94101,0.33999999999999997,0.4749941843797557
athlete_003,786.94101,0.33999999999999997,0.47854666291606507
athlete_003,787.94101,0.33999999999999997,0.4820991414523744
athlete_003,788.94101,0.33999999999999997,0.4856516199886838
athlete_003,789.94101,0.33999999999999997,0.48920409852499314
athlete_003,790.94101,0.33999999999999997,0.4927565770613025
athlete_003,791.94101,0.33999999999999997,0.49630905559761185
athlete_003,792.94101,0.33999999999999997,0.4998615341339212
athlete_003,793.94101,0.33999999999999997,0.5034140126702306
athlete_003,794.94101,0.33999999999999997,0.5069664912065399
athlete_003,795.94101,0.33999999999999997,0.5105189697428493
athlete_003,796.94101,0.33999999999999997,0.5140714482791586
athlete_003,797.94101,0.33999999999999997,0.517623926815468
athlete_003,798.94101,0.33999999999999997,0.5211764053517773
athlete_003,799.94101,0.33999999999999997,0.5247288838880867
athlete_003,800.94101,0.33999999999999997,0.528281362424396
athlete_003,801.94101,0.33999999999999997,0.5318338409607054
athlete_003,802.94101,0.33999999999999997,0.5353863194970148
athlete_003,803.94101,0.33999999999999997,0.5389387980333241
athlete_003,804.94101,0.33999999999999997,0.5424912765696335
athlete_003,805.94101,0.33999999999999997,0.5460437551059429
athlete_003,806.94101,0.33999999999999997,0.5495962336422522
athlete_003,807.94101,0.33999999999999997,0.5531487121785615
athlete_003,808.94101,0.33999999999999997,0.5567011907148709
athlete_003,809.94101,0.33999999999999997,0.5602536692511804
athlete_003,810.94101,0.33999999999999997,0.5638061477874896
athlete_003,811.94101,0.33999999999999997,0.5673586263237991
athlete_003,812.94101,0.33999999999999997,0.5709111048601083
athlete_003,813.94101,0.33999999999999997,0.5744635833964177
athlete_003,814.94101,0.33999999999999997,0.5780160619327271
athlete_003,815.94101,0.33999999999999997,0.5815685404690365
athlete_003,816.94101,0.33999999999999997,0.5851210190053457
athlete_003,817.94101,0.33999999999999997,0.5886734975416552
athlete_003,818.94101,0.33999999999999997,0.5922259760779645
athlete_003,819.94101,0.33999999999999997,0.5957784546142739
athlete_003,820.94101,0.33999999999999997,0.5993309331505833
athlete_003,821.94101,0.33999999999999997,0.6028834116868926
athlete_003,822.94101,0.33999999999999997,0.606435890223202
athlete_003,823.94101,0.33999999999999997,0.6099883687595113
athlete_003,824.94101,0.33999999999999997,0.6135408472958206
athlete_003,825.94101,0.33999999999999997,0.6170933258321301
athlete_003,826.94101,0.33999999999999997,0.6206458043684394
athlete_003,827.94101,0.33999999999999997,0.6241982829047488
athlete_003,828.94101,0.33999999999999997,0.6277507614410581
athlete_003,829.94101,0.33999999999999997,0.6313032399773675
athlete_003,830.94101,0.33999999999999997,0.6348557185136768
athlete_003,831.94101,0.33999999999999997,0.6384081970499862
athlete_003,832.94101,0.33999999999999997,0.6419606755862955
athlete_003,833.94101,0.33999999999999997,0.6455131541226049
athlete_003,834.94101,0.33999999999999997,0.6490656326589143
athlete_003,835.94101,0.33999999999999997,0.6526181111952236
athlete_003,836.94101,0.33999999999999997,0.6561705897315331
athlete_003,837.94101,0.33999999999999997,0.6597230682678423
athlete_003,838.94101,0.33999999999999997,0.6632755468041517
athlete_003,839.94101,0.33999999999999997,0.666828025340461
athlete_003,840.94101,0.33999999999999997,0.6703805038767705
athlete_003,841.94101,0.33999999999999997,0.6739329824130798
athlete_003,842.94101,0.33999999999999997,0.6774854609493892
athlete_003,843.94101,0.33999999999999997,0.6810379394856985
athlete_003,844.94101,0.33999999999999997,0.6845904180220079
athlete_003,845.94101,0.33999999999999997,0.6881428965583172
athlete_003,846.94101,0.33999999999999997,0.6916953750946266
athlete_003,847.94101,0.33999999999999997,0.6952478536309359
athlete_003,848.94101,0.33999999999999997,0.6988003321672454
athlete_003,849.94101,0.33999999999999997,0.7023528107035546
athlete_003,850.94101,0.33999999999999997,0.7059052892398641
athlete_003,851.94101,0.33999999999999997,0.7094577677761733
athlete_003,852.94101,0.33999999999999997,0.7130102463124828
athlete_003,853.94101,0.33999999999999997,0.7165627248487921
athlete_003,854.908581,0.33999999999999997,0.72
athlete_003,855.908581,0.33999999999999997,0.7058076329037575
athlete_003,856.908581,0.33999999999999997,0.691615265807515
athlete_003,857.908581,0.33999999999999997,0.6774228987112725
athlete_003,858.908581,0.33999999999999997,0.66323053161503
athlete_003,859.908581,0.33999999999999997,0.6490381645187875
athlete_003,860.908581,0.33999999999999997,0.634845797422545
athlete_003,861.908581,0.33999999999999997,0.6206534303263025
athlete_003,862.908581,0.33999999999999997,0.60646106323006
athlete_003,863.908581,0.33999999999999997,0.5922686961338175
athlete_003,864.908581,0.33999999999999997,0.578076329037575
athlete_003,865.908581,0.33999999999999997,0.5638839619413325
athlete_003,866.908581,0.33999999999999997,0.5496915948450899
athlete_003,867.908581,0.33999999999999997,0.5354992277488474
athlete_003,868.908581,0.33999999999999997,0.5213068606526049
athlete_003,869.908581,0.33999999999999997,0.5071144935563624
athlete_003,870.908581,0.33999999999999997,0.4929221264601199
athlete_003,871.908581,0.33999999999999997,0.4787297593638774
athlete_003,872.908581,0.33999999999999997,0.4645373922676349
athlete_003,873.908581,0.33999999999999997,0.4503450251713924
athlete_003,874.908581,0.33999999999999997,0.4361526580751499
athlete_003,875.908581,0.33999999999999997,0.4219602909789074
athlete_003,876.908581,0.33999999999999997,0.4077679238826649
athlete_003,877.908581,0.33999999999999997,0.39357555678642236
athlete_003,878.908581,0.33999999999999997,0.37938318969017987
athlete_003,879.908581,0.33999999999999997,0.36519082259393737
athlete_003,880.908581,0.33999999999999997,0.3509984554976949
athlete_003,881.908581,0.33999999999999997,0.3368060884014524
athlete_003,882.908581,0.33999999999999997,0.3226137213052099
athlete_003,883.908581,0.33999999999999997,0.3084213542089673
athlete_003,884.908581,0.33999999999999997,0.2942289871127248
athlete_003,885.908581,0.33999999999999997,0.2800366200164823
athlete_003,886.908581,0.33999999999999997,0.26584425292023983
athlete_003,887.908581,0.33999999999999997,0.2516518858239973
athlete_003,888.908581,0.33999999999999997,0.23745951872775484
athlete_003,889.908581,0.33999999999999997,0.22326715163151228
athlete_003,890.908581,0.3509252154647301,0.22
athlete_003,891.908581,0.3651175825609726,0.22
athlete_003,892.908581,0.3793099496572151,0.22
athlete_003,893.908581,0.3935023167534577,0.22
athlete_003,894.908581,0.4076946838497001,0.22
athlete_003,895.908581,0.4218870509459427,0.22
athlete_003,896.908581,0.4360794180421851,0.22
athlete_003,897.908581,0.4502717851384277,0.22
athlete_003,898.908581,0.4644641522346701,0.22
athlete_003,899.908581,0.4786565193309127,0.22
athlete_003,900.908581,0.4928488864271552,0.22
athlete_003,901.908581,0.5070412535233977,0.22
athlete_003,902.908581,0.5212336206196402,0.22
athlete_003,903.908581,0.5354259877158827,0.22
athlete_003,904.908581,0.5496183548121252,0.22
athlete_003,905.908581,0.5638107219083677,0.22
athlete_003,906.908581,0.5780030890046102,0.22
athlete_003,907.908581,0.5921954561008527,0.22
athlete_003,908.908581,0.6063878231970952,0.22
athlete_003,909.908581,0.6205801902933377,0.22
athlete_003,910.908581,0.6347725573895802,0.22
athlete_003,911.908581,0.64,0.21103507551417736
athlete_003,912.908581,0.64,0.19684270841793475
athlete_003,913.908581,0.64,0.18265034132169236
athlete_003,914.095326,0.64,0.17999999999999997
athlete_003,915.095326,0.7706922175327429,0.18
athlete_003,916.095326,0.9013844350654856,0.18
athlete_003,917.095326,0.92,0.29207665259822835
athlete_003,918.095326,0.92,0.4227688701309712
athlete_003,919.095326,0.92,0.553461087663714
athlete_003,920.095326,0.92,0.6841533051964568
athlete_003,921.095326,0.92,0.8148455227291995
athlete_003,922.095326,0.7944622597380576,0.82
athlete_003,923.095326,0.6637700422053149,0.82
athlete_003,924.095326,0.5330778246725719,0.82
athlete_003,925.095326,0.4023856071398294,0.82
athlete_003,926.095326,0.27169338960708644,0.82
athlete_003,927.095326,0.1410011720743437,0.82
athlete_003,928.095326,0.08,0.7503089545416007
athlete_003,929.095326,0.08,0.619616737008858
athlete_003,930.095326,0.08,0.48892451947611526
athlete_003,931.095326,0.08,0.3582323019433721
athlete_003,932.095326,0.08,0.22754008441062978
athlete_003,933.095326,0.16315213312211302,0.18
athlete_003,934.095326,0.2938443506548562,0.18
athlete_003,935.095326,0.42453656818759894,0.18
athlete_003,936.095326,0.5552287857203412,0.18
athlete_003,937.095326,0.6859210032530844,0.18
athlete_003,938.095326,0.8166132207858271,0.18
athlete_003,939.095326,0.92,0.20730543831857
athlete_003,940.095326,0.92,0.3379976558513123
athlete_003,941.095326,0.92,0.46868987338405504
athlete_003,942.095326,0.92,0.5993820909167982
athlete_003,943.095326,0.92,0.7300743084495409
athlete_003,944.095326,0.879233474017716,0.82
athlete_003,945.095326,0.7485412564849733,0.82
athlete_003,946.095326,0.6178490389522305,0.82
athlete_003,947.095326,0.4871568214194878,0.82
athlete_003,948.095326,0.35646460388674417,0.82
athlete_003,949.095326,0.22577238635400143,0.82
athlete_003,950.095326,0.09508016882125958,0.82
athlete_003,951.095326,0.08,0.7043879512885166
athlete_003,952.095326,0.08,0.5736957337557739
athlete_003,953.095326,0.08,0.44300351622303114
athlete_003,954.095326,0.08,0.3123112986902875
athlete_003,955.095326,0.08,0.18161908115754477
athlete_003,956.095326,0.20907313637519825,0.18
athlete_003,957.095326,0.339765353907941,0.18
athlete_003,958.095326,0.4704575714406829,0.18
athlete_003,959.095326,0.6011497889734264,0.18
athlete_003,960.095326,0.7318420065061687,0.18
athlete_003,961.095326,0.8625342240389114,0.18
athlete_003,962.095326,0.92,0.2532264415716539
athlete_003,963.095326,0.92,0.38391865910439665
athlete_003,964.095326,0.92,0.5146108766371402
athlete_003,965.095326,0.92,0.6453030941698821
athlete_003,966.095326,0.92,0.7759953117026248
athlete_003,967.095326,0.8333124707646321,0.82
athlete_003,968.095326,0.7026202532318894,0.82
athlete_003,969.095326,0.5719280356991457,0.82
athlete_003,970.095326,0.441235818166403,0.82
athlete_003,971.095326,0.31054360063366027,0.82
athlete_003,972.095326,0.17985138310091753,0.82
athlete_003,973.095326,0.08,0.7891591655681754
athlete_003,974.095326,0.08,0.6584669480354318
athlete_003,975.095326,0.08,0.5277747305026891
athlete_003,976.095326,0.08,0.39708251296994634
athlete_003,977.095326,0.08,0.2663902954372027
athlete_003,978.095326,0.12430192209553852,0.18
athlete_003,979.095326,0.25499413962828216,0.18
athlete_003,979.439691,0.30000000000000066,0.18
athlete_003,980.439691,0.3,0.18520707298295347
athlete_003,981.439691,0.3,0.19041414596590694
athlete_003,982.439691,0.3,0.19562121894886045
athlete_003,983.439691,0.3,0.20082829193181392
athlete_003,984.439691,0.3,0.2060353649147674
athlete_003,985.439691,0.3,0.21124243789772087
athlete_003,986.439691,0.3,0.21644951088067435
athlete_003,987.439691,0.3016565838636278,0.22
athlete_003,988.439691,0.3068636568465813,0.22
athlete_003,989.439691,0.31207072982953477,0.22
athlete_003,990.439691,0.3172778028124883,0.22
athlete_003,991.439691,0.32248487579544177,0.22
athlete_003,992.439691,0.32769194877839525,0.22
athlete_003,993.439691,0.3328990217613487,0.22
athlete_003,994.439691,0.3381060947443022,0.22
athlete_003,995.439691,0.3433131677272557,0.22
athlete_003,996.439691,0.34852024071020915,0.22
athlete_003,997.439691,0.3537273136931626,0.22
athlete_003,998.439691,0.3589343866761161,0.22
athlete_003,999.439691,0.36414145965906963,0.22
athlete_003,1000.439691,0.3693485326420231,0.22
athlete_003,1001.439691,0.3745556056249766,0.22
athlete_003,1002.439691,0.37976267860793006,0.22
athlete_003,1003.439691,0.38496975159088354,0.22
athlete_003,1004.439691,0.390176824573837,0.22
athlete_003,1005.439691,0.3953838975567905,0.22
athlete_003,1006.439691,0.40059097053974396,0.22
athlete_003,1007.439691,0.40579804352269744,0.22
athlete_003,1008.439691,0.41100511650565097,0.22
athlete_003,1009.439691,0.4162121894886044,0.22
athlete_003,1010.439691,0.42,0.22141926247155788
athlete_003,1011.439691,0.42,0.22662633545451139
athlete_003,1012.439691,0.42,0.23183340843746486
athlete_003,1013.439691,0.42,0.23704048142041836
athlete_003,1014.439691,0.42,0.24224755440337184
athlete_003,1015.439691,0.42,0.24745462738632532
athlete_003,1016.439691,0.42,0.2526617003692788
athlete_003,1017.439691,0.42,0.25786877335223224
athlete_003,1018.439691,0.42,0.26307584633518577
athlete_003,1019.439691,0.42,0.26828291931813925
athlete_003,1020.439691,0.42,0.2734899923010927
athlete_003,1021.439691,0.42,0.27869706528404625
athlete_003,1022.439691,0.42,0.2839041382669997
athlete_003,1023.439691,0.42,0.28911121124995315
athlete_003,1024.439691,0.42,0.2943182842329066
athlete_003,1025.439691,0.42,0.29952535721586016
athlete_003,1026.439691,0.42,0.3047324301988136
athlete_003,1027.439691,0.42,0.3099395031817671
athlete_003,1028.439691,0.42,0.3151465761647206
athlete_003,1029.439691,0.42,0.32035364914767406
athlete_003,1030.439691,0.42,0.32556072213062753
athlete_003,1031.439691,0.42,0.330767795113581
athlete_003,1032.439691,0.42,0.3359748680965345
athlete_003,1033.212703,0.42,0.34
athlete_003,1034.212703,0.42,0.34266301679626343
athlete_003,1035.212703,0.42,0.34532603359252684
athlete_003,1036.212703,0.42,0.3479890503887903
athlete_003,1037.212703,0.42,0.3506520671850537
athlete_003,1038.212703,0.42,0.3533150839813171
athlete_003,1039.212703,0.42,0.3559781007775805
athlete_003,1040.212703,0.42,0.358641117573844
athlete_003,1041.212703,0.42,0.3613041343701074
athlete_003,1042.212703,0.42,0.3639671511663708
athlete_003,1043.212703,0.42,0.3666301679626342
athlete_003,1044.212703,0.42,0.36929318475889766
athlete_003,1045.212703,0.42,0.37195620155516107
athlete_003,1046.212703,0.42,0.3746192183514245
athlete_003,1047.212703,0.42,0.3772822351476879
athlete_003,1048.212703,0.42,0.37994525194395135
athlete_003,1049.212703,0.42,0.38260826874021475
athlete_003,1050.212703,0.42,0.38527128553647816
athlete_003,1051.212703,0.42,0.38793430233274157
athlete_003,1052.212703,0.42,0.39059731912900497
athlete_003,1053.212703,0.42,0.39326033592526843
athlete_003,1054.212703,0.42,0.39592335272153184
athlete_003,1055.212703,0.42,0.39858636951779525
athlete_003,1056.212703,0.42,0.4012493863140587
athlete_003,1057.212703,0.42,0.4039124031103221
athlete_003,1058.212703,0.42,0.4065754199065855
athlete_003,1059.212703,0.42,0.40923843670284893
athlete_003,1060.212703,0.42,0.41190145349911234
athlete_003,1061.212703,0.42,0.4145644702953758
athlete_003,1062.212703,0.42,0.4172274870916392
athlete_003,1063.212703,0.42,0.4198905038879026
athlete_003,1064.212703,0.42,0.4225535206841661
athlete_003,1065.212703,0.42,0.4252165374804294
athlete_003,1066.212703,0.42,0.4278795542766929
athlete_003,1067.212703,0.42,0.4305425710729563
athlete_003,1068.212703,0.42,0.4332055878692197
athlete_003,1069.212703,0.42,0.43586860466548316
athlete_003,1070.212703,0.42,0.43853162146174657
athlete_003,1071.212703,0.42,0.44119463825801
athlete_003,1072.212703,0.42,0.4438576550542734
athlete_003,1073.212703,0.42,0.4465206718505368
athlete_003,1074.212703,0.42,0.44918368864680025
athlete_003,1075.212703,0.42,0.45184670544306366
athlete_003,1076.212703,0.42,0.45450972223932706
athlete_003,1077.212703,0.42,0.4571727390355905
athlete_003,1078.212703,0.42,0.45983575583185393
athlete_003,1079.212703,0.42,0.46249877262811734
athlete_003,1080.212703,0.42,0.46516178942438074
athlete_003,1081.212703,0.42,0.46782480622064415
athlete_003,1082.212703,0.42,0.4704878230169076
athlete_003,1083.212703,0.42,0.473150839813171
athlete_003,1084.212703,0.42,0.4758138566094344
athlete_003,1085.212703,0.42,0.4784768734056979
athlete_003,1086.212703,0.42,0.48113989020196124
athlete_003,1087.212703,0.42,0.4838029069982247
athlete_003,1088.212703,0.42,0.4864659237944881
athlete_003,1089.212703,0.42,0.4891289405907515
athlete_003,1090.212703,0.42,0.491791957387015
athlete_003,1091.212703,0.42,0.4944549741832784
athlete_003,1092.212703,0.42,0.4971179909795418
athlete_003,1093.212703,0.42,0.49978100777580525
athlete_003,1094.212703,0.42,0.5024440245720686
athlete_003,1095.212703,0.42,0.5051070413683321
athlete_003,1096.212703,0.42,0.5077700581645954
athlete_003,1097.212703,0.42,0.5104330749608589
athlete_003,1098.212703,0.42,0.5130960917571223
athlete_003,1099.212703,0.42,0.5157591085533857
athlete_003,1100.212703,0.42,0.5184221253496492
athlete_003,1101.212703,0.42,0.5210851421459126
athlete_003,1102.212703,0.42,0.523748158942176
athlete_003,1103.212703,0.42,0.5264111757384394
athlete_003,1104.212703,0.42,0.5290741925347029
athlete_003,1105.212703,0.42,0.5317372093309662
athlete_003,1106.212703,0.42,0.5344002261272297
athlete_003,1107.212703,0.42,0.5370632429234932
athlete_003,1108.212703,0.42,0.5397262597197565
athlete_003,1109.212703,0.42,0.5423892765160199
athlete_003,1110.212703,0.42,0.5450522933122833
athlete_003,1111.212703,0.42,0.5477153101085468
athlete_003,1112.212703,0.42,0.5503783269048101
athlete_003,1113.212703,0.42,0.5530413437010736
athlete_003,1114.212703,0.42,0.5557043604973371
athlete_003,1115.212703,0.42,0.5583673772936004
athlete_003,1116.212703,0.42,0.5610303940898639
athlete_003,1117.212703,0.42,0.5636934108861273
athlete_003,1118.212703,0.42,0.5663564276823907
athlete_003,1119.212703,0.42,0.5690194444786542
athlete_003,1120.212703,0.42,0.5716824612749176
athlete_003,1121.212703,0.42,0.574345478071181
athlete_003,1122.212703,0.42,0.5770084948674444
athlete_003,1123.212703,0.42,0.5796715116637078
athlete_003,1124.212703,0.42,0.5823345284599712
athlete_003,1125.212703,0.42,0.5849975452562346
athlete_003,1126.212703,0.42,0.5876605620524981
athlete_003,1127.212703,0.42,0.5903235788487615
athlete_003,1128.212703,0.42,0.5929865956450249
athlete_003,1129.212703,0.42,0.5956496124412883
athlete_003,1130.212703,0.42,0.5983126292375518
athlete_003,1131.212703,0.42,0.6009756460338151
athlete_003,1132.212703,0.42,0.6036386628300786
athlete_003,1133.212703,0.42,0.6063016796263421
athlete_003,1134.212703,0.42,0.6089646964226054
athlete_003,1135.212703,0.42,0.6116277132188688
athlete_003,1136.212703,0.42,0.6142907300151322
athlete_003,1137.212703,0.42,0.6169537468113957
athlete_003,1138.212703,0.42,0.619616763607659
athlete_003,1139.212703,0.42,0.6222797804039225
athlete_003,1140.212703,0.42,0.624942797200186
athlete_003,1141.212703,0.42,0.6276058139964493
athlete_003,1142.212703,0.42,0.6302688307927128
athlete_003,1143.212703,0.42,0.6329318475889762
athlete_003,1144.212703,0.42,0.6355948643852396
athlete_003,1145.212703,0.42,0.6382578811815031
athlete_003,1146.212703,0.42,0.6409208979777665
athlete_003,1147.212703,0.42,0.6435839147740299
athlete_003,1148.212703,0.42,0.6462469315702932
athlete_003,1149.212703,0.42,0.6489099483665568
athlete_003,1150.212703,0.42,0.6515729651628202
athlete_003,1151.212703,0.42,0.6542359819590835
athlete_003,1152.212703,0.42,0.656898998755347
athlete_003,1153.212703,0.42,0.6595620155516104
athlete_003,1154.212703,0.42,0.6622250323478738
athlete_003,1155.212703,0.42,0.6648880491441372
athlete_003,1156.212703,0.42,0.6675510659404007
athlete_003,1157.212703,0.42,0.670214082736664
athlete_003,1158.212703,0.42,0.6728770995329275
athlete_003,1159.212703,0.42,0.675540116329191
athlete_003,1160.212703,0.42,0.6782031331254543
athlete_003,1161.212703,0.42,0.6808661499217177
athlete_003,1162.212703,0.42,0.6835291667179813
athlete_003,1163.212703,0.42,0.6861921835142446
athlete_003,1164.212703,0.42,0.688855200310508
athlete_003,1165.212703,0.42,0.6915182171067714
athlete_003,1166.212703,0.42,0.6941812339030349
athlete_003,1167.212703,0.42,0.6968442506992982
athlete_003,1168.212703,0.42,0.6995072674955617
athlete_003,1169.212703,0.42,0.7021702842918252
athlete_003,1170.212703,0.42,0.7048333010880885
athlete_003,1171.212703,0.42,0.707496317884352
athlete_003,1172.212703,0.42,0.7101593346806154
athlete_003,1173.212703,0.42,0.7128223514768788
athlete_003,1174.212703,0.42,0.7154853682731422
athlete_003,1175.212703,0.42,0.7181483850694057
athlete_003,1175.908011,0.42,0.72
athlete_003,1176.908011,0.42,0.7113216003625816
athlete_003,1177.908011,0.42,0.7026432007251633
athlete_003,1178.908011,0.42,0.6939648010877448
athlete_003,1179.908011,0.42,0.6852864014503265
athlete_003,1180.908011,0.42,0.6766080018129081
athlete_003,1181.908011,0.42,0.6679296021754897
athlete_003,1182.908011,0.42,0.6592512025380713
athlete_003,1183.908011,0.42,0.650572802900653
athlete_003,1184.908011,0.42,0.6418944032632347
athlete_003,1185.908011,0.42,0.6332160036258163
athlete_003,1186.908011,0.42,0.6245376039883979
athlete_003,1187.908011,0.42,0.6158592043509795
athlete_003,1188.908011,0.42,0.6071808047135612
athlete_003,1189.908011,0.42,0.5985024050761427
athlete_003,1190.908011,0.42,0.5898240054387244
athlete_003,1191.908011,0.42,0.581145605801306
athlete_003,1192.908011,0.42,0.5724672061638877
athlete_003,1193.908011,0.42,0.5637888065264693
athlete_003,1194.908011,0.42,0.5551104068890509
athlete_003,1195.908011,0.42,0.5464320072516325
athlete_003,1196.908011,0.42,0.5377536076142142
athlete_003,1197.908011,0.42,0.5290752079767957
athlete_003,1198.908011,0.42,0.5203968083393774
athlete_003,1199.908011,0.42,0.5117184087019591
athlete_003,1200.908011,0.42,0.5030400090645407
athlete_003,1201.908011,0.42,0.49436160942712226
athlete_003,1202.908011,0.42,0.4856832097897039
athlete_003,1203.908011,0.42,0.4770048101522856
athlete_003,1204.908011,0.42,0.4683264105148672
athlete_003,1205.908011,0.42,0.45964801087744883
athlete_003,1206.908011,0.42,0.4509696112400305
athlete_003,1207.908011,0.42,0.4422912116026121
athlete_003,1208.908011,0.42,0.4336128119651937
athlete_003,1209.908011,0.42,0.42493441232777535
athlete_003,1210.908011,0.42,0.41625601269035695
athlete_003,1211.908011,0.42,0.4075776130529386
athlete_003,1212.908011,0.42,0.3988992134155202
athlete_003,1213.908011,0.42,0.39022081377810186
athlete_003,1214.908011,0.42,0.38154241414068346
athlete_003,1215.908011,0.42,0.3728640145032651
athlete_003,1216.908011,0.42,0.3641856148658467
athlete_003,1217.908011,0.42,0.3555072152284283
athlete_003,1218.908011,0.42,0.34682881559101
athlete_003,1219.908011,0.42,0.33815041595359163
athlete_003,1220.908011,0.42,0.32947201631617323
athlete_003,1221.908011,0.42,0.32079361667875483
athlete_003,1222.908011,0.42,0.3121152170413365
athlete_003,1223.908011,0.42,0.30343681740391815
athlete_003,1224.908011,0.42,0.29475841776649975
athlete_003,1225.908011,0.42,0.2860800181290814
athlete_003,1226.908011,0.42,0.27740161849166306
athlete_003,1227.908011,0.42,0.2687232188542446
athlete_003,1228.908011,0.42,0.26004481921682626
athlete_003,1229.908011,0.42,0.2513664195794079
athlete_003,1230.908011,0.42,0.24268801994198957
athlete_003,1231.908011,0.42,0.23400962030457112
athlete_003,1232.908011,0.42,0.22533122066715278
athlete_003,1233.908011,0.4233471789702656,0.22
athlete_003,1234.908011,0.4320255786076839,0.22
athlete_003,1235.908011,0.44070397824510227,0.22
athlete_003,1236.908011,0.4493823778825206,0.22
athlete_003,1237.908011,0.45806077751993896,0.22
athlete_003,1238.908011,0.4667391771573574,0.22
athlete_003,1239.908011,0.47541757679477575,0.22
athlete_003,1240.908011,0.4840959764321941,0.22
athlete_003,1241.908011,0.49277437606961255,0.22
athlete_003,1242.908011,0.5014527757070308,0.22
athlete_003,1243.908011,0.5101311753444493,0.22
athlete_003,1244.908011,0.5188095749818675,0.22
athlete_003,1245.908011,0.527487974619286,0.22
athlete_003,1246.908011,0.5361663742567044,0.22
athlete_003,1247.908011,0.5448447738941227,0.22
athlete_003,1248.908011,0.5535231735315411,0.22
athlete_003,1249.908011,0.5622015731689596,0.22
athlete_003,1250.908011,0.5708799728063778,0.22
athlete_003,1251.908011,0.5795583724437963,0.22
athlete_003,1252.908011,0.5882367720812147,0.22
athlete_003,1253.908011,0.596915171718633,0.22
athlete_003,1254.908011,0.6055935713560514,0.22
athlete_003,1255.908011,0.6142719709934696,0.22
athlete_003,1256.908011,0.6229503706308881,0.22
athlete_003,1257.908011,0.6316287702683065,0.22
athlete_003,1258.908011,0.64,0.21969283009427512
athlete_003,1259.908011,0.64,0.21101443045685667
athlete_003,1260.908011,0.64,0.20233603081943832
athlete_003,1261.908011,0.64,0.19365763118201998
athlete_003,1262.908011,0.64,0.18497923154460164
athlete_003,1263.48176,0.64,0.17999999999999997
athlete_003,1264.48176,0.7845782721057529,0.18
athlete_003,1265.48176,0.92,0.18915654421150585
athlete_003,1266.48176,0.92,0.33373481631725876
athlete_003,1267.48176,0.92,0.47831308842301173
athlete_003,1268.48176,0.92,0.6228913605287647
athlete_003,1269.48176,0.92,0.7674696326345176
athlete_003,1270.48176,0.8279520952597293,0.82
athlete_003,1271.48176,0.6833738231539764,0.82
athlete_003,1272.48176,0.5387955510482235,0.82
athlete_003,1273.48176,0.3942172789424706,0.82
athlete_003,1274.48176,0.2496390068367177,0.82
athlete_003,1275.48176,0.10506073473096478,0.82
athlete_003,1276.48176,0.08,0.7004824626252116
athlete_003,1277.48176,0.08,0.5559041905194587
athlete_003,1278.48176,0.08,0.4113259184137056
athlete_003,1279.48176,0.08,0.2667476463079529
athlete_003,1280.48176,0.1378306257978003,0.18
athlete_003,1281.48176,0.282408897903553,0.18
athlete_003,1282.48176,0.42698717000930614,0.18
athlete_003,1283.48176,0.5715654421150588,0.18
athlete_003,1284.48176,0.7161437142208119,0.18
athlete_003,1285.48176,0.8607219863265646,0.18
athlete_003,1286.48176,0.92,0.265300258432317
athlete_003,1287.48176,0.92,0.4098785305380701
athlete_003,1288.48176,0.92,0.5544568026438234
athlete_003,1289.48176,0.92,0.6990350747495764
athlete_003,1290.48176,0.8963866531446706,0.82
athlete_003,1291.48176,0.7518083810389175,0.82
athlete_003,1292.48176,0.6072301089331643,0.82
athlete_003,1293.48176,0.4626518368274112,0.82
athlete_003,1294.48176,0.31807356472165804,0.82
athlete_003,1295.48176,0.1734952926159058,0.82
athlete_003,1296.48176,0.08,0.7689170205101524
athlete_003,1297.48176,0.08,0.6243387484043993
athlete_003,1298.48176,0.08,0.47976047629864615
athlete_003,1299.48176,0.08,0.33518220419289385
athlete_003,1300.48176,0.08,0.19060393208714077
athlete_003,1301.48176,0.21397434001861265,0.18
athlete_003,1302.48176,0.3585526121243649,0.18
athlete_003,1303.48176,0.503130884230118,0.18
athlete_003,1304.48176,0.6477091563358707,0.18
athlete_003,1305.48176,0.7922874284416238,0.18
athlete_003,1306.48176,0.92,0.1968657005473758
athlete_003,1307.48176,0.92,0.3414439726531289
athlete_003,1308.48176,0.92,0.48602224475888206
athlete_003,1309.48176,0.92,0.6306005168646343
athlete_003,1310.48176,0.92,0.7751787889703874
athlete_003,1311.48176,0.8202429389238591,0.82
athlete_003,1312.48176,0.675664666818106,0.82
athlete_003,1313.48176,0.5310863947123529,0.82
athlete_003,1314.48176,0.3865081226065997,0.82
athlete_003,1315.48176,0.2419298505008466,0.82
athlete_003,1316.48176,0.09735157839509345,0.82
athlete_003,1317.48176,0.08,0.692773306289341
athlete_003,1318.48176,0.08,0.5481950341835878
athlete_003,1319.48176,0.08,0.4036167620778347
athlete_003,1320.48176,0.08,0.25903848997208245
athlete_003,1321.48176,0.14553978213367097,0.18
athlete_003,1322.48176,0.2901180542394232,0.18
athlete_003,1322.550111,0.30000000000000066,0.18
athlete_003,1323.550111,0.3,0.186911046881646
athlete_003,1324.550111,0.3,0.193822093763292
athlete_003,1325.550111,0.3,0.20073314064493805
athlete_003,1326.550111,0.3,0.20764418752658406
athlete_003,1327.550111,0.3,0.21455523440823007
athlete_003,1328.550111,0.30146628128987607,0.22
athlete_003,1329.550111,0.3083773281715221,0.22
athlete_003,1330.550111,0.3152883750531681,0.22
athlete_003,1331.550111,0.3221994219348141,0.22
athlete_003,1332.550111,0.32911046881646017,0.22
athlete_003,1333.550111,0.3360215156981062,0.22
athlete_003,1334.550111,0.3429325625797522,0.22
athlete_003,1335.550111,0.3498436094613982,0.22
athlete_003,1336.550111,0.3567546563430442,0.22
athlete_003,1337.550111,0.3636657032246902,0.22
athlete_003,1338.550111,0.37057675010633623,0.22
athlete_003,1339.550111,0.3774877969879823,0.22
athlete_003,1340.550111,0.3843988438696283,0.22
athlete_003,1341.550111,0.3913098907512743,0.22
athlete_003,1342.550111,0.3982209376329203,0.22
athlete_003,1343.550111,0.40513198451456633,0.22
athlete_003,1344.550111,0.41204303139621234,0.22
athlete_003,1345.550111,0.41895407827785835,0.22
athlete_003,1346.550111,0.42586512515950437,0.22
athlete_003,1347.550111,0.4327761720411504,0.22
athlete_003,1348.550111,0.4396872189227964,0.22
athlete_003,1349.550111,0.44659826580444245,0.22
athlete_003,1350.550111,0.4535093126860884,0.22
athlete_003,1351.550111,0.46042035956773447,0.22
athlete_003,1352.550111,0.4673314064493805,0.22
athlete_003,1353.550111,0.47424245333102655,0.22
athlete_003,1354.550111,0.4811535002126725,0.22
athlete_003,1355.550111,0.4880645470943185,0.22
athlete_003,1356.550111,0.4949755939759646,0.22
athlete_003,1357.550111,0.5,0.22188664085761053
athlete_003,1358.550111,0.5,0.22879768773925657
athlete_003,1359.550111,0.5,0.23570873462090258
athlete_003,1360.550111,0.5,0.2426197815025486
athlete_003,1361.550111,0.5,0.2495308283841946
athlete_003,1362.550111,0.5,0.25644187526584067
athlete_003,1363.550111,0.5,0.2633529221474866
athlete_003,1364.550111,0.5,0.2702639690291327
athlete_003,1365.550111,0.5,0.2771750159107787
athlete_003,1366.550111,0.5,0.2840860627924247
athlete_003,1367.550111,0.5,0.2909971096740707
athlete_003,1368.550111,0.5,0.29790815655571673
athlete_003,1369.550111,0.5,0.30481920343736274
athlete_003,1370.550111,0.5,0.3117302503190088
athlete_003,1371.550111,0.5,0.3186412972006548
athlete_003,1372.550111,0.5,0.32555234408230077
athlete_003,1373.550111,0.5,0.33246339096394684
athlete_003,1374.550111,0.5,0.33937443784559285
athlete_003,1374.640627,0.5,0.34
athlete_003,1375.640627,0.5,0.3420122488881275
athlete_003,1376.640627,0.5,0.3440244977762549
athlete_003,1377.640627,0.5,0.34603674666438233
athlete_003,1378.640627,0.5,0.3480489955525098
athlete_003,1379.640627,0.5,0.35006124444063724
athlete_003,1380.640627,0.5,0.3520734933287647
athlete_003,1381.640627,0.5,0.3540857422168921
athlete_003,1382.640627,0.5,0.35609799110501955
athlete_003,1383.640627,0.5,0.358110239993147
athlete_003,1384.640627,0.5,0.36012248888127446
athlete_003,1385.640627,0.5,0.36213473776940186
athlete_003,1386.640627,0.5,0.3641469866575293
athlete_003,1387.640627,0.5,0.36615923554565677
athlete_003,1388.640627,0.5,0.3681714844337842
athlete_003,1389.640627,0.5,0.3701837333219116
athlete_003,1390.640627,0.5,0.3721959822100391
athlete_003,1391.640627,0.5,0.37420823109816653
athlete_003,1392.640627,0.5,0.37622047998629393
athlete_003,1393.640627,0.5,0.3782327288744214
athlete_003,1394.640627,0.5,0.38024497776254884
athlete_003,1395.640627,0.5,0.3822572266506763
athlete_003,1396.640627,0.5,0.38426947553880375
athlete_003,1397.640627,0.5,0.38628172442693115
athlete_003,1398.640627,0.5,0.3882939733150586
athlete_003,1399.640627,0.5,0.39030622220318606
athlete_003,1400.640627,0.5,0.3923184710913135
athlete_003,1401.640627,0.5,0.3943307199794409
athlete_003,1402.640627,0.5,0.39634296886756837
athlete_003,1403.640627,0.5,0.3983552177556958
athlete_003,1404.640627,0.5,0.4003674666438233
athlete_003,1405.640627,0.5,0.4023797155319507
athlete_003,1406.640627,0.5,0.40439196442007813
athlete_003,1407.640627,0.5,0.4064042133082056
athlete_003,1408.640627,0.5,0.40841646219633304
athlete_003,1409.640627,0.5,0.41042871108446044
athlete_003,1410.640627,0.5,0.4124409599725879
athlete_003,1411.640627,0.5,0.41445320886071535
athlete_003,1412.640627,0.5,0.4164654577488428
athlete_003,1413.640627,0.5,0.41847770663697026
athlete_003,1414.640627,0.5,0.42048995552509766
athlete_003,1415.640627,0.5,0.4225022044132251
athlete_003,1416.640627,0.5,0.42451445330135257
athlete_003,1417.640627,0.5,0.42652670218947997
athlete_003,1418.640627,0.5,0.4285389510776074
athlete_003,1419.640627,0.5,0.4305511999657349
athlete_003,1420.640627,0.5,0.43256344885386233
athlete_003,1421.640627,0.5,0.4345756977419898
athlete_003,1422.640627,0.5,0.4365879466301172
athlete_003,1423.640627,0.5,0.43860019551824464
athlete_003,1424.640627,0.5,0.4406124444063721
athlete_003,1425.640627,0.5,0.44262469329449955
athlete_003,1426.640627,0.5,0.44463694218262695
athlete_003,1427.640627,0.5,0.4466491910707544
athlete_003,1428.640627,0.5,0.44866143995888186
athlete_003,1429.640627,0.5,0.4506736888470093
athlete_003,1430.640627,0.5,0.4526859377351367
athlete_003,1431.640627,0.5,0.45469818662326417
athlete_003,1432.640627,0.5,0.4567104355113916
athlete_003,1433.640627,0.5,0.4587226843995191
athlete_003,1434.640627,0.5,0.4607349332876465
athlete_003,1435.640627,0.5,0.46274718217577393
athlete_003,1436.640627,0.5,0.4647594310639014
athlete_003,1437.640627,0.5,0.46677167995202884
athlete_003,1438.640627,0.5,0.46878392884015624
athlete_003,1439.640627,0.5,0.4707961777282837
athlete_003,1440.640627,0.5,0.47280842661641115
athlete_003,1441.640627,0.5,0.47482067550453855
athlete_003,1442.640627,0.5,0.476832924392666
athlete_003,1443.640627,0.5,0.47884517328079346
athlete_003,1444.640627,0.5,0.4808574221689209
athlete_003,1445.640627,0.5,0.48286967105704837
athlete_003,1446.640627,0.5,0.48488191994517577
athlete_003,1447.640627,0.5,0.4868941688333032
athlete_003,1448.640627,0.5,0.4889064177214307
athlete_003,1449.640627,0.5,0.4909186666095581
athlete_003,1450.640627,0.5,0.49293091549768553
athlete_003,1451.640627,0.5,0.494943164385813
athlete_003,1452.640627,0.5,0.49695541327394044
athlete_003,1453.640627,0.5,0.4989676621620679
athlete_003,1454.640627,0.5,0.5009799110501953
athlete_003,1455.640627,0.5,0.5029921599383227
athlete_003,1456.640627,0.5,0.5050044088264503
athlete_003,1457.640627,0.5,0.5070166577145776
athlete_003,1458.640627,0.5,0.5090289066027051
athlete_003,1459.640627,0.5,0.5110411554908325
athlete_003,1460.640627,0.5,0.51305340437896
athlete_003,1461.640627,0.5,0.5150656532670874
athlete_003,1462.640627,0.5,0.5170779021552149
athlete_003,1463.640627,0.5,0.5190901510433423
athlete_003,1464.640627,0.5,0.5211023999314697
athlete_003,1465.640627,0.5,0.5231146488195971
athlete_003,1466.640627,0.5,0.5251268977077246
athlete_003,1467.640627,0.5,0.527139146595852
athlete_003,1468.640627,0.5,0.5291513954839795
athlete_003,1469.640627,0.5,0.531163644372107
athlete_003,1470.640627,0.5,0.5331758932602344
athlete_003,1471.640627,0.5,0.5351881421483619
athlete_003,1472.640627,0.5,0.5372003910364893
athlete_003,1473.640627,0.5,0.5392126399246167
athlete_003,1474.640627,0.5,0.5412248888127441
athlete_003,1475.640627,0.5,0.5432371377008716
athlete_003,1476.640627,0.5,0.545249386588999
athlete_003,1477.640627,0.5,0.5472616354771265
athlete_003,1478.640627,0.5,0.5492738843652539
athlete_003,1479.640627,0.5,0.5512861332533814
athlete_003,1480.640627,0.5,0.5532983821415087
athlete_003,1481.640627,0.5,0.5553106310296362
athlete_003,1482.640627,0.5,0.5573228799177636
athlete_003,1483.640627,0.5,0.5593351288058911
athlete_003,1484.640627,0.5,0.5613473776940185
athlete_003,1485.640627,0.5,0.563359626582146
athlete_003,1486.640627,0.5,0.5653718754702735
athlete_003,1487.640627,0.5,0.5673841243584009
athlete_003,1488.640627,0.5,0.5693963732465284
athlete_003,1489.640627,0.5,0.5714086221346557
athlete_003,1490.640627,0.5,0.5734208710227832
athlete_003,1491.640627,0.5,0.5754331199109106
athlete_003,1492.640627,0.5,0.5774453687990381
athlete_003,1493.640627,0.5,0.5794576176871655
athlete_003,1494.640627,0.5,0.581469866575293
athlete_003,1495.640627,0.5,0.5834821154634204
athlete_003,1496.640627,0.5,0.5854943643515479
athlete_003,1497.640627,0.5,0.5875066132396753
athlete_003,1498.640627,0.5,0.5895188621278027
athlete_003,1499.640627,0.5,0.5915311110159301
athlete_003,1500.640627,0.5,0.5935433599040576
athlete_003,1501.640627,0.5,0.595555608792185
athlete_003,1502.640627,0.5,0.5975678576803125
athlete_003,1503.640627,0.5,0.5995801065684399
athlete_003,1504.640627,0.5,0.6015923554565674
athlete_003,1505.640627,0.5,0.6036046043446948
athlete_003,1506.640627,0.5,0.6056168532328223
athlete_003,1507.640627,0.5,0.6076291021209497
athlete_003,1508.640627,0.5,0.6096413510090771
athlete_003,1509.640627,0.5,0.6116535998972046
athlete_003,1510.640627,0.5,0.613665848785332
athlete_003,1511.640627,0.5,0.6156780976734595
athlete_003,1512.640627,0.5,0.6176903465615868
athlete_003,1513.640627,0.5,0.6197025954497144
athlete_003,1514.640627,0.5,0.6217148443378417
athlete_003,1515.640627,0.5,0.6237270932259693
athlete_003,1516.640627,0.5,0.6257393421140967
athlete_003,1517.640627,0.5,0.6277515910022241
athlete_003,1518.640627,0.5,0.6297638398903516
athlete_003,1519.640627,0.5,0.6317760887784789
athlete_003,1520.640627,0.5,0.6337883376666065
athlete_003,1521.640627,0.5,0.6358005865547338
athlete_003,1522.640627,0.5,0.6378128354428614
athlete_003,1523.640627,0.5,0.6398250843309887
athlete_003,1524.640627,0.5,0.6418373332191162
athlete_003,1525.640627,0.5,0.6438495821072436
athlete_003,1526.640627,0.5,0.6458618309953711
athlete_003,1527.640627,0.5,0.6478740798834985
athlete_003,1528.640627,0.5,0.6498863287716259
athlete_003,1529.640627,0.5,0.6518985776597535
athlete_003,1530.640627,0.5,0.6539108265478808
athlete_003,1531.640627,0.5,0.6559230754360084
athlete_003,1532.640627,0.5,0.6579353243241357
athlete_003,1533.640627,0.5,0.6599475732122632
athlete_003,1534.640627,0.5,0.6619598221003906
athlete_003,1535.640627,0.5,0.6639720709885181
athlete_003,1536.640627,0.5,0.6659843198766455
athlete_003,1537.640627,0.5,0.6679965687647729
athlete_003,1538.640627,0.5,0.6700088176529004
athlete_003,1539.640627,0.5,0.6720210665410278
athlete_003,1540.640627,0.5,0.6740333154291552
athlete_003,1541.640627,0.5,0.6760455643172827
athlete_003,1542.640627,0.5,0.6780578132054101
athlete_003,1543.640627,0.5,0.6800700620935376
athlete_003,1544.640627,0.5,0.6820823109816649
athlete_003,1545.640627,0.5,0.6840945598697925
athlete_003,1546.640627,0.5,0.6861068087579199
athlete_003,1547.640627,0.5,0.6881190576460474
athlete_003,1548.640627,0.5,0.6901313065341748
athlete_003,1549.640627,0.5,0.6921435554223022
athlete_003,1550.640627,0.5,0.6941558043104297
athlete_003,1551.640627,0.5,0.6961680531985571
athlete_003,1552.640627,0.5,0.6981803020866846
athlete_003,1553.640627,0.5,0.7001925509748119
athlete_003,1554.640627,0.5,0.7022047998629395
athlete_003,1555.640627,0.5,0.7042170487510668
athlete_003,1556.640627,0.5,0.7062292976391943
athlete_003,1557.640627,0.5,0.7082415465273217
athlete_003,1558.640627,0.5,0.7102537954154492
athlete_003,1559.640627,0.5,0.7122660443035767
athlete_003,1560.640627,0.5,0.714278293191704
athlete_003,1561.640627,0.5,0.7162905420798316
athlete_003,1562.640627,0.5,0.7183027909679589
athlete_003,1563.484066,0.5,0.72
athlete_003,1564.484066,0.5,0.7103746888984972
athlete_003,1565.484066,0.5,0.7007493777969944
athlete_003,1566.484066,0.5,0.6911240666954916
athlete_003,1567.484066,0.5,0.681498755593989
athlete_003,1568.484066,0.5,0.6718734444924862
athlete_003,1569.484066,0.5,0.6622481333909834
athlete_003,1570.484066,0.5,0.6526228222894807
athlete_003,1571.484066,0.5,0.6429975111879779
athlete_003,1572.484066,0.5,0.6333722000864752
athlete_003,1573.484066,0.5,0.6237468889849724
athlete_003,1574.484066,0.5,0.6141215778834697
athlete_003,1575.484066,0.5,0.6044962667819669
athlete_003,1576.484066,0.5,0.5948709556804641
athlete_003,1577.484066,0.5,0.5852456445789613
athlete_003,1578.484066,0.5,0.5756203334774586
athlete_003,1579.484066,0.5,0.5659950223759559
athlete_003,1580.484066,0.5,0.5563697112744531
athlete_003,1581.484066,0.5,0.5467444001729503
athlete_003,1582.484066,0.5,0.5371190890714476
athlete_003,1583.484066,0.5,0.5274937779699449
athlete_003,1584.484066,0.5,0.5178684668684421
athlete_003,1585.484066,0.5,0.5082431557669393
athlete_003,1586.484066,0.5,0.49861784466543657
athlete_003,1587.484066,0.5,0.4889925335639338
athlete_003,1588.484066,0.5,0.479367222462431
athlete_003,1589.484066,0.5,0.4697419113609283
athlete_003,1590.484066,0.5,0.4601166002594255
athlete_003,1591.484066,0.5,0.45049128915792275
athlete_003,1592.484066,0.5,0.44086597805642
athlete_003,1593.484066,0.5,0.43124066695491725
athlete_003,1594.484066,0.5,0.4216153558534145
athlete_003,1595.484066,0.5,0.41199004475191175
athlete_003,1596.484066,0.5,0.402364733650409
athlete_003,1597.484066,0.5,0.3927394225489062
athlete_003,1598.484066,0.5,0.3831141114474035
athlete_003,1599.484066,0.5,0.3734888003459007
athlete_003,1600.484066,0.5,0.363863489244398
athlete_003,1601.484066,0.5,0.35423817814289515
athlete_003,1602.484066,0.5,0.34461286704139243
athlete_003,1603.484066,0.5,0.3349875559398897
athlete_003,1604.484066,0.5,0.3253622448383869
athlete_003,1605.484066,0.5,0.31573693373688416
athlete_003,1606.484066,0.5,0.30611162263538144
athlete_003,1607.484066,0.5,0.2964863115338786
athlete_003,1608.484066,0.5,0.2868610004323759
athlete_003,1609.484066,0.5,0.27723568933087317
athlete_003,1610.484066,0.5,0.26761037822937034
athlete_003,1611.484066,0.5,0.2579850671278676
athlete_003,1612.484066,0.5,0.2483597560263649
athlete_003,1613.484066,0.5,0.23873444492486207
athlete_003,1614.484066,0.5,0.22910913382335935
athlete_003,1615.484066,0.5005161772781433,0.22
athlete_003,1616.484066,0.5101414883796461,0.22
athlete_003,1617.484066,0.5197667994811489,0.22
athlete_003,1618.484066,0.5293921105826517,0.22
athlete_003,1619.484066,0.5390174216841545,0.22
athlete_003,1620.484066,0.5486427327856571,0.22
athlete_003,1621.484066,0.5582680438871599,0.22
athlete_003,1622.484066,0.5678933549886627,0.22
athlete_003,1623.484066,0.5775186660901654,0.22
athlete_003,1624.484066,0.5871439771916682,0.22
athlete_003,1625.484066,0.596769288293171,0.22
athlete_003,1626.484066,0.6063945993946737,0.22
athlete_003,1627.484066,0.6160199104961764,0.22
athlete_003,1628.484066,0.6256452215976792,0.22
athlete_003,1629.484066,0.635270532699182,0.22
athlete_003,1630.484066,0.64,0.21510415619931525
athlete_003,1631.484066,0.64,0.20547884509781247
athlete_003,1632.484066,0.64,0.1958535339963098
athlete_003,1633.484066,0.64,0.18622822289480703
athlete_003,1634.131133,0.64,0.17999999999999997
athlete_003,1635.131133,0.8212595484694166,0.18
athlete_003,1636.131133,0.92,0.2625190969388331
athlete_003,1637.131133,0.92,0.4437786454082497
athlete_003,1638.131133,0.92,0.6250381938776661
athlete_003,1639.131133,0.92,0.8062977423470827
athlete_003,1640.131133,0.7524427091835005,0.82
athlete_003,1641.131133,0.5711831607140841,0.82
athlete_003,1642.131133,0.38992361224466754,0.82
athlete_003,1643.131133,0.20866406377525093,0.82
athlete_003,1644.131133,0.08,0.7674045153058343
athlete_003,1645.131133,0.08,0.5861449668364177
athlete_003,1646.131133,0.08,0.4048854183670011
athlete_003,1647.131133,0.08,0.2236258698975847
athlete_003,1648.131133,0.21763367857183175,0.18
athlete_003,1649.131133,0.39889322704124863,0.18
athlete_003,1650.131133,0.5801527755106649,0.18
athlete_003,1651.131133,0.7614123239800817,0.18
athlete_003,1652.131133,0.92,0.20267187244949786
athlete_003,1653.131133,0.92,0.3839314209189147
athlete_003,1654.131133,0.92,0.565190969388331
athlete_003,1655.131133,0.92,0.7464505178577479
athlete_003,1656.131133,0.8122899336728354,0.82
athlete_003,1657.131133,0.6310303852034195,0.82
athlete_003,1658.131133,0.4497708367340022,0.82
athlete_003,1659.131133,0.2685112882645858,0.82
athlete_003,1660.131133,0.08725173979516943,0.82
athlete_003,1661.131133,0.08,0.6459921913257519
athlete_003,1662.131133,0.08,0.4647326428563364
athlete_003,1663.131133,0.08,0.28347309438691914
athlete_003,1664.131133,0.15778645408249753,0.18
athlete_003,1665.131133,0.3390460025519139,0.18
athlete_003,1666.131133,0.5203055510213302,0.18
athlete_003,1667.131133,0.7015650994907462,0.18
athlete_003,1668.131133,0.8828246479601635,0.18
athlete_003,1669.131133,0.92,0.3240841964295796
athlete_003,1670.131133,0.92,0.5053437448989959
athlete_003,1671.131133,0.92,0.6866032933684123
athlete_003,1672.131133,0.8721371581621701,0.82
athlete_003,1673.131133,0.6908776096927546,0.82
athlete_003,1674.131133,0.5096180612233373,0.82
athlete_003,1675.131133,0.3283585127539209,0.82
athlete_003,1676.131133,0.14709896428450364,0.82
athlete_003,1677.131133,0.08,0.7058394158150879
athlete_003,1678.131133,0.08,0.5245798673456706
athlete_003,1679.131133,0.08,0.34332031887625514
athlete_003,1680.131133,0.09793922959316063,0.18
athlete_003,1681.131133,0.2791987780625788,0.18
athlete_003,1681.245892,0.30000000000000066,0.18
athlete_003,1682.245892,0.3,0.18968782279817306
athlete_003,1683.245892,0.3,0.19937564559634613
athlete_003,1684.245892,0.3,0.20906346839451923
athlete_003,1685.245892,0.3,0.2187512911926923
athlete_003,1686.245892,0.3084391139908654,0.22
athlete_003,1687.245892,0.3181269367890384,0.22
athlete_003,1688.245892,0.3278147595872115,0.22
athlete_003,1689.245892,0.33750258238538455,0.22
athlete_003,1690.245892,0.34719040518355765,0.22
athlete_003,1691.245892,0.35687822798173074,0.22
athlete_003,1692.245892,0.3665660507799038,0.22
athlete_003,1693.245892,0.3762538735780769,0.22
athlete_003,1694.245892,0.38594169637625,0.22
athlete_003,1695.245892,0.395629519174423,0.22
athlete_003,1696.245892,0.4053173419725961,0.22
athlete_003,1697.245892,0.41500516477076915,0.22
athlete_003,1698.245892,0.42469298756894225,0.22
athlete_003,1699.245892,0.43438081036711534,0.22
athlete_003,1700.245892,0.44406863316528844,0.22
athlete_003,1701.245892,0.4537564559634615,0.22
athlete_003,1702.245892,0.4634442787616346,0.22
athlete_003,1703.245892,0.4731321015598076,0.22
athlete_003,1704.245892,0.48281992435798077,0.22
athlete_003,1705.245892,0.49250774715615375,0.22
athlete_003,1706.245892,0.5021955699543269,0.22
athlete_003,1707.245892,0.5118833927524999,0.22
athlete_003,1708.245892,0.521571215550673,0.22
athlete_003,1709.245892,0.5312590383488461,0.22
athlete_003,1710.245892,0.5409468611470192,0.22
athlete_003,1711.245892,0.5506346839451923,0.22
athlete_003,1712.245892,0.5603225067433653,0.22
athlete_003,1713.245892,0.5700103295415384,0.22
athlete_003,1714.245892,0.5796981523397116,0.22
athlete_003,1715.245892,0.5800000000000001,0.22938597513788447
athlete_003,1716.245892,0.5800000000000001,0.23907379793605757
athlete_003,1717.245892,0.5800000000000001,0.24876162073423067
athlete_003,1718.245892,0.5800000000000001,0.25844944353240373
athlete_003,1719.245892,0.5800000000000001,0.2681372663305768
athlete_003,1720.245892,0.5800000000000001,0.2778250891287499
athlete_003,1721.245892,0.5800000000000001,0.28751291192692296
athlete_003,1722.245892,0.5800000000000001,0.297200734725096
athlete_003,1723.245892,0.5800000000000001,0.30688855752326916
athlete_003,1724.245892,0.5800000000000001,0.3165763803214422
athlete_003,1725.245892,0.5800000000000001,0.32626420311961524
athlete_003,1726.245892,0.5800000000000001,0.3359520259177884
athlete_003,1726.663734,0.5800000000000001,0.33999999999999997
athlete_003,1727.663734,0.5800000000000001,0.34424011521262654
athlete_003,1728.663734,0.5800000000000001,0.3484802304252531
athlete_003,1729.663734,0.5800000000000001,0.35272034563787963
athlete_003,1730.663734,0.5800000000000001,0.3569604608505062
athlete_003,1731.663734,0.5800000000000001,0.3612005760631327
athlete_003,1732.663734,0.5800000000000001,0.3654406912757593
athlete_003,1733.663734,0.5800000000000001,0.3696808064883858
athlete_003,1734.663734,0.5800000000000001,0.3739209217010123
athlete_003,1735.663734,0.5800000000000001,0.3781610369136389
athlete_003,1736.663734,0.5800000000000001,0.3824011521262654
athlete_003,1737.663734,0.5800000000000001,0.386641267338892
athlete_003,1738.663734,0.5800000000000001,0.3908813825515185
athlete_003,1739.663734,0.5800000000000001,0.39512149776414507
athlete_003,1740.663734,0.5800000000000001,0.3993616129767716
athlete_003,1741.663734,0.5800000000000001,0.4036017281893981
athlete_003,1742.663734,0.5800000000000001,0.4078418434020247
athlete_003,1743.663734,0.5800000000000001,0.4120819586146512
athlete_003,1744.663734,0.5800000000000001,0.4163220738272777
athlete_003,1745.663734,0.5800000000000001,0.4205621890399043
athlete_003,1746.663734,0.5800000000000001,0.4248023042525308
athlete_003,1747.663734,0.5800000000000001,0.42904241946515737
athlete_003,1748.663734,0.5800000000000001,0.4332825346777839
athlete_003,1749.663734,0.5800000000000001,0.43752264989041045
athlete_003,1750.663734,0.5800000000000001,0.44176276510303697
athlete_003,1751.663734,0.5800000000000001,0.4460028803156635
athlete_003,1752.663734,0.5800000000000001,0.45024299552829006
athlete_003,1753.663734,0.5800000000000001,0.4544831107409166
athlete_003,1754.663734,0.5800000000000001,0.45872322595354315
athlete_003,1755.663734,0.5800000000000001,0.46296334116616966
athlete_003,1756.663734,0.5800000000000001,0.46720345637879623
athlete_003,1757.663734,0.5800000000000001,0.47144357159142275
athlete_003,1758.663734,0.5800000000000001,0.47568368680404927
athlete_003,1759.663734,0.5800000000000001,0.47992380201667584
athlete_003,1760.663734,0.5800000000000001,0.4841639172293024
athlete_003,1761.663734,0.5800000000000001,0.4884040324419289
athlete_003,1762.663734,0.5800000000000001,0.49264414765455544
athlete_003,1763.663734,0.5800000000000001,0.496884262867182
athlete_003,1764.663734,0.5800000000000001,0.5011243780798085
athlete_003,1765.663734,0.5800000000000001,0.505364493292435
athlete_003,1766.663734,0.5800000000000001,0.5096046085050616
athlete_003,1767.663734,0.5800000000000001,0.5138447237176882
athlete_003,1768.663734,0.5800000000000001,0.5180848389303147
athlete_003,1769.663734,0.5800000000000001,0.5223249541429412
athlete_003,1770.663734,0.5800000000000001,0.5265650693555678
athlete_003,1771.663734,0.5800000000000001,0.5308051845681943
athlete_003,1772.663734,0.5800000000000001,0.5350452997808208
athlete_003,1773.663734,0.5800000000000001,0.5392854149934474
athlete_003,1774.663734,0.5800000000000001,0.543525530206074
athlete_003,1775.663734,0.5800000000000001,0.5477656454187004
athlete_003,1776.663734,0.5800000000000001,0.552005760631327
athlete_003,1777.663734,0.5800000000000001,0.5562458758439536
athlete_003,1778.663734,0.5800000000000001,0.56048599105658
athlete_003,1779.663734,0.5800000000000001,0.5647261062692066
athlete_003,1780.663734,0.5800000000000001,0.5689662214818332
athlete_003,1781.663734,0.5800000000000001,0.5732063366944598
athlete_003,1782.663734,0.5800000000000001,0.5774464519070862
athlete_003,1783.663734,0.5800000000000001,0.5816865671197128
athlete_003,1784.663734,0.5800000000000001,0.5859266823323392
athlete_003,1785.663734,0.5800000000000001,0.5901667975449658
athlete_003,1786.663734,0.5800000000000001,0.5944069127575924
athlete_003,1787.663734,0.5800000000000001,0.598647027970219
athlete_003,1788.663734,0.5800000000000001,0.6028871431828455
athlete_003,1789.663734,0.5800000000000001,0.607127258395472
athlete_003,1790.663734,0.5800000000000001,0.6113673736080985
athlete_003,1791.663734,0.5800000000000001,0.615607488820725
athlete_003,1792.663734,0.5800000000000001,0.6198476040333516
athlete_003,1793.663734,0.5800000000000001,0.6240877192459782
athlete_003,1794.663734,0.5800000000000001,0.6283278344586047
athlete_003,1795.663734,0.5800000000000001,0.6325679496712313
athlete_003,1796.663734,0.5800000000000001,0.6368080648838579
athlete_003,1797.663734,0.5800000000000001,0.6410481800964843
athlete_003,1798.663734,0.5800000000000001,0.6452882953091108
athlete_003,1799.663734,0.5800000000000001,0.6495284105217374
athlete_003,1800.663734,0.5800000000000001,0.653768525734364
athlete_003,1801.663734,0.5800000000000001,0.6580086409469905
athlete_003,1802.663734,0.5800000000000001,0.6622487561596171
athlete_003,1803.663734,0.5800000000000001,0.6664888713722436
athlete_003,1804.663734,0.5800000000000001,0.6707289865848701
athlete_003,1805.663734,0.5800000000000001,0.6749691017974966
athlete_003,1806.663734,0.5800000000000001,0.6792092170101232
athlete_003,1807.663734,0.5800000000000001,0.6834493322227497
athlete_003,1808.663734,0.5800000000000001,0.6876894474353763
athlete_003,1809.663734,0.5800000000000001,0.6919295626480029
athlete_003,1810.663734,0.5800000000000001,0.6961696778606293
athlete_003,1811.663734,0.5800000000000001,0.7004097930732558
athlete_003,1812.663734,0.5800000000000001,0.7046499082858824
athlete_003,1813.663734,0.5800000000000001,0.7088900234985089
athlete_003,1814.663734,0.5800000000000001,0.7131301387111355
athlete_003,1815.663734,0.5800000000000001,0.7173702539237621
athlete_003,1816.28394,0.5800000000000001,0.72
athlete_003,1817.28394,0.5800000000000001,0.7120831211478866
athlete_003,1818.28394,0.5800000000000001,0.7041662422957733
athlete_003,1819.28394,0.5800000000000001,0.69624936344366
athlete_003,1820.28394,0.5800000000000001,0.6883324845915466
athlete_003,1821.28394,0.5800000000000001,0.6804156057394333
athlete_003,1822.28394,0.5800000000000001,0.6724987268873199
athlete_003,1823.28394,0.5800000000000001,0.6645818480352066
athlete_003,1824.28394,0.5800000000000001,0.6566649691830933
athlete_003,1825.28394,0.5800000000000001,0.6487480903309799
athlete_003,1826.28394,0.5800000000000001,0.6408312114788666
athlete_003,1827.28394,0.5800000000000001,0.6329143326267532
athlete_003,1828.28394,0.5800000000000001,0.6249974537746399
athlete_003,1829.28394,0.5800000000000001,0.6170805749225265
athlete_003,1830.28394,0.5800000000000001,0.6091636960704132
athlete_003,1831.28394,0.5800000000000001,0.6012468172182999
athlete_003,1832.28394,0.5800000000000001,0.5933299383661865
athlete_003,1833.28394,0.5800000000000001,0.5854130595140732
athlete_003,1834.28394,0.5800000000000001,0.5774961806619598
athlete_003,1835.28394,0.5800000000000001,0.5695793018098465
athlete_003,1836.28394,0.5800000000000001,0.5616624229577332
athlete_003,1837.28394,0.5800000000000001,0.5537455441056198
athlete_003,1838.28394,0.5800000000000001,0.5458286652535065
athlete_003,1839.28394,0.5800000000000001,0.5379117864013931
athlete_003,1840.28394,0.5800000000000001,0.5299949075492798
athlete_003,1841.28394,0.5800000000000001,0.5220780286971665
athlete_003,1842.28394,0.5800000000000001,0.5141611498450531
athlete_003,1843.28394,0.5800000000000001,0.5062442709929398
athlete_003,1844.28394,0.5800000000000001,0.49832739214082644
athlete_003,1845.28394,0.5800000000000001,0.4904105132887131
athlete_003,1846.28394,0.5800000000000001,0.48249363443659976
athlete_003,1847.28394,0.5800000000000001,0.4745767555844864
athlete_003,1848.28394,0.5800000000000001,0.4666598767323731
athlete_003,1849.28394,0.5800000000000001,0.4587429978802598
athlete_003,1850.28394,0.5800000000000001,0.45082611902814645
athlete_003,1851.28394,0.5800000000000001,0.44290924017603306
athlete_003,1852.28394,0.5800000000000001,0.4349923613239198
athlete_003,1853.28394,0.5800000000000001,0.42707548247180643
athlete_003,1854.28394,0.5800000000000001,0.4191586036196931
athlete_003,1855.28394,0.5800000000000001,0.4112417247675797
athlete_003,1856.28394,0.5800000000000001,0.4033248459154664
athlete_003,1857.28394,0.5800000000000001,0.39540796706335307
athlete_003,1858.28394,0.5800000000000001,0.3874910882112397
athlete_003,1859.28394,0.5800000000000001,0.3795742093591264
athlete_003,1860.28394,0.5800000000000001,0.37165733050701305
athlete_003,1861.28394,0.5800000000000001,0.36374045165489965
athlete_003,1862.28394,0.5800000000000001,0.35582357280278637
athlete_003,1863.28394,0.5800000000000001,0.34790669395067303
athlete_003,1864.28394,0.5800000000000001,0.33998981509855963
athlete_003,1865.28394,0.5800000000000001,0.33207293624644635
athlete_003,1866.28394,0.5800000000000001,0.324156057394333
athlete_003,1867.28394,0.5800000000000001,0.3162391785422196
athlete_003,1868.28394,0.5800000000000001,0.3083222996901063
athlete_003,1869.28394,0.5800000000000001,0.300405420837993
athlete_003,1870.28394,0.5800000000000001,0.2924885419858796
athlete_003,1871.28394,0.5800000000000001,0.2845716631337663
athlete_003,1872.28394,0.5800000000000001,0.27665478428165297
athlete_003,1873.28394,0.5800000000000001,0.26873790542953957
athlete_003,1874.28394,0.5800000000000001,0.2608210265774263
athlete_003,1875.28394,0.5800000000000001,0.25290414772531294
athlete_003,1876.28394,0.5800000000000001,0.24498726887319955
athlete_003,1877.28394,0.5800000000000001,0.23707039002108626
athlete_003,1878.28394,0.5800000000000001,0.22915351116897292
athlete_003,1879.28394,0.5800000000000001,0.22123663231685953
athlete_003,1880.28394,0.5866802465352539,0.22
athlete_003,1881.28394,0.5945971253873671,0.22
athlete_003,1882.28394,0.6025140042394804,0.22
athlete_003,1883.28394,0.6104308830915939,0.22
athlete_003,1884.28394,0.6183477619437071,0.22
athlete_003,1885.28394,0.6262646407958204,0.22
athlete_003,1886.28394,0.6341815196479339,0.22
athlete_003,1887.28394,0.64,0.21790160149995288
athlete_003,1888.28394,0.64,0.20998472264783954
athlete_003,1889.28394,0.64,0.2020678437957261
athlete_003,1890.28394,0.64,0.19415096494361286
athlete_003,1891.28394,0.64,0.18623408609149952
athlete_003,1892.071382,0.64,0.17999999999999997
athlete_003,1893.071382,0.7549640412010654,0.18
athlete_003,1894.071382,0.8699280824021309,0.18
athlete_003,1895.071382,0.92,0.24489212360319623
athlete_003,1896.071382,0.92,0.3598561648042617
athlete_003,1897.071382,0.92,0.4748202060053271
athlete_003,1898.071382,0.92,0.5897842472063924
athlete_003,1899.071382,0.92,0.7047482884074581
athlete_003,1900.071382,0.92,0.8197123296085234
athlete_003,1901.071382,0.805323629190411,0.82
athlete_003,1902.071382,0.6903595879893457,0.82
athlete_003,1903.071382,0.5753955467882802,0.82
athlete_003,1904.071382,0.4604315055872149,0.82
athlete_003,1905.071382,0.3454674643861494,0.82
athlete_003,1906.071382,0.23050342318508388,0.82
athlete_003,1907.071382,0.11553938198401836,0.82
athlete_003,1908.071382,0.08,0.7405753407829531
athlete_003,1909.071382,0.08,0.6256112995818875
athlete_003,1910.071382,0.08,0.510647258380822
athlete_003,1911.071382,0.08,0.39568321717975674
athlete_003,1912.071382,0.08,0.28071917597869145
athlete_003,1913.071382,0.09424486522237434,0.18
athlete_003,1914.071382,0.20920890642343964,0.18
athlete_003,1915.071382,0.32417294762450494,0.18
athlete_003,1916.071382,0.43913698882557023,0.18
athlete_003,1917.071382,0.5541010300266359,0.18
athlete_003,1918.071382,0.6690650712277012,0.18
athlete_003,1919.071382,0.7840291124287669,0.18
athlete_003,1920.071382,0.8989931536298322,0.18
athlete_003,1921.071382,0.92,0.27395719483089725
athlete_003,1922.071382,0.92,0.388921236031963
athlete_003,1923.071382,0.92,0.5038852772330282
athlete_003,1924.071382,0.92,0.6188493184340935
athlete_003,1925.071382,0.92,0.7338133596351588
athlete_003,1926.071382,0.8912225991637751,0.82
athlete_003,1927.071382,0.7762585579627094,0.82
athlete_003,1928.071382,0.6612945167616441,0.82
athlete_003,1929.071382,0.5463304755605788,0.82
athlete_003,1930.071382,0.43136643435951355,0.82
athlete_003,1931.071382,0.3164023931584482,0.82
athlete_003,1932.071382,0.2014383519573829,0.82
athlete_003,1933.071382,0.08647431075631762,0.82
athlete_003,1934.071382,0.08,0.7115102695552512
athlete_003,1935.071382,0.08,0.5965462283541859
athlete_003,1936.071382,0.08,0.4815821871531206
athlete_003,1937.071382,0.08,0.36661814595205444
athlete_003,1938.071382,0.08,0.25165410475099004
athlete_003,1939.071382,0.12330993645007553,0.18
athlete_003,1940.071382,0.23827397765114083,0.18
athlete_003,1941.071382,0.353238018852207,0.18
athlete_003,1942.071382,0.4682020600532723,0.18
athlete_003,1943.071382,0.5831661012543375,0.18
athlete_003,1944.071382,0.6981301424554024,0.18
athlete_003,1945.071382,0.8130941836564686,0.18
athlete_003,1946.071382,0.92,0.1880582248575336
athlete_003,1947.071382,0.92,0.303022266058598
athlete_003,1948.071382,0.92,0.4179863072596642
athlete_003,1949.071382,0.92,0.5329503484607294
athlete_003,1950.071382,0.92,0.6479143896617947
athlete_003,1951.071382,0.92,0.76287843086286
athlete_003,1952.071382,0.8621575279360735,0.82
athlete_003,1953.071382,0.7471934867350082,0.82
athlete_003,1954.071382,0.6322294455339429,0.82
athlete_003,1955.071382,0.5172654043328776,0.82
athlete_003,1956.071382,0.4023013631318123,0.82
athlete_003,1957.071382,0.287337321930747,0.82
athlete_003,1958.071382,0.17237328072968172,0.82
athlete_003,1959.071382,0.08,0.7974092395286153
athlete_003,1960.071382,0.08,0.68244519832755
athlete_003,1961.071382,0.08,0.5674811571264847
athlete_003,1962.071382,0.08,0.45251711592541854
athlete_003,1963.071382,0.08,0.33755307472435414
athlete_003,1964.071382,0.08,0.22258903352328796
athlete_003,1965.071382,0.15237500767777584,0.18
athlete_003,1966.071382,0.267339048878842,0.18
athlete_003,1966.35548,0.30000000000000066,0.18
athlete_003,1967.35548,0.3,0.1886738591906282
athlete_003,1968.35548,0.3,0.19734771838125642
athlete_003,1969.35548,0.3,0.20602157757188463
athlete_003,1970.35548,0.3,0.21469543676251285
athlete_003,1971.35548,0.30336929595314105,0.22
athlete_003,1972.35548,0.3120431551437693,0.22
athlete_003,1973.35548,0.3207170143343975,0.22
athlete_003,1974.35548,0.3293908735250257,0.22
athlete_003,1975.35548,0.33806473271565396,0.22
athlete_003,1976.35548,0.34673859190628215,0.22
athlete_003,1977.35548,0.3554124510969104,0.22
athlete_003,1978.35548,0.3640863102875386,0.22
athlete_003,1979.35548,0.3727601694781668,0.22
athlete_003,1980.35548,0.38143402866879506,0.22
athlete_003,1981.35548,0.39010788785942324,0.22
athlete_003,1982.35548,0.3987817470500514,0.22
athlete_003,1983.35548,0.40745560624067967,0.22
athlete_003,1984.35548,0.41612946543130785,0.22
athlete_003,1985.35548,0.42480332462193615,0.22
athlete_003,1986.35548,0.4334771838125643,0.22
athlete_003,1987.35548,0.4421510430031925,0.22
athlete_003,1988.35548,0.45082490219382076,0.22
athlete_003,1989.35548,0.45949876138444895,0.22
athlete_003,1990.35548,0.4681726205750772,0.22
athlete_003,1991.35548,0.4768464797657054,0.22
athlete_003,1992.35548,0.4855203389563336,0.22
athlete_003,1993.35548,0.49419419814696186,0.22
athlete_003,1994.35548,0.5028680573375901,0.22
athlete_003,1995.35548,0.5115419165282182,0.22
athlete_003,1996.35548,0.5202157757188465,0.22
athlete_003,1997.35548,0.5288896349094747,0.22
athlete_003,1998.35548,0.537563494100103,0.22
athlete_003,1999.35548,0.5462373532907312,0.22
athlete_003,2000.35548,0.5549112124813593,0.22
athlete_003,2001.35548,0.5635850716719875,0.22
athlete_003,2002.35548,0.5722589308626158,0.22
athlete_003,2003.35548,0.5809327900532439,0.22
athlete_003,2004.35548,0.5896066492438723,0.22
athlete_003,2005.35548,0.5982805084345004,0.22
athlete_003,2006.35548,0.6069543676251286,0.22
athlete_003,2007.35548,0.6156282268157569,0.22
athlete_003,2008.35548,0.624302086006385,0.22
athlete_003,2009.35548,0.6329759451970134,0.22
athlete_003,2010.35548,0.6416498043876415,0.22
athlete_003,2011.35548,0.6503236635782697,0.22
athlete_003,2012.35548,0.658997522768898,0.22
athlete_003,2013.35548,0.6599999999999999,0.22767138195952627
athlete_003,2014.35548,0.6599999999999999,0.2363452411501545
athlete_003,2015.35548,0.6599999999999999,0.24501910034078275
athlete_003,2016.35548,0.6599999999999999,0.2536929595314109
athlete_003,2017.35548,0.6599999999999999,0.26236681872203915
athlete_003,2018.35548,0.6599999999999999,0.2710406779126674
athlete_003,2019.35548,0.6599999999999999,0.2797145371032955
athlete_003,2020.35548,0.6599999999999999,0.28838839629392377
athlete_003,2021.35548,0.6599999999999999,0.297062255484552
athlete_003,2022.35548,0.6599999999999999,0.30573611467518025
athlete_003,2023.35548,0.6599999999999999,0.3144099738658084
athlete_003,2024.35548,0.6599999999999999,0.3230838330564366
athlete_003,2025.35548,0.6599999999999999,0.33175769224706486
athlete_003,2026.305726,0.6599999999999999,0.33999999999999997
athlete_003,2027.305726,0.6599999999999999,0.34449884899616123
athlete_003,2028.305726,0.6599999999999999,0.3489976979923225
athlete_003,2029.305726,0.6599999999999999,0.3534965469884837
athlete_003,2030.305726,0.6599999999999999,0.3579953959846449
athlete_003,2031.305726,0.6599999999999999,0.3624942449808062
athlete_003,2032.305726,0.6599999999999999,0.3669930939769674
athlete_003,2033.305726,0.6599999999999999,0.3714919429731286
athlete_003,2034.305726,0.6599999999999999,0.37599079196928986
athlete_003,2035.305726,0.6599999999999999,0.38048964096545107
athlete_003,2036.305726,0.6599999999999999,0.3849884899616123
athlete_003,2037.305726,0.6599999999999999,0.38948733895777354
athlete_003,2038.305726,0.6599999999999999,0.39398618795393475
athlete_003,2039.305726,0.6599999999999999,0.39848503695009596
athlete_003,2040.305726,0.6599999999999999,0.4029838859462572
athlete_003,2041.305726,0.6599999999999999,0.40748273494241843
athlete_003,2042.305726,0.6599999999999999,0.41198158393857964
athlete_003,2043.305726,0.6599999999999999,0.4164804329347409
athlete_003,2044.305726,0.6599999999999999,0.4209792819309021
athlete_003,2045.305726,0.6599999999999999,0.4254781309270633
athlete_003,2046.305726,0.6599999999999999,0.4299769799232246
athlete_003,2047.305726,0.6599999999999999,0.4344758289193858
athlete_003,2048.305726,0.6599999999999999,0.438974677915547
athlete_003,2049.305726,0.6599999999999999,0.44347352691170827
athlete_003,2050.305726,0.6599999999999999,0.4479723759078695
athlete_003,2051.305726,0.6599999999999999,0.45247122490403074
athlete_003,2052.305726,0.6599999999999999,0.45697007390019195
athlete_003,2053.305726,0.6599999999999999,0.46146892289635316
athlete_003,2054.305726,0.6599999999999999,0.46596777189251437
athlete_003,2055.305726,0.6599999999999999,0.47046662088867564
athlete_003,2056.305726,0.6599999999999999,0.47496546988483684
athlete_003,2057.305726,0.6599999999999999,0.47946431888099805
athlete_003,2058.305726,0.6599999999999999,0.4839631678771593
athlete_003,2059.305726,0.6599999999999999,0.4884620168733205
athlete_003,2060.305726,0.6599999999999999,0.49296086586948173
athlete_003,2061.305726,0.6599999999999999,0.497459714865643
athlete_003,2062.305726,0.6599999999999999,0.5019585638618043
athlete_003,2063.305726,0.6599999999999999,0.5064574128579654
athlete_003,2064.305726,0.6599999999999999,0.5109562618541267
athlete_003,2065.305726,0.6599999999999999,0.5154551108502878
athlete_003,2066.305726,0.6599999999999999,0.5199539598464491
athlete_003,2067.305726,0.6599999999999999,0.5244528088426104
athlete_003,2068.305726,0.6599999999999999,0.5289516578387716
athlete_003,2069.305726,0.6599999999999999,0.5334505068349328
athlete_003,2070.305726,0.6599999999999999,0.537949355831094
athlete_003,2071.305726,0.6599999999999999,0.5424482048272552
athlete_003,2072.305726,0.6599999999999999,0.5469470538234165
athlete_003,2073.305726,0.6599999999999999,0.5514459028195777
athlete_003,2074.305726,0.6599999999999999,0.555944751815739
athlete_003,2075.305726,0.6599999999999999,0.5604436008119001
athlete_003,2076.305726,0.6599999999999999,0.5649424498080614
athlete_003,2077.305726,0.6599999999999999,0.5694412988042226
athlete_003,2078.305726,0.6599999999999999,0.5739401478003838
athlete_003,2079.305726,0.6599999999999999,0.5784389967965451
athlete_003,2080.305726,0.6599999999999999,0.5829378457927064
athlete_003,2081.305726,0.6599999999999999,0.5874366947888675
athlete_003,2082.305726,0.6599999999999999,0.5919355437850288
athlete_003,2083.305726,0.6599999999999999,0.5964343927811899
athlete_003,2084.305726,0.6599999999999999,0.6009332417773512
athlete_003,2085.305726,0.6599999999999999,0.6054320907735125
athlete_003,2086.305726,0.6599999999999999,0.6099309397696737
athlete_003,2087.305726,0.6599999999999999,0.614429788765835
athlete_003,2088.305726,0.6599999999999999,0.6189286377619961
athlete_003,2089.305726,0.6599999999999999,0.6234274867581573
athlete_003,2090.305726,0.6599999999999999,0.6279263357543186
athlete_003,2091.305726,0.6599999999999999,0.6324251847504798
athlete_003,2092.305726,0.6599999999999999,0.6369240337466411
athlete_003,2093.305726,0.6599999999999999,0.6414228827428023
athlete_003,2094.305726,0.6599999999999999,0.6459217317389635
athlete_003,2095.305726,0.6599999999999999,0.6504205807351247
athlete_003,2096.305726,0.6599999999999999,0.6549194297312859
athlete_003,2097.305726,0.6599999999999999,0.6594182787274472
athlete_003,2098.305726,0.6599999999999999,0.6639171277236084
athlete_003,2099.305726,0.6599999999999999,0.6684159767197697
athlete_003,2100.305726,0.6599999999999999,0.6729148257159309
athlete_003,2101.305726,0.6599999999999999,0.677413674712092
athlete_003,2102.305726,0.6599999999999999,0.6819125237082533
athlete_003,2103.305726,0.6599999999999999,0.6864113727044145
athlete_003,2104.305726,0.6599999999999999,0.6909102217005758
athlete_003,2105.305726,0.6599999999999999,0.6954090706967371
athlete_003,2106.305726,0.6599999999999999,0.6999079196928982
athlete_003,2107.305726,0.6599999999999999,0.7044067686890594
athlete_003,2108.305726,0.6599999999999999,0.7089056176852206
athlete_003,2109.305726,0.6599999999999999,0.7134044666813819
athlete_003,2110.305726,0.6599999999999999,0.7179033156775432
athlete_003,2110.771775,0.6599999999999999,0.72
athlete_003,2111.771775,0.6599999999999999,0.7113940588648467
athlete_003,2112.771775,0.6599999999999999,0.7027881177296934
athlete_003,2113.771775,0.6599999999999999,0.6941821765945402
athlete_003,2114.771775,0.6599999999999999,0.6855762354593868
athlete_003,2115.771775,0.6599999999999999,0.6769702943242336
athlete_003,2116.771775,0.6599999999999999,0.6683643531890803
athlete_003,2117.771775,0.6599999999999999,0.659758412053927
athlete_003,2118.771775,0.6599999999999999,0.6511524709187738
athlete_003,2119.771775,0.6599999999999999,0.6425465297836205
athlete_003,2120.771775,0.6599999999999999,0.6339405886484673
athlete_003,2121.771775,0.6599999999999999,0.6253346475133139
athlete_003,2122.771775,0.6599999999999999,0.6167287063781607
athlete_003,2123.771775,0.6599999999999999,0.6081227652430073
athlete_003,2124.771775,0.6599999999999999,0.5995168241078541
athlete_003,2125.771775,0.6599999999999999,0.5909108829727009
athlete_003,2126.771775,0.6599999999999999,0.5823049418375476
athlete_003,2127.771775,0.6599999999999999,0.5736990007023943
athlete_003,2128.771775,0.6599999999999999,0.565093059567241
athlete_003,2129.771775,0.6599999999999999,0.5564871184320878
athlete_003,2130.771775,0.6599999999999999,0.5478811772969344
athlete_003,2131.771775,0.6599999999999999,0.5392752361617812
athlete_003,2132.771775,0.6599999999999999,0.5306692950266279
athlete_003,2133.771775,0.6599999999999999,0.5220633538914746
athlete_003,2134.771775,0.6599999999999999,0.5134574127563214
athlete_003,2135.771775,0.6599999999999999,0.5048514716211681
athlete_003,2136.771775,0.6599999999999999,0.49624553048601483
athlete_003,2137.771775,0.6599999999999999,0.4876395893508615
athlete_003,2138.771775,0.6599999999999999,0.47903364821570826
athlete_003,2139.771775,0.6599999999999999,0.47042770708055504
athlete_003,2140.771775,0.6599999999999999,0.46182176594540175
athlete_003,2141.771775,0.6599999999999999,0.45321582481024847
athlete_003,2142.771775,0.6599999999999999,0.4446098836750952
athlete_003,2143.771775,0.6599999999999999,0.43600394253994185
athlete_003,2144.771775,0.6599999999999999,0.4273980014047886
athlete_003,2145.771775,0.6599999999999999,0.41879206026963534
athlete_003,2146.771775,0.6599999999999999,0.41018611913448205
athlete_003,2147.771775,0.6599999999999999,0.40158017799932877
athlete_003,2148.771775,0.6599999999999999,0.3929742368641755
athlete_003,2149.771775,0.6599999999999999,0.3843682957290222
athlete_003,2150.771775,0.6599999999999999,0.3757623545938689
athlete_003,2151.771775,0.6599999999999999,0.3671564134587157
athlete_003,2152.771775,0.6599999999999999,0.3585504723235624
athlete_003,2153.771775,0.6599999999999999,0.3499445311884091
athlete_003,2154.771775,0.6599999999999999,0.34133859005325584
athlete_003,2155.771775,0.6599999999999999,0.33273264891810256
athlete_003,2156.771775,0.6599999999999999,0.3241267077829493
athlete_003,2157.771775,0.6599999999999999,0.315520766647796
athlete_003,2158.771775,0.6599999999999999,0.30691482551264276
athlete_003,2159.771775,0.6599999999999999,0.2983088843774895
athlete_003,2160.771775,0.6599999999999999,0.2897029432423362
athlete_003,2161.771775,0.6599999999999999,0.2810970021071829
athlete_003,2162.771775,0.6599999999999999,0.27249106097202963
athlete_003,2163.771775,0.6599999999999999,0.26388511983687635
athlete_003,2164.771775,0.6599999999999999,0.25527917870172306
athlete_003,2165.771775,0.6599999999999999,0.24667323756656978
athlete_003,2166.771775,0.6599999999999999,0.2380672964314166
athlete_003,2167.771775,0.6599999999999999,0.22946135529626333
athlete_003,2168.771775,0.6599999999999999,0.22085541416111004
athlete_003,2169.771775,0.6522494730259567,0.22
athlete_003,2170.771775,0.6436435318908035,0.22
athlete_003,2171.771775,0.64,0.21503759075565013
athlete_003,2172.771775,0.64,0.2064316496204969
athlete_003,2173.771775,0.64,0.19782570848534356
athlete_003,2174.771775,0.64,0.18921976735019033
athlete_003,2175.771775,0.64,0.180613826215037
athlete_003,2175.843101,0.64,0.17999999999999997
athlete_003,2176.843101,0.7439050348949802,0.18
athlete_003,2177.843101,0.8478100697899603,0.18
athlete_003,2178.843101,0.92,0.21171510468494037
athlete_003,2179.843101,0.92,0.3156201395799206
athlete_003,2180.843101,0.92,0.4195251744749006
athlete_003,2181.843101,0.92,0.5234302093698808
athlete_003,2182.843101,0.92,0.627335244264861
athlete_003,2183.843101,0.92,0.7312402791598411
athlete_003,2184.843101,0.9048546859451787,0.82
athlete_003,2185.843101,0.8009496510501987,0.82
athlete_003,2186.843101,0.6970446161552185,0.82
athlete_003,2187.843101,0.5931395812602384,0.82
athlete_003,2188.843101,0.4892345463652582,0.82
athlete_003,2189.843101,0.38532951147027805,0.82
athlete_003,2190.843101,0.2814244765752979,0.82
athlete_003,2191.843101,0.17751944168031752,0.82
athlete_003,2192.843101,0.08,0.8136144067853376
athlete_003,2193.843101,0.08,0.7097093718903574
athlete_003,2194.843101,0.08,0.6058043369953773
athlete_003,2195.843101,0.08,0.5018993021003973
athlete_003,2196.843101,0.08,0.397994267205417
athlete_003,2197.843101,0.08,0.29408923231043704
athlete_003,2198.843101,0.08,0.19018419741545667
athlete_003,2199.843101,0.17372083747952333,0.18
athlete_003,2200.843101,0.2776258723745037,0.18
athlete_003,2201.843101,0.38153090726948363,0.18
athlete_003,2202.843101,0.48543594216446356,0.18
athlete_003,2203.843101,0.5893409770594439,0.18
athlete_003,2204.843101,0.6932460119544238,0.18
athlete_003,2205.843101,0.7971510468494042,0.18
athlete_003,2206.843101,0.9010560817443841,0.18
athlete_003,2207.843101,0.92,0.26496111663936467
athlete_003,2208.843101,0.92,0.3688661515343446
athlete_003,2209.843101,0.92,0.47277118642932453
athlete_003,2210.843101,0.92,0.5766762213243048
athlete_003,2211.843101,0.92,0.6805812562192848
athlete_003,2212.843101,0.92,0.7844862911142652
athlete_003,2213.843101,0.8516086739907546,0.82
athlete_003,2214.843101,0.7477036390957742,0.82
athlete_003,2215.843101,0.6437986042007947,0.82
athlete_003,2216.843101,0.5398935693058143,0.82
athlete_003,2217.843101,0.43598853441083396,0.82
athlete_003,2218.843101,0.3320834995158536,0.82
athlete_003,2219.843101,0.2281784646208741,0.82
athlete_003,2220.843101,0.12427342972589372,0.82
athlete_003,2221.843101,0.08,0.7603683948309131
athlete_003,2222.843101,0.08,0.6564633599359336
athlete_003,2223.843101,0.08,0.5525583250409533
athlete_003,2224.843101,0.08,0.4486532901459729
athlete_003,2225.843101,0.08,0.3447482552509925
athlete_003,2226.843101,0.08,0.24084322035601302
athlete_003,2227.843101,0.12306181453896763,0.18
athlete_003,2228.843101,0.22696684943394801,0.18
athlete_003,2229.843101,0.3308718843289275,0.18
athlete_003,2230.843101,0.4347769192239078,0.18
athlete_003,2231.843101,0.5386819541188882,0.18
athlete_003,2232.843101,0.6425869890138681,0.18
athlete_003,2233.843101,0.7464920239088476,0.18
athlete_003,2234.843101,0.850397058803828,0.18
athlete_003,2235.843101,0.92,0.2143020936988081
athlete_003,2236.843101,0.92,0.3182071285937876
athlete_003,2237.843101,0.92,0.42211216348876796
athlete_003,2238.843101,0.92,0.5260171983837483
athlete_003,2239.843101,0.92,0.6299222332787295
athlete_003,2240.843101,0.92,0.7338272681737081
athlete_003,2241.843101,0.9022676969313103,0.82
athlete_003,2242.843101,0.7983626620363299,0.82
athlete_003,2243.843101,0.6944576271413504,0.82
athlete_003,2244.843101,0.59055259224637,0.82
athlete_003,2245.843101,0.48664755735138965,0.82
athlete_003,2246.843101,0.3827425224564093,0.82
athlete_003,2247.843101,0.2788374875614298,0.82
athlete_003,2248.843101,0.1749324526664494,0.82
athlete_003,2249.843101,0.08,0.8110274177714688
athlete_003,2250.843101,0.08,0.7071223828764893
athlete_003,2251.843101,0.08,0.603217347981509
athlete_003,2252.843101,0.08,0.49931231308652857
athlete_003,2253.843101,0.08,0.3954072781915482
athlete_003,2254.843101,0.08,0.2915022432965696
athlete_003,2255.843101,0.08,0.18759720840158922
athlete_003,2256.843101,0.17630782649339055,0.18
athlete_003,2257.843101,0.2802128613883709,0.18
athlete_003,2258.033536,0.30000000000000066,0.18
athlete_003,2259.033536,0.3,0.1893611664131449
athlete_003,2260.033536,0.3,0.19872233282628982
athlete_003,2261.033536,0.3,0.20808349923943473
athlete_003,2262.033536,0.3,0.21744466565257964
athlete_003,2263.033536,0.30680583206572454,0.22
athlete_003,2264.033536,0.3161669984788694,0.22
athlete_003,2265.033536,0.32552816489201436,0.22
athlete_003,2266.033536,0.33488933130515924,0.22
athlete_003,2267.033536,0.3442504977183042,0.22
athlete_003,2268.033536,0.35361166413144907,0.22
athlete_003,2269.033536,0.36297283054459395,0.22
athlete_003,2270.033536,0.3723339969577389,0.22
athlete_003,2271.033536,0.3816951633708838,0.22
athlete_003,2272.033536,0.3910563297840287,0.22
athlete_003,2273.033536,0.4004174961971736,0.22
athlete_003,2274.033536,0.40977866261031853,0.22
athlete_003,2275.033536,0.4191398290234635,0.22
athlete_003,2276.033536,0.42850099543660836,0.22
athlete_003,2277.033536,0.43786216184975324,0.22
athlete_003,2278.033536,0.4472233282628981,0.22
athlete_003,2279.033536,0.45658449467604306,0.22
athlete_003,2280.033536,0.465945661089188,0.22
athlete_003,2281.033536,0.4753068275023329,0.22
athlete_003,2282.033536,0.4846679939154778,0.22
athlete_003,2283.033536,0.4940291603286227,0.22
athlete_003,2284.033536,0.5033903267417676,0.22
athlete_003,2285.033536,0.5127514931549125,0.22
athlete_003,2286.033536,0.5221126595680574,0.22
athlete_003,2287.033536,0.5314738259812023,0.22
athlete_003,2288.033536,0.5408349923943472,0.22
athlete_003,2289.033536,0.5501961588074922,0.22
athlete_003,2290.033536,0.5595573252206372,0.22
athlete_003,2291.033536,0.5689184916337819,0.22
athlete_003,2292.033536,0.5782796580469269,0.22
athlete_003,2293.033536,0.5876408244600717,0.22
athlete_003,2294.033536,0.5970019908732167,0.22
athlete_003,2295.033536,0.6063631572863617,0.22
athlete_003,2296.033536,0.6157243236995065,0.22
athlete_003,2297.033536,0.6250854901126515,0.22
athlete_003,2298.033536,0.6344466565257962,0.22
athlete_003,2299.033536,0.6438078229389412,0.22
athlete_003,2300.033536,0.6531689893520862,0.22
athlete_003,2301.033536,0.662530155765231,0.22
athlete_003,2302.033536,0.671891322178376,0.22
athlete_003,2303.033536,0.681252488591521,0.22
athlete_003,2304.033536,0.6906136550046658,0.22
athlete_003,2305.033536,0.6999748214178108,0.22
athlete_003,2306.033536,0.7093359878309557,0.22
athlete_003,2307.033536,0.7186971542441005,0.22
athlete_003,2308.033536,0.7280583206572455,0.22
athlete_003,2309.033536,0.7374194870703903,0.22
athlete_003,2310.033536,0.74,0.2267806534835353
athlete_003,2311.033536,0.74,0.23614181989668018
athlete_003,2312.033536,0.74,0.24550298630982506
athlete_003,2313.033536,0.74,0.25486415272297
athlete_003,2314.033536,0.74,0.2642253191361149
athlete_003,2315.033536,0.74,0.2735864855492598
athlete_003,2316.033536,0.74,0.2829476519624047
athlete_003,2317.033536,0.74,0.29230881837554956
athlete_003,2318.033536,0.74,0.30166998478869456
athlete_003,2319.033536,0.74,0.31103115120183944
athlete_003,2320.033536,0.74,0.32039231761498443
athlete_003,2321.033536,0.74,0.3297534840281293
athlete_003,2322.033536,0.74,0.3391146504412742
athlete_003,2322.128113,0.74,0.33999999999999997
athlete_003,2323.128113,0.7434417677928313,0.53
athlete_003,2324.128113,0.7468835355856627,0.53
athlete_003,2325.128113,0.750325303378494,0.53
athlete_003,2326.128113,0.7537670711713255,0.53
athlete_003,2327.128113,0.7572088389641568,0.53
athlete_003,2328.128113,0.7606506067569881,0.53
athlete_003,2329.128113,0.7640923745498195,0.53
athlete_003,2330.128113,0.7675341423426508,0.53
athlete_003,2331.128113,0.7709759101354822,0.53
athlete_003,2332.128113,0.7744176779283136,0.53
athlete_003,2333.128113,0.777859445721145,0.53
athlete_003,2334.128113,0.7813012135139763,0.53
athlete_003,2335.128113,0.7847429813068076,0.53
athlete_003,2336.128113,0.788184749099639,0.53
athlete_003,2337.128113,0.7916265168924703,0.53
athlete_003,2338.128113,0.7950682846853017,0.53
athlete_003,2339.128113,0.7985100524781331,0.53
athlete_003,2340.128113,0.8019518202709645,0.53
athlete_003,2341.128113,0.8053935880637958,0.53
athlete_003,2342.128113,0.8088353558566271,0.53
athlete_003,2343.128113,0.8122771236494585,0.53
athlete_003,2344.128113,0.8157188914422899,0.53
athlete_003,2345.128113,0.8191606592351213,0.53
athlete_003,2346.128113,0.8226024270279526,0.53
athlete_003,2347.128113,0.826044194820784,0.53
athlete_003,2348.128113,0.8294859626136153,0.53
athlete_003,2349.128113,0.8329277304064466,0.53
athlete_003,2350.128113,0.836369498199278,0.53
athlete_003,2351.128113,0.8398112659921094,0.53
athlete_003,2352.128113,0.8432530337849408,0.53
athlete_003,2353.128113,0.8466948015777721,0.53
athlete_003,2354.128113,0.8501365693706034,0.53
athlete_003,2355.128113,0.8535783371634348,0.53
athlete_003,2356.128113,0.8570201049562661,0.53
athlete_003,2357.128113,0.8604618727490976,0.53
athlete_003,2358.128113,0.8639036405419289,0.53
athlete_003,2359.128113,0.8673454083347603,0.53
athlete_003,2360.128113,0.8707871761275916,0.53
athlete_003,2361.128113,0.8742289439204229,0.53
athlete_003,2362.128113,0.8776707117132543,0.53
athlete_003,2363.128113,0.8811124795060856,0.53
athlete_003,2364.128113,0.8845542472989171,0.53
athlete_003,2365.128113,0.8879960150917484,0.53
athlete_003,2366.128113,0.8914377828845798,0.53
athlete_003,2367.128113,0.8948795506774111,0.53
athlete_003,2368.128113,0.8983213184702424,0.53
athlete_003,2369.128113,0.9017630862630739,0.53
athlete_003,2370.128113,0.9052048540559052,0.53
athlete_003,2371.128113,0.9086466218487366,0.53
athlete_003,2372.128113,0.9120883896415679,0.53
athlete_003,2373.128113,0.9155301574343992,0.53
athlete_003,2374.128113,0.9189719252272306,0.53
athlete_003,2374.426818,0.92,0.53
athlete_004,0.0,-0.08,0.18
athlete_004,1.0,0.40975549873350775,0.18
athlete_004,2.0,0.8995109974670155,0.18
athlete_004,3.0,0.92,0.6492664962005232
athlete_004,4.0,0.6009780050659691,0.82
athlete_004,5.0,0.11122250633246178,0.82
athlete_004,6.0,0.08,0.36146700759895334
athlete_004,7.0,0.38828849113455405,0.18
athlete_004,8.0,0.8780439898680615,0.18
athlete_004,9.0,0.92,0.6277994886015696
athlete_004,10.0,0.6224450126649234,0.82
athlete_004,11.0,0.13268951393141493,0.82
athlete_004,12.0,0.08,0.3829340151979063
athlete_004,13.0,0.3668214835356007,0.18
athlete_004,14.0,0.8565769822691095,0.18
athlete_004,15.0,0.92,0.6063324810026167
athlete_004,16.0,0.6439120202638754,0.82
athlete_004,17.0,0.15415652153036785,0.82
athlete_004,18.0,0.08,0.4044010227968592
athlete_004,18.907394,0.30000000000000066,0.18
athlete_004,19.907394,0.3,0.1833451317465437
athlete_004,20.907394,0.3,0.18669026349308745
athlete_004,21.907394,0.3,0.19003539523963117
athlete_004,22.907394,0.3,0.19338052698617492
athlete_004,23.907394,0.3,0.19672565873271863
athlete_004,24.907394,0.3,0.20007079047926238
athlete_004,25.907394,0.3,0.2034159222258061
athlete_004,26.907394,0.3,0.20676105397234984
athlete_004,27.907394,0.3,0.21010618571889356
athlete_004,28.907394,0.3,0.21345131746543727
athlete_004,29.907394,0.3,0.21679644921198102
athlete_004,30.907394,0.29985841904147525,0.22
athlete_004,31.907394,0.29651328729493154,0.22
athlete_004,32.907394,0.2931681555483878,0.22
athlete_004,33.907394,0.28982302380184405,0.22
athlete_004,34.907394,0.28647789205530033,0.22
athlete_004,35.907394,0.2831327603087566,0.22
athlete_004,36.907394,0.27978762856221284,0.22
athlete_004,37.907394,0.2764424968156691,0.22
athlete_004,38.907394,0.2730973650691254,0.22
athlete_004,39.907394,0.2697522333225817,0.22
athlete_004,40.907394,0.266407101576038,0.22
athlete_004,41.907394,0.2630619698294942,0.22
athlete_004,42.907394,0.2597168380829505,0.22
athlete_004,43.907394,0.25637170633640677,0.22
athlete_004,44.907394,0.25302657458986305,0.22
athlete_004,45.907394,0.2496814428433193,0.22
athlete_004,46.907394,0.2463363110967756,0.22
athlete_004,47.907394,0.24299117935023185,0.22
athlete_004,48.907394,0.23964604760368813,0.22
athlete_004,49.907394,0.2363009158571444,0.22
athlete_004,50.907394,0.23295578411060067,0.22
athlete_004,51.907394,0.22961065236405692,0.22
athlete_004,52.907394,0.2262655206175132,0.22
athlete_004,53.907394,0.2229203888709695,0.22
athlete_004,54.907394,0.21957525712442574,0.22
athlete_004,55.907394,0.21623012537788203,0.22
athlete_004,56.907394,0.21288499363133828,0.22
athlete_004,57.907394,0.20953986188479456,0.22
athlete_004,58.907394,0.20619473013825085,0.22
athlete_004,59.907394,0.2028495983917071,0.22
athlete_004,60.907394,0.1995044666451634,0.22
athlete_004,61.907394,0.19615933489861964,0.22
athlete_004,62.907394,0.19281420315207592,0.22
athlete_004,63.907394,0.18946907140553218,0.22
athlete_004,64.907394,0.1861239396589885,0.22
athlete_004,65.907394,0.18277880791244475,0.22
athlete_004,66.907394,0.18,0.22056632383409897
athlete_004,67.907394,0.18,0.2239114555806427
athlete_004,68.907394,0.18,0.22725658732718645
athlete_004,69.907394,0.18,0.23060171907373014
athlete_004,70.907394,0.18,0.2339468508202739
athlete_004,71.907394,0.18,0.23729198256681763
athlete_004,72.907394,0.18,0.24063711431336135
athlete_004,73.907394,0.18,0.24398224605990507
athlete_004,74.907394,0.18,0.2473273778064488
athlete_004,75.907394,0.18,0.25067250955299253
athlete_004,76.907394,0.18,0.2540176412995363
athlete_004,77.907394,0.18,0.25736277304608
athlete_004,78.907394,0.18,0.26070790479262373
athlete_004,79.907394,0.18,0.26405303653916745
athlete_004,80.907394,0.18,0.26739816828571117
athlete_004,81.907394,0.18,0.2707433000322549
athlete_004,82.907394,0.18,0.2740884317787986
athlete_004,83.907394,0.18,0.2774335635253424
athlete_004,84.907394,0.18,0.28077869527188615
athlete_004,85.907394,0.18,0.28412382701842986
athlete_004,86.907394,0.18,0.2874689587649736
athlete_004,87.907394,0.18,0.2908140905115173
athlete_004,88.907394,0.18,0.294159222258061
athlete_004,89.907394,0.18,0.29750435400460473
athlete_004,90.907394,0.18,0.3008494857511485
athlete_004,91.907394,0.18,0.3041946174976922
athlete_004,92.907394,0.18,0.30753974924423594
athlete_004,93.907394,0.18,0.31088488099077966
athlete_004,94.907394,0.18,0.3142300127373234
athlete_004,95.907394,0.18,0.31757514448386714
athlete_004,96.907394,0.18,0.32092027623041086
athlete_004,97.907394,0.18,0.3242654079769546
athlete_004,98.907394,0.18,0.3276105397234983
athlete_004,99.907394,0.18,0.33095567147004207
athlete_004,100.907394,0.18,0.3343008032165858
athlete_004,101.907394,0.18,0.3376459349631295
athlete_004,102.611122,0.18,0.34
athlete_004,103.611122,0.18,0.3427862170242448
athlete_004,104.611122,0.18,0.34557243404848953
athlete_004,105.611122,0.18,0.3483586510727343
athlete_004,106.611122,0.18,0.351144868096979
athlete_004,107.611122,0.18,0.35393108512122373
athlete_004,108.611122,0.18,0.3567173021454685
athlete_004,109.611122,0.18,0.35950351916971324
athlete_004,110.611122,0.18,0.362289736193958
athlete_004,111.611122,0.18,0.36507595321820274
athlete_004,112.611122,0.18,0.3678621702424475
athlete_004,113.611122,0.18,0.3706483872666922
athlete_004,114.611122,0.18,0.37343460429093694
athlete_004,115.611122,0.18,0.3762208213151817
athlete_004,116.611122,0.18,0.37900703833942645
athlete_004,117.611122,0.18,0.3817932553636712
athlete_004,118.611122,0.18,0.38457947238791595
athlete_004,119.611122,0.18,0.38736568941216065
athlete_004,120.611122,0.18,0.3901519064364054
athlete_004,121.611122,0.18,0.39293812346065016
athlete_004,122.611122,0.18,0.3957243404848949
athlete_004,123.611122,0.18,0.39851055750913966
athlete_004,124.611122,0.18,0.4012967745333844
athlete_004,125.611122,0.18,0.40408299155762917
athlete_004,126.611122,0.18,0.40686920858187386
athlete_004,127.611122,0.18,0.4096554256061186
athlete_004,128.611122,0.18,0.41244164263036337
athlete_004,129.611122,0.18,0.4152278596546081
athlete_004,130.611122,0.18,0.4180140766788529
athlete_004,131.611122,0.18,0.42080029370309757
athlete_004,132.611122,0.18,0.4235865107273423
athlete_004,133.611122,0.18,0.4263727277515871
athlete_004,134.611122,0.18,0.42915894477583183
athlete_004,135.611122,0.18,0.4319451618000766
athlete_004,136.611122,0.18,0.43473137882432134
athlete_004,137.611122,0.18,0.4375175958485661
athlete_004,138.611122,0.18,0.44030381287281084
athlete_004,139.611122,0.18,0.44309002989705554
athlete_004,140.611122,0.18,0.4458762469213003
athlete_004,141.611122,0.18,0.44866246394554504
athlete_004,142.611122,0.18,0.4514486809697898
athlete_004,143.611122,0.18,0.45423489799403455
athlete_004,144.611122,0.18,0.45702111501827924
athlete_004,145.611122,0.18,0.459807332042524
athlete_004,146.611122,0.18,0.46259354906676875
athlete_004,147.611122,0.18,0.4653797660910135
athlete_004,148.611122,0.18,0.46816598311525826
athlete_004,149.611122,0.18,0.470952200139503
athlete_004,150.611122,0.18,0.47373841716374776
athlete_004,151.611122,0.18,0.4765246341879925
athlete_004,152.611122,0.18,0.4793108512122372
athlete_004,153.611122,0.18,0.482097068236482
athlete_004,154.611122,0.18,0.4848832852607267
athlete_004,155.611122,0.18,0.48766950228497147
athlete_004,156.611122,0.18,0.49045571930921616
athlete_004,157.611122,0.18,0.4932419363334609
athlete_004,158.611122,0.18,0.49602815335770567
athlete_004,159.611122,0.18,0.4988143703819504
athlete_004,160.611122,0.18,0.5016005874061952
athlete_004,161.611122,0.18,0.5043868044304399
athlete_004,162.611122,0.18,0.5071730214546847
athlete_004,163.611122,0.18,0.5099592384789294
athlete_004,164.611122,0.18,0.5127454555031742
athlete_004,165.611122,0.18,0.5155316725274189
athlete_004,166.611122,0.18,0.5183178895516637
athlete_004,167.611122,0.18,0.5211041065759083
athlete_004,168.611122,0.18,0.5238903236001531
athlete_004,169.611122,0.18,0.5266765406243978
athlete_004,170.611122,0.18,0.5294627576486426
athlete_004,171.611122,0.18,0.5322489746728873
athlete_004,172.611122,0.18,0.5350351916971321
athlete_004,173.611122,0.18,0.5378214087213768
athlete_004,174.611122,0.18,0.5406076257456216
athlete_004,175.611122,0.18,0.5433938427698664
athlete_004,176.611122,0.18,0.5461800597941111
athlete_004,177.611122,0.18,0.5489662768183559
athlete_004,178.611122,0.18,0.5517524938426006
athlete_004,179.611122,0.18,0.5545387108668454
athlete_004,180.611122,0.18,0.5573249278910901
athlete_004,181.611122,0.18,0.5601111449153349
athlete_004,182.611122,0.18,0.5628973619395796
athlete_004,183.611122,0.18,0.5656835789638243
athlete_004,184.611122,0.18,0.568469795988069
athlete_004,185.611122,0.18,0.5712560130123138
athlete_004,186.611122,0.18,0.5740422300365585
athlete_004,187.611122,0.18,0.5768284470608033
athlete_004,188.611122,0.18,0.579614664085048
athlete_004,189.611122,0.18,0.5824008811092928
athlete_004,190.611122,0.18,0.5851870981335375
athlete_004,191.611122,0.18,0.5879733151577823
athlete_004,192.611122,0.18,0.5907595321820269
athlete_004,193.611122,0.18,0.5935457492062717
athlete_004,194.611122,0.18,0.5963319662305164
athlete_004,195.611122,0.18,0.5991181832547612
athlete_004,196.611122,0.18,0.6019044002790059
athlete_004,197.611122,0.18,0.6046906173032507
athlete_004,198.611122,0.18,0.6074768343274954
athlete_004,199.611122,0.18,0.6102630513517402
athlete_004,200.611122,0.18,0.613049268375985
athlete_004,201.611122,0.18,0.6158354854002297
athlete_004,202.611122,0.18,0.6186217024244745
athlete_004,203.611122,0.18,0.6214079194487192
athlete_004,204.611122,0.18,0.624194136472964
athlete_004,205.611122,0.18,0.6269803534972087
athlete_004,206.611122,0.18,0.6297665705214535
athlete_004,207.611122,0.18,0.6325527875456982
athlete_004,208.611122,0.18,0.635339004569943
athlete_004,209.611122,0.18,0.6381252215941876
athlete_004,210.611122,0.18,0.6409114386184324
athlete_004,211.611122,0.18,0.6436976556426772
athlete_004,212.611122,0.18,0.6464838726669219
athlete_004,213.611122,0.18,0.6492700896911666
athlete_004,214.611122,0.18,0.6520563067154114
athlete_004,215.611122,0.18,0.6548425237396561
athlete_004,216.611122,0.18,0.6576287407639009
athlete_004,217.611122,0.18,0.6604149577881455
athlete_004,218.611122,0.18,0.6632011748123903
athlete_004,219.611122,0.18,0.6659873918366351
athlete_004,220.611122,0.18,0.6687736088608798
athlete_004,221.611122,0.18,0.6715598258851245
athlete_004,222.611122,0.18,0.6743460429093693
athlete_004,223.611122,0.18,0.677132259933614
athlete_004,224.611122,0.18,0.6799184769578588
athlete_004,225.611122,0.18,0.6827046939821035
athlete_004,226.611122,0.18,0.6854909110063483
athlete_004,227.611122,0.18,0.688277128030593
athlete_004,228.611122,0.18,0.6910633450548378
athlete_004,229.611122,0.18,0.6938495620790825
athlete_004,230.611122,0.18,0.6966357791033273
athlete_004,231.611122,0.18,0.699421996127572
athlete_004,232.611122,0.18,0.7022082131518168
athlete_004,233.611122,0.18,0.7049944301760616
athlete_004,234.611122,0.18,0.7077806472003063
athlete_004,235.611122,0.18,0.7105668642245511
athlete_004,236.611122,0.18,0.7133530812487958
athlete_004,237.611122,0.18,0.7161392982730406
athlete_004,238.611122,0.18,0.7189255152972852
athlete_004,238.996765,0.18,0.72
athlete_004,239.996765,0.18,0.7060760623900628
athlete_004,240.996765,0.18,0.6921521247801257
athlete_004,241.996765,0.18,0.6782281871701885
athlete_004,242.996765,0.18,0.6643042495602514
athlete_004,243.996765,0.18,0.6503803119503143
athlete_004,244.996765,0.18,0.6364563743403772
athlete_004,245.996765,0.18,0.62253243673044
athlete_004,246.996765,0.18,0.6086084991205029
athlete_004,247.996765,0.18,0.5946845615105657
athlete_004,248.996765,0.18,0.5807606239006285
athlete_004,249.996765,0.18,0.5668366862906915
athlete_004,250.996765,0.18,0.5529127486807544
athlete_004,251.996765,0.18,0.5389888110708172
athlete_004,252.996765,0.18,0.52506487346088
athlete_004,253.996765,0.18,0.5111409358509429
athlete_004,254.996765,0.18,0.49721699824100574
athlete_004,255.996765,0.18,0.4832930606310686
athlete_004,256.996765,0.18,0.4693691230211315
athlete_004,257.996765,0.18,0.45544518541119433
athlete_004,258.996765,0.18,0.4415212478012572
athlete_004,259.996765,0.18,0.4275973101913201
athlete_004,260.996765,0.18,0.4136733725813829
athlete_004,261.996765,0.18,0.39974943497144577
athlete_004,262.996765,0.18,0.3858254973615086
athlete_004,263.996765,0.18,0.3719015597515715
athlete_004,264.996765,0.18,0.35797762214163437
athlete_004,265.996765,0.18,0.3440536845316972
athlete_004,266.996765,0.18,0.33012974692176006
athlete_004,267.996765,0.18,0.31620580931182296
athlete_004,268.996765,0.18,0.3022818717018858
athlete_004,269.996765,0.18,0.28835793409194865
athlete_004,270.996765,0.18,0.2744339964820115
athlete_004,271.996765,0.18,0.2605100588720744
athlete_004,272.996765,0.18,0.24658612126213725
athlete_004,273.996765,0.18,0.2326621836522001
athlete_004,274.996765,0.18126175395773697,0.22
athlete_004,275.996765,0.19518569156767412,0.22
athlete_004,276.996765,0.20910962917761128,0.22
athlete_004,277.996765,0.22303356678754843,0.22
athlete_004,278.996765,0.23695750439748559,0.22
athlete_004,279.996765,0.25088144200742274,0.22
athlete_004,280.996765,0.2648053796173598,0.22
athlete_004,281.996765,0.27872931722729694,0.22
athlete_004,282.996765,0.2926532548372341,0.22
athlete_004,283.996765,0.30657719244717124,0.22
athlete_004,284.996765,0.3205011300571084,0.22
athlete_004,285.996765,0.33442506766704555,0.22
athlete_004,286.996765,0.3483490052769827,0.22
athlete_004,287.996765,0.36227294288691986,0.22
athlete_004,288.996765,0.3761968804968569,0.22
athlete_004,289.996765,0.39012081810679405,0.22
athlete_004,290.996765,0.4040447557167312,0.22
athlete_004,291.996765,0.41796869332666836,0.22
athlete_004,292.996765,0.4318926309366055,0.22
athlete_004,293.996765,0.44581656854654267,0.22
athlete_004,294.996765,0.4597405061564798,0.22
athlete_004,295.996765,0.47366444376641686,0.22
athlete_004,296.996765,0.487588381376354,0.22
athlete_004,297.996765,0.5015123189862911,0.22
athlete_004,298.996765,0.5154362565962283,0.22
athlete_004,299.996765,0.5293601942061654,0.22
athlete_004,300.996765,0.5432841318161026,0.22
athlete_004,301.996765,0.5572080694260397,0.22
athlete_004,302.996765,0.5711320070359769,0.22
athlete_004,303.996765,0.585055944645914,0.22
athlete_004,304.996765,0.5989798822558512,0.22
athlete_004,305.996765,0.6129038198657883,0.22
athlete_004,306.996765,0.6268277574757255,0.22
athlete_004,307.996765,0.64,0.21924830491433736
athlete_004,308.996765,0.64,0.2053243673044002
athlete_004,309.996765,0.64,0.19140042969446305
athlete_004,310.81553,0.64,0.17999999999999997
athlete_004,311.81553,0.7443807225170878,0.18
athlete_004,312.81553,0.8487614450341756,0.18
athlete_004,313.81553,0.92,0.21314216755126336
athlete_004,314.81553,0.92,0.31752289006835116
athlete_004,315.81553,0.92,0.421903612585439
athlete_004,316.81553,0.92,0.5262843351025268
athlete_004,317.81553,0.92,0.6306650576196146
athlete_004,318.81553,0.92,0.7350457801367023
athlete_004,319.81553,0.9005734973462097,0.82
athlete_004,320.81553,0.7961927748291219,0.82
athlete_004,321.81553,0.6918120523120342,0.82
athlete_004,322.81553,0.5874313297949464,0.82
athlete_004,323.81553,0.48305060727785853,0.82
athlete_004,324.81553,0.3786698847607707,0.82
athlete_004,325.81553,0.27428916224368305,0.82
athlete_004,326.81553,0.1699084397265952,0.82
athlete_004,327.81553,0.08,0.8055277172095073
athlete_004,328.81553,0.08,0.7011469946924195
athlete_004,329.81553,0.08,0.5967662721753318
athlete_004,330.81553,0.08,0.49238554965824377
athlete_004,331.81553,0.08,0.3880048271411563
athlete_004,332.81553,0.08,0.2836241046240685
athlete_004,333.81553,0.0807566178930194,0.18
athlete_004,334.81553,0.18513734041010727,0.18
athlete_004,335.81553,0.2895180629271947,0.18
athlete_004,336.81553,0.393898785444283,0.18
athlete_004,337.81553,0.4982795079613704,0.18
athlete_004,338.81553,0.6026602304784586,0.18
athlete_004,339.81553,0.707040952995546,0.18
athlete_004,340.81553,0.8114216755126339,0.18
athlete_004,341.81553,0.9158023980297217,0.18
athlete_004,342.81553,0.92,0.28018312054680933
athlete_004,343.81553,0.92,0.38456384306389674
athlete_004,344.81553,0.92,0.48894456558098504
athlete_004,345.81553,0.92,0.5933252880980724
athlete_004,346.81553,0.92,0.6977060106151607
athlete_004,347.81553,0.92,0.8020867331322481
athlete_004,348.81553,0.8335325443506637,0.82
athlete_004,349.81553,0.7291518218335763,0.82
athlete_004,350.81553,0.6247710993164876,0.82
athlete_004,351.81553,0.5203903767993997,0.82
athlete_004,352.81553,0.41600965428231274,0.82
athlete_004,353.81553,0.3116289317652249,0.82
athlete_004,354.81553,0.20724820924813703,0.82
athlete_004,355.81553,0.10286748673104917,0.82
athlete_004,356.81553,0.08,0.7384867642139611
athlete_004,357.81553,0.08,0.6341060416968732
athlete_004,358.81553,0.08,0.5297253191797854
athlete_004,359.81553,0.08,0.4253445966626975
athlete_004,360.81553,0.08,0.3209638741456105
athlete_004,361.81553,0.08,0.21658315162852182
athlete_004,362.81553,0.14779757088856632,0.18
athlete_004,363.81553,0.2521782934056541,0.18
athlete_004,364.81553,0.35655901592274114,0.18
athlete_004,365.81553,0.460939738439829,0.18
athlete_004,366.81553,0.5653204609569177,0.18
athlete_004,367.81553,0.6697011834740051,0.18
athlete_004,368.81553,0.7740819059910921,0.18
athlete_004,369.81553,0.8784626285081799,0.18
athlete_004,370.81553,0.92,0.2428433510252675
athlete_004,371.81553,0.92,0.34722407354235624
athlete_004,372.81553,0.92,0.4516047960594432
athlete_004,373.81553,0.92,0.555985518576531
athlete_004,374.81553,0.92,0.660366241093619
athlete_004,375.81553,0.92,0.7647469636107067
athlete_004,376.81553,0.870872313872206,0.82
athlete_004,377.81553,0.7664915913551172,0.82
athlete_004,378.81553,0.6621108688380294,0.82
athlete_004,379.81553,0.5577301463209415,0.82
athlete_004,380.81553,0.45334942380385457,0.82
athlete_004,381.81553,0.3489687012867667,0.82
athlete_004,382.81553,0.24458797876967797,0.82
athlete_004,383.81553,0.14020725625259012,0.82
athlete_004,384.81553,0.08,0.7758265337355029
athlete_004,385.81553,0.08,0.6714458112184151
athlete_004,386.81553,0.08,0.5670650887013272
athlete_004,387.81553,0.08,0.46268436618423936
athlete_004,388.81553,0.08,0.3583036436671524
athlete_004,389.81553,0.08,0.25392292115006365
athlete_004,390.81553,0.11045780136702447,0.18
athlete_004,391.81553,0.21483852388411145,0.18
athlete_004,392.631404,0.30000000000000066,0.18
athlete_004,393.631404,0.3,0.18349109191398205
athlete_004,394.631404,0.3,0.18698218382796414
athlete_004,395.631404,0.3,0.19047327574194622
athlete_004,396.631404,0.3,0.19396436765592828
athlete_004,397.631404,0.3,0.19745545956991034
athlete_004,398.631404,0.3,0.20094655148389243
athlete_004,399.631404,0.3,0.2044376433978745
athlete_004,400.631404,0.3,0.20792873531185657
athlete_004,401.631404,0.3,0.21141982722583863
athlete_004,402.631404,0.3,0.21491091913982072
athlete_004,403.631404,0.3,0.2184020110538028
athlete_004,404.631404,0.29810689703221516,0.22
athlete_004,405.631404,0.29461580511823304,0.22
athlete_004,406.631404,0.291124713204251,0.22
athlete_004,407.631404,0.2876336212902689,0.22
athlete_004,408.631404,0.2841425293762868,0.22
athlete_004,409.631404,0.28065143746230475,0.22
athlete_004,410.631404,0.2771603455483227,0.22
athlete_004,411.631404,0.27366925363434064,0.22
athlete_004,412.631404,0.2701781617203586,0.22
athlete_004,413.631404,0.26668706980637646,0.22
athlete_004,414.631404,0.2631959778923944,0.22
athlete_004,415.631404,0.26,0.2202951140215877
athlete_004,416.631404,0.26,0.22378620593556975
athlete_004,417.631404,0.26,0.2272772978495518
athlete_004,418.631404,0.26,0.2307683897635339
athlete_004,419.631404,0.26,0.23425948167751598
athlete_004,420.631404,0.26,0.23775057359149804
athlete_004,421.631404,0.26,0.24124166550548012
athlete_004,422.631404,0.26,0.2447327574194622
athlete_004,423.631404,0.26,0.24822384933344427
athlete_004,424.631404,0.26,0.2517149412474263
athlete_004,425.631404,0.26,0.2552060331614084
athlete_004,426.631404,0.26,0.25869712507539044
athlete_004,427.631404,0.26,0.26218821698937256
athlete_004,428.631404,0.26,0.2656793089033546
athlete_004,429.631404,0.26,0.2691704008173367
athlete_004,430.631404,0.26,0.2726614927313188
athlete_004,431.631404,0.26,0.27615258464530085
athlete_004,432.631404,0.26,0.2796436765592829
athlete_004,433.631404,0.26,0.283134768473265
athlete_004,434.631404,0.26,0.286625860387247
athlete_004,435.631404,0.26,0.29011695230122914
athlete_004,436.631404,0.26,0.2936080442152112
athlete_004,437.631404,0.26,0.29709913612919325
athlete_004,438.631404,0.26,0.30059022804317537
athlete_004,439.631404,0.26,0.3040813199571574
athlete_004,440.631404,0.26,0.3075724118711395
athlete_004,441.631404,0.26,0.3110635037851216
athlete_004,442.631404,0.26,0.3145545956991036
athlete_004,443.631404,0.26,0.3180456876130857
athlete_004,444.631404,0.26,0.3215367795270678
athlete_004,445.631404,0.26,0.32502787144104983
athlete_004,446.631404,0.26,0.32851896335503195
athlete_004,447.631404,0.26,0.332010055269014
athlete_004,448.631404,0.26,0.33550114718299606
athlete_004,449.631404,0.26,0.3389922390969782
athlete_004,449.92007,0.26,0.34
athlete_004,450.92007,0.26,0.34303887638840524
athlete_004,451.92007,0.26,0.3460777527768105
athlete_004,452.92007,0.26,0.34911662916521574
athlete_004,453.92007,0.26,0.35215550555362096
athlete_004,454.92007,0.26,0.35519438194202624
athlete_004,455.92007,0.26,0.35823325833043146
athlete_004,456.92007,0.26,0.3612721347188367
athlete_004,457.92007,0.26,0.36431101110724196
athlete_004,458.92007,0.26,0.3673498874956472
athlete_004,459.92007,0.26,0.3703887638840524
athlete_004,460.92007,0.26,0.3734276402724577
athlete_004,461.92007,0.26,0.3764665166608629
athlete_004,462.92007,0.26,0.3795053930492681
athlete_004,463.92007,0.26,0.3825442694376734
athlete_004,464.92007,0.26,0.3855831458260786
athlete_004,465.92007,0.26,0.38862202221448383
athlete_004,466.92007,0.26,0.3916608986028891
athlete_004,467.92007,0.26,0.3946997749912943
athlete_004,468.92007,0.26,0.39773865137969955
athlete_004,469.92007,0.26,0.4007775277681048
athlete_004,470.92007,0.26,0.40381640415651004
athlete_004,471.92007,0.26,0.40685528054491527
athlete_004,472.92007,0.26,0.40989415693332054
athlete_004,473.92007,0.26,0.41293303332172576
athlete_004,474.92007,0.26,0.415971909710131
athlete_004,475.92007,0.26,0.41901078609853626
athlete_004,476.92007,0.26,0.4220496624869415
athlete_004,477.92007,0.26,0.4250885388753467
athlete_004,478.92007,0.26,0.428127415263752
athlete_004,479.92007,0.26,0.4311662916521572
athlete_004,480.92007,0.26,0.4342051680405624
athlete_004,481.92007,0.26,0.4372440444289677
athlete_004,482.92007,0.26,0.4402829208173729
athlete_004,483.92007,0.26,0.44332179720577813
athlete_004,484.92007,0.26,0.4463606735941834
athlete_004,485.92007,0.26,0.44939954998258863
athlete_004,486.92007,0.26,0.45243842637099385
athlete_004,487.92007,0.26,0.4554773027593991
athlete_004,488.92007,0.26,0.45851617914780435
athlete_004,489.92007,0.26,0.46155505553620957
athlete_004,490.92007,0.26,0.46459393192461484
athlete_004,491.92007,0.26,0.46763280831302007
athlete_004,492.92007,0.26,0.4706716847014253
athlete_004,493.92007,0.26,0.47371056108983056
athlete_004,494.92007,0.26,0.4767494374782358
athlete_004,495.92007,0.26,0.479788313866641
athlete_004,496.92007,0.26,0.4828271902550463
athlete_004,497.92007,0.26,0.4858660666434515
athlete_004,498.92007,0.26,0.4889049430318567
athlete_004,499.92007,0.26,0.491943819420262
athlete_004,500.92007,0.26,0.49498269580866716
athlete_004,501.92007,0.26,0.49802157219707244
athlete_004,502.92007,0.26,0.5010604485854777
athlete_004,503.92007,0.26,0.504099324973883
athlete_004,504.92007,0.26,0.5071382013622882
athlete_004,505.92007,0.26,0.5101770777506934
athlete_004,506.92007,0.26,0.5132159541390986
athlete_004,507.92007,0.26,0.5162548305275039
athlete_004,508.92007,0.26,0.5192937069159091
athlete_004,509.92007,0.26,0.5223325833043143
athlete_004,510.92007,0.26,0.5253714596927196
athlete_004,511.92007,0.26,0.5284103360811249
athlete_004,512.92007,0.26,0.53144921246953
athlete_004,513.92007,0.26,0.5344880888579353
athlete_004,514.92007,0.26,0.5375269652463406
athlete_004,515.92007,0.26,0.5405658416347459
athlete_004,516.92007,0.26,0.543604718023151
athlete_004,517.92007,0.26,0.5466435944115563
athlete_004,518.92007,0.26,0.5496824707999615
athlete_004,519.92007,0.26,0.5527213471883667
athlete_004,520.92007,0.26,0.555760223576772
athlete_004,521.92007,0.26,0.5587990999651772
athlete_004,522.92007,0.26,0.5618379763535825
athlete_004,523.92007,0.26,0.5648768527419877
athlete_004,524.92007,0.26,0.5679157291303929
athlete_004,525.92007,0.26,0.5709546055187982
athlete_004,526.92007,0.26,0.5739934819072035
athlete_004,527.92007,0.26,0.5770323582956087
athlete_004,528.92007,0.26,0.5800712346840139
athlete_004,529.92007,0.26,0.5831101110724192
athlete_004,530.92007,0.26,0.5861489874608243
athlete_004,531.92007,0.26,0.5891878638492296
athlete_004,532.92007,0.26,0.5922267402376349
athlete_004,533.92007,0.26,0.5952656166260402
athlete_004,534.92007,0.26,0.5983044930144453
athlete_004,535.92007,0.26,0.6013433694028506
athlete_004,536.92007,0.26,0.6043822457912558
athlete_004,537.92007,0.26,0.607421122179661
athlete_004,538.92007,0.26,0.6104599985680663
athlete_004,539.92007,0.26,0.6134988749564716
athlete_004,540.92007,0.26,0.6165377513448768
athlete_004,541.92007,0.26,0.6195766277332819
athlete_004,542.92007,0.26,0.6226155041216872
athlete_004,543.92007,0.26,0.6256543805100925
athlete_004,544.92007,0.26,0.6286932568984978
athlete_004,545.92007,0.26,0.631732133286903
athlete_004,546.92007,0.26,0.6347710096753082
athlete_004,547.92007,0.26,0.6378098860637134
athlete_004,548.92007,0.26,0.6408487624521186
athlete_004,549.92007,0.26,0.6438876388405239
athlete_004,550.92007,0.26,0.6469265152289292
athlete_004,551.92007,0.26,0.6499653916173344
athlete_004,552.92007,0.26,0.6530042680057396
athlete_004,553.92007,0.26,0.6560431443941449
athlete_004,554.92007,0.26,0.6590820207825501
athlete_004,555.92007,0.26,0.6621208971709553
athlete_004,556.92007,0.26,0.6651597735593606
athlete_004,557.92007,0.26,0.6681986499477659
athlete_004,558.92007,0.26,0.6712375263361711
athlete_004,559.92007,0.26,0.6742764027245762
athlete_004,560.92007,0.26,0.6773152791129815
athlete_004,561.92007,0.26,0.6803541555013868
athlete_004,562.92007,0.26,0.6833930318897921
athlete_004,563.92007,0.26,0.6864319082781973
athlete_004,564.92007,0.26,0.6894707846666025
athlete_004,565.92007,0.26,0.6925096610550077
athlete_004,566.92007,0.26,0.6955485374434129
athlete_004,567.92007,0.26,0.6985874138318182
athlete_004,568.92007,0.26,0.7016262902202235
athlete_004,569.92007,0.26,0.7046651666086287
athlete_004,570.92007,0.26,0.7077040429970339
athlete_004,571.92007,0.26,0.7107429193854392
athlete_004,572.92007,0.26,0.7137817957738444
athlete_004,573.92007,0.26,0.7168206721622497
athlete_004,574.92007,0.26,0.7198595485506549
athlete_004,574.966288,0.26,0.72
athlete_004,575.966288,0.26,0.708719962667732
athlete_004,576.966288,0.26,0.6974399253354638
athlete_004,577.966288,0.26,0.6861598880031958
athlete_004,578.966288,0.26,0.6748798506709277
athlete_004,579.966288,0.26,0.6635998133386597
athlete_004,580.966288,0.26,0.6523197760063917
athlete_004,581.966288,0.26,0.6410397386741236
athlete_004,582.966288,0.26,0.6297597013418554
athlete_004,583.966288,0.26,0.6184796640095874
athlete_004,584.966288,0.26,0.6071996266773194
athlete_004,585.966288,0.26,0.5959195893450513
athlete_004,586.966288,0.26,0.5846395520127833
athlete_004,587.966288,0.26,0.5733595146805152
athlete_004,588.966288,0.26,0.5620794773482471
athlete_004,589.966288,0.26,0.550799440015979
athlete_004,590.966288,0.26,0.539519402683711
athlete_004,591.966288,0.26,0.528239365351443
athlete_004,592.966288,0.26,0.5169593280191749
athlete_004,593.966288,0.26,0.5056792906869069
athlete_004,594.966288,0.26,0.49439925335463875
athlete_004,595.966288,0.26,0.48311921602237073
athlete_004,596.966288,0.26,0.47183917869010267
athlete_004,597.966288,0.26,0.4605591413578346
athlete_004,598.966288,0.26,0.4492791040255666
athlete_004,599.966288,0.26,0.43799906669329847
athlete_004,600.966288,0.26,0.4267190293610304
athlete_004,601.966288,0.26,0.4154389920287624
athlete_004,602.966288,0.26,0.4041589546964943
athlete_004,603.966288,0.26,0.39287891736422625
athlete_004,604.966288,0.26,0.3815988800319582
athlete_004,605.966288,0.26,0.3703188426996902
athlete_004,606.966288,0.26,0.35903880536742205
athlete_004,607.966288,0.26,0.347758768035154
athlete_004,608.966288,0.26,0.336478730702886
athlete_004,609.966288,0.26,0.3251986933706179
athlete_004,610.966288,0.26,0.31391865603834984
athlete_004,611.966288,0.26,0.3026386187060818
athlete_004,612.966288,0.26,0.29135858137381376
athlete_004,613.966288,0.26,0.28007854404154564
athlete_004,614.966288,0.26,0.2687985067092776
athlete_004,615.966288,0.26,0.25751846937700956
athlete_004,616.966288,0.26,0.2462384320447415
athlete_004,617.966288,0.26,0.23495839471247343
athlete_004,618.966288,0.26,0.22367835738020536
athlete_004,619.966288,0.26760167995206263,0.22
athlete_004,620.966288,0.27888171728433075,0.22
athlete_004,621.966288,0.29016175461659877,0.22
athlete_004,622.966288,0.3014417919488668,0.22
athlete_004,623.966288,0.312721829281135,0.22
athlete_004,624.966288,0.324001866613403,0.22
athlete_004,625.966288,0.33528190394567103,0.22
athlete_004,626.966288,0.34656194127793916,0.22
athlete_004,627.966288,0.35784197861020717,0.22
athlete_004,628.966288,0.3691220159424752,0.22
athlete_004,629.966288,0.3804020532747433,0.22
athlete_004,630.966288,0.3916820906070113,0.22
athlete_004,631.966288,0.4029621279392793,0.22
athlete_004,632.966288,0.41424216527154745,0.22
athlete_004,633.966288,0.42552220260381546,0.22
athlete_004,634.966288,0.4368022399360836,0.22
athlete_004,635.966288,0.4480822772683516,0.22
athlete_004,636.966288,0.4593623146006196,0.22
athlete_004,637.966288,0.47064235193288784,0.22
athlete_004,638.966288,0.48192238926515585,0.22
athlete_004,639.966288,0.49320242659742386,0.22
athlete_004,640.966288,0.504482463929692,0.22
athlete_004,641.966288,0.51576250126196,0.22
athlete_004,642.966288,0.527042538594228,0.22
athlete_004,643.966288,0.5383225759264961,0.22
athlete_004,644.966288,0.5496026132587641,0.22
athlete_004,645.966288,0.5608826505910322,0.22
athlete_004,646.966288,0.5721626879233003,0.22
athlete_004,647.966288,0.5834427252555683,0.22
athlete_004,648.966288,0.5947227625878364,0.22
athlete_004,649.966288,0.6060027999201044,0.22
athlete_004,650.966288,0.6172828372523724,0.22
athlete_004,651.966288,0.6285628745846407,0.22
athlete_004,652.966288,0.6398429119169087,0.22
athlete_004,653.966288,0.64,0.20887705075082333
athlete_004,654.966288,0.64,0.1975970134185552
athlete_004,655.966288,0.64,0.1863169760862872
athlete_004,656.526302,0.64,0.17999999999999997
athlete_004,657.526302,0.7286718088085589,0.18
athlete_004,658.526302,0.8173436176171178,0.18
athlete_004,659.526302,0.9060154264256767,0.18
athlete_004,660.526302,0.92,0.25468723523423553
athlete_004,661.526302,0.92,0.34335904404279444
athlete_004,662.526302,0.92,0.4320308528513533
athlete_004,663.526302,0.92,0.5207026616599122
athlete_004,664.526302,0.92,0.6093744704684712
athlete_004,665.526302,0.92,0.6980462792770299
athlete_004,666.526302,0.92,0.7867180880855889
athlete_004,667.526302,0.8646101031058522,0.82
athlete_004,668.526302,0.7759382942972933,0.82
athlete_004,669.526302,0.6872664854887346,0.82
athlete_004,670.526302,0.5985946766801756,0.82
athlete_004,671.526302,0.5099228678716167,0.82
athlete_004,672.526302,0.42125105906305776,0.82
athlete_004,673.526302,0.33257925025449897,0.82
athlete_004,674.526302,0.24390744144594,0.82
athlete_004,675.526302,0.15523563263738105,0.82
athlete_004,676.526302,0.08,0.8065638238288221
athlete_004,677.526302,0.08,0.7178920150202633
athlete_004,678.526302,0.08,0.6292202062117044
athlete_004,679.526302,0.08,0.5405483974031456
athlete_004,680.526302,0.08,0.4518765885945867
athlete_004,681.526302,0.08,0.36320477978602767
athlete_004,682.526302,0.08,0.2745329709774692
athlete_004,683.526302,0.08,0.1858611621689098
athlete_004,684.526302,0.16281064663964878,0.18
athlete_004,685.526302,0.2514824554482082,0.18
athlete_004,686.526302,0.3401542642567667,0.18
athlete_004,687.526302,0.42882607306532566,0.18
athlete_004,688.526302,0.5174978818738846,0.18
athlete_004,689.526302,0.6061696906824435,0.18
athlete_004,690.526302,0.694841499491002,0.18
athlete_004,691.526302,0.7835133082995615,0.18
athlete_004,692.526302,0.87218511710812,0.18
athlete_004,693.526302,0.92,0.22085692591667866
athlete_004,694.526302,0.92,0.3095287347252376
athlete_004,695.526302,0.92,0.39820054353379614
athlete_004,696.526302,0.92,0.48687235234235554
athlete_004,697.526302,0.92,0.575544161150914
athlete_004,698.526302,0.92,0.664215969959473
athlete_004,699.526302,0.92,0.7528877787680319
athlete_004,700.526302,0.8984404124234088,0.82
athlete_004,701.526302,0.8097686036148503,0.82
athlete_004,702.526302,0.7210967948062913,0.82
athlete_004,703.526302,0.6324249859977319,0.82
athlete_004,704.526302,0.5437531771891734,0.82
athlete_004,705.526302,0.4550813683806139,0.82
athlete_004,706.526302,0.36640955957205545,0.82
athlete_004,707.526302,0.27773775076349694,0.82
athlete_004,708.526302,0.18906594195493842,0.82
athlete_004,709.526302,0.10039413314637813,0.82
athlete_004,710.526302,0.08,0.7517223243378194
athlete_004,711.526302,0.08,0.6630505155292609
athlete_004,712.526302,0.08,0.5743787067207023
athlete_004,713.526302,0.08,0.48570689791214383
athlete_004,714.526302,0.08,0.39703508910358354
athlete_004,715.526302,0.08,0.308363280295025
athlete_004,716.526302,0.08,0.2196914714864665
athlete_004,717.526302,0.1289803373220923,0.18
athlete_004,718.526302,0.2176521461306517,0.18
athlete_004,719.526302,0.3063239549392102,0.18
athlete_004,720.526302,0.3949957637477696,0.18
athlete_004,721.526302,0.48366757255632814,0.18
athlete_004,722.526302,0.5723393813648875,0.18
athlete_004,723.526302,0.6610111901734456,0.18
athlete_004,724.526302,0.7496829989820041,0.18
athlete_004,725.526302,0.8383548077905635,0.18
athlete_004,726.526302,0.92,0.18702661659912262
athlete_004,727.526302,0.92,0.27569842540768114
athlete_004,728.526302,0.92,0.36437023421623965
athlete_004,729.526302,0.92,0.45304204302479817
athlete_004,730.526302,0.92,0.5417138518333575
athlete_004,731.526302,0.92,0.6303856606419169
athlete_004,732.526302,0.92,0.7190574694504754
athlete_004,733.526302,0.92,0.807729278259034
athlete_004,734.526302,0.8435989129324072,0.82
athlete_004,735.526302,0.7549271041238478,0.82
athlete_004,736.526302,0.6662552953152884,0.82
athlete_004,737.526302,0.5775834865067299,0.82
athlete_004,738.526302,0.48891167769817134,0.82
athlete_004,739.526302,0.40023986888961194,0.82
athlete_004,740.526302,0.3115680600810534,0.82
athlete_004,741.526302,0.22289625127249402,0.82
athlete_004,742.526302,0.1342244424639355,0.82
athlete_004,743.526302,0.08,0.7855526336553759
athlete_004,744.526302,0.08,0.6968808248468173
athlete_004,745.526302,0.08,0.6082090160382588
athlete_004,746.526302,0.08,0.5195372072297003
athlete_004,747.526302,0.08,0.43086539842114
athlete_004,748.526302,0.08,0.3421935896125824
athlete_004,749.526302,0.08,0.253521780804023
athlete_004,750.526302,0.0951500280045358,0.18
athlete_004,751.526302,0.18382183681309344,0.18
athlete_004,752.526302,0.27249364562165285,0.18
athlete_004,752.836506,0.30000000000000066,0.18
athlete_004,753.836506,0.3,0.18215753852136757
athlete_004,754.836506,0.3,0.18431507704273514
athlete_004,755.836506,0.3,0.1864726155641027
athlete_004,756.836506,0.3,0.18863015408547026
athlete_004,757.836506,0.3,0.19078769260683784
athlete_004,758.836506,0.3,0.1929452311282054
athlete_004,759.836506,0.3,0.19510276964957296
athlete_004,760.836506,0.3,0.19726030817094053
athlete_004,761.836506,0.3,0.1994178466923081
athlete_004,762.836506,0.3,0.20157538521367568
athlete_004,763.836506,0.3,0.20373292373504326
athlete_004,764.836506,0.3,0.20589046225641083
athlete_004,765.836506,0.3,0.20804800077777838
athlete_004,766.836506,0.3,0.21020553929914595
athlete_004,767.836506,0.3,0.21236307782051353
athlete_004,768.836506,0.3,0.21452061634188108
athlete_004,769.836506,0.3,0.21667815486324865
athlete_004,770.836506,0.3,0.21883569338461623
athlete_004,771.836506,0.3009932319059838,0.22
athlete_004,772.836506,0.30315077042735133,0.22
athlete_004,773.836506,0.3053083089487189,0.22
athlete_004,774.836506,0.3074658474700865,0.22
athlete_004,775.836506,0.30962338599145406,0.22
athlete_004,776.836506,0.31178092451282163,0.22
athlete_004,777.836506,0.3139384630341892,0.22
athlete_004,778.836506,0.3160960015555568,0.22
athlete_004,779.836506,0.3182535400769243,0.22
athlete_004,780.836506,0.3204110785982919,0.22
athlete_004,781.836506,0.32256861711965945,0.22
athlete_004,782.836506,0.324726155641027,0.22
athlete_004,783.836506,0.3268836941623946,0.22
athlete_004,784.836506,0.3290412326837622,0.22
athlete_004,785.836506,0.33119877120512975,0.22
athlete_004,786.836506,0.3333563097264973,0.22
athlete_004,787.836506,0.3355138482478649,0.22
athlete_004,788.836506,0.3376713867692325,0.22
athlete_004,789.836506,0.33982892529060005,0.22
athlete_004,790.836506,0.33999999999999997,0.22198646381196763
athlete_004,791.836506,0.33999999999999997,0.2241440023333352
athlete_004,792.836506,0.33999999999999997,0.22630154085470278
athlete_004,793.836506,0.33999999999999997,0.22845907937607032
athlete_004,794.836506,0.33999999999999997,0.2306166178974379
athlete_004,795.836506,0.33999999999999997,0.23277415641880544
athlete_004,796.836506,0.33999999999999997,0.23493169494017302
athlete_004,797.836506,0.33999999999999997,0.2370892334615406
athlete_004,798.836506,0.33999999999999997,0.23924677198290817
athlete_004,799.836506,0.33999999999999997,0.24140431050427574
athlete_004,800.836506,0.33999999999999997,0.24356184902564332
athlete_004,801.836506,0.33999999999999997,0.2457193875470109
athlete_004,802.836506,0.33999999999999997,0.24787692606837844
athlete_004,803.836506,0.33999999999999997,0.250034464589746
athlete_004,804.836506,0.33999999999999997,0.25219200311111356
athlete_004,805.836506,0.33999999999999997,0.25434954163248114
athlete_004,806.836506,0.33999999999999997,0.2565070801538487
athlete_004,807.836506,0.33999999999999997,0.2586646186752163
athlete_004,808.836506,0.33999999999999997,0.26082215719658386
athlete_004,809.836506,0.33999999999999997,0.26297969571795143
athlete_004,810.836506,0.33999999999999997,0.265137234239319
athlete_004,811.836506,0.33999999999999997,0.2672947727606866
athlete_004,812.836506,0.33999999999999997,0.26945231128205416
athlete_004,813.836506,0.33999999999999997,0.27160984980342173
athlete_004,814.836506,0.33999999999999997,0.2737673883247893
athlete_004,815.836506,0.33999999999999997,0.2759249268461569
athlete_004,816.836506,0.33999999999999997,0.2780824653675244
athlete_004,817.836506,0.33999999999999997,0.280240003888892
athlete_004,818.836506,0.33999999999999997,0.28239754241025955
athlete_004,819.836506,0.33999999999999997,0.2845550809316271
athlete_004,820.836506,0.33999999999999997,0.28671261945299464
athlete_004,821.836506,0.33999999999999997,0.2888701579743622
athlete_004,822.836506,0.33999999999999997,0.2910276964957298
athlete_004,823.836506,0.33999999999999997,0.29318523501709737
athlete_004,824.836506,0.33999999999999997,0.29534277353846494
athlete_004,825.836506,0.33999999999999997,0.2975003120598325
athlete_004,826.836506,0.33999999999999997,0.2996578505812001
athlete_004,827.836506,0.33999999999999997,0.30181538910256767
athlete_004,828.836506,0.33999999999999997,0.30397292762393524
athlete_004,829.836506,0.33999999999999997,0.3061304661453028
athlete_004,830.836506,0.33999999999999997,0.3082880046666704
athlete_004,831.836506,0.33999999999999997,0.31044554318803796
athlete_004,832.836506,0.33999999999999997,0.31260308170940554
athlete_004,833.836506,0.33999999999999997,0.3147606202307731
athlete_004,834.836506,0.33999999999999997,0.31691815875214063
athlete_004,835.836506,0.33999999999999997,0.3190756972735082
athlete_004,836.836506,0.33999999999999997,0.3212332357948758
athlete_004,837.836506,0.33999999999999997,0.32339077431624336
athlete_004,838.836506,0.33999999999999997,0.3255483128376109
athlete_004,839.836506,0.33999999999999997,0.32770585135897845
athlete_004,840.836506,0.33999999999999997,0.329863389880346
athlete_004,841.836506,0.33999999999999997,0.3320209284017136
athlete_004,842.836506,0.33999999999999997,0.3341784669230812
athlete_004,843.836506,0.33999999999999997,0.33633600544444875
athlete_004,844.836506,0.33999999999999997,0.3384935439658163
athlete_004,845.534735,0.33999999999999997,0.34
athlete_004,846.534735,0.33999999999999997,0.3435838098008585
athlete_004,847.534735,0.33999999999999997,0.347167619601717
athlete_004,848.534735,0.33999999999999997,0.3507514294025755
athlete_004,849.534735,0.33999999999999997,0.35433523920343396
athlete_004,850.534735,0.33999999999999997,0.35791904900429244
athlete_004,851.534735,0.33999999999999997,0.36150285880515093
athlete_004,852.534735,0.33999999999999997,0.3650866686060094
athlete_004,853.534735,0.33999999999999997,0.36867047840686784
athlete_004,854.534735,0.33999999999999997,0.3722542882077263
athlete_004,855.534735,0.33999999999999997,0.3758380980085848
athlete_004,856.534735,0.33999999999999997,0.3794219078094433
athlete_004,857.534735,0.33999999999999997,0.3830057176103018
athlete_004,858.534735,0.33999999999999997,0.38658952741116026
athlete_004,859.534735,0.33999999999999997,0.39017333721201874
athlete_004,860.534735,0.33999999999999997,0.39375714701287723
athlete_004,861.534735,0.33999999999999997,0.3973409568137357
athlete_004,862.534735,0.33999999999999997,0.4009247666145942
athlete_004,863.534735,0.33999999999999997,0.4045085764154527
athlete_004,864.534735,0.33999999999999997,0.40809238621631116
athlete_004,865.534735,0.33999999999999997,0.41167619601716965
athlete_004,866.534735,0.33999999999999997,0.41526000581802813
athlete_004,867.534735,0.33999999999999997,0.4188438156188866
athlete_004,868.534735,0.33999999999999997,0.4224276254197451
athlete_004,869.534735,0.33999999999999997,0.4260114352206036
athlete_004,870.534735,0.33999999999999997,0.429595245021462
athlete_004,871.534735,0.33999999999999997,0.4331790548223205
athlete_004,872.534735,0.33999999999999997,0.436762864623179
athlete_004,873.534735,0.33999999999999997,0.44034667442403747
athlete_004,874.534735,0.33999999999999997,0.44393048422489595
athlete_004,875.534735,0.33999999999999997,0.44751429402575443
athlete_004,876.534735,0.33999999999999997,0.4510981038266129
athlete_004,877.534735,0.33999999999999997,0.4546819136274714
athlete_004,878.534735,0.33999999999999997,0.4582657234283299
athlete_004,879.534735,0.33999999999999997,0.46184953322918837
athlete_004,880.534735,0.33999999999999997,0.46543334303004685
athlete_004,881.534735,0.33999999999999997,0.4690171528309053
athlete_004,882.534735,0.33999999999999997,0.47260096263176377
athlete_004,883.534735,0.33999999999999997,0.47618477243262225
athlete_004,884.534735,0.33999999999999997,0.47976858223348073
athlete_004,885.534735,0.33999999999999997,0.4833523920343392
athlete_004,886.534735,0.33999999999999997,0.4869362018351977
athlete_004,887.534735,0.33999999999999997,0.4905200116360562
athlete_004,888.534735,0.33999999999999997,0.49410382143691467
athlete_004,889.534735,0.33999999999999997,0.49768763123777315
athlete_004,890.534735,0.33999999999999997,0.5012714410386316
athlete_004,891.534735,0.33999999999999997,0.5048552508394901
athlete_004,892.534735,0.33999999999999997,0.5084390606403486
athlete_004,893.534735,0.33999999999999997,0.5120228704412071
athlete_004,894.534735,0.33999999999999997,0.5156066802420656
athlete_004,895.534735,0.33999999999999997,0.5191904900429241
athlete_004,896.534735,0.33999999999999997,0.5227742998437825
athlete_004,897.534735,0.33999999999999997,0.526358109644641
athlete_004,898.534735,0.33999999999999997,0.5299419194454995
athlete_004,899.534735,0.33999999999999997,0.533525729246358
athlete_004,900.534735,0.33999999999999997,0.5371095390472165
athlete_004,901.534735,0.33999999999999997,0.540693348848075
athlete_004,902.534735,0.33999999999999997,0.5442771586489334
athlete_004,903.534735,0.33999999999999997,0.5478609684497919
athlete_004,904.534735,0.33999999999999997,0.5514447782506504
athlete_004,905.534735,0.33999999999999997,0.5550285880515089
athlete_004,906.534735,0.33999999999999997,0.5586123978523674
athlete_004,907.534735,0.33999999999999997,0.5621962076532259
athlete_004,908.534735,0.33999999999999997,0.5657800174540843
athlete_004,909.534735,0.33999999999999997,0.5693638272549428
athlete_004,910.534735,0.33999999999999997,0.5729476370558012
athlete_004,911.534735,0.33999999999999997,0.5765314468566597
athlete_004,912.534735,0.33999999999999997,0.5801152566575182
athlete_004,913.534735,0.33999999999999997,0.5836990664583767
athlete_004,914.534735,0.33999999999999997,0.5872828762592353
athlete_004,915.534735,0.33999999999999997,0.5908666860600937
athlete_004,916.534735,0.33999999999999997,0.5944504958609521
athlete_004,917.534735,0.33999999999999997,0.5980343056618106
athlete_004,918.534735,0.33999999999999997,0.6016181154626691
athlete_004,919.534735,0.33999999999999997,0.6052019252635276
athlete_004,920.534735,0.33999999999999997,0.608785735064386
athlete_004,921.534735,0.33999999999999997,0.6123695448652445
athlete_004,922.534735,0.33999999999999997,0.615953354666103
athlete_004,923.534735,0.33999999999999997,0.6195371644669615
athlete_004,924.534735,0.33999999999999997,0.62312097426782
athlete_004,925.534735,0.33999999999999997,0.6267047840686785
athlete_004,926.534735,0.33999999999999997,0.630288593869537
athlete_004,927.534735,0.33999999999999997,0.6338724036703953
athlete_004,928.534735,0.33999999999999997,0.6374562134712539
athlete_004,929.534735,0.33999999999999997,0.6410400232721124
athlete_004,930.534735,0.33999999999999997,0.6446238330729709
athlete_004,931.534735,0.33999999999999997,0.6482076428738294
athlete_004,932.534735,0.33999999999999997,0.6517914526746879
athlete_004,933.534735,0.33999999999999997,0.6553752624755462
athlete_004,934.534735,0.33999999999999997,0.6589590722764047
athlete_004,935.534735,0.33999999999999997,0.6625428820772632
athlete_004,936.534735,0.33999999999999997,0.6661266918781217
athlete_004,937.534735,0.33999999999999997,0.6697105016789802
athlete_004,938.534735,0.33999999999999997,0.6732943114798386
athlete_004,939.534735,0.33999999999999997,0.6768781212806971
athlete_004,940.534735,0.33999999999999997,0.6804619310815556
athlete_004,941.534735,0.33999999999999997,0.6840457408824141
athlete_004,942.534735,0.33999999999999997,0.6876295506832726
athlete_004,943.534735,0.33999999999999997,0.6912133604841311
athlete_004,944.534735,0.33999999999999997,0.6947971702849896
athlete_004,945.534735,0.33999999999999997,0.698380980085848
athlete_004,946.534735,0.33999999999999997,0.7019647898867065
athlete_004,947.534735,0.33999999999999997,0.705548599687565
athlete_004,948.534735,0.33999999999999997,0.7091324094884235
athlete_004,949.534735,0.33999999999999997,0.712716219289282
athlete_004,950.534735,0.33999999999999997,0.7163000290901405
athlete_004,951.534735,0.33999999999999997,0.7198838388909989
athlete_004,951.567148,0.33999999999999997,0.72
athlete_004,952.567148,0.33999999999999997,0.7100002984487194
athlete_004,953.567148,0.33999999999999997,0.7000005968974389
athlete_004,954.567148,0.33999999999999997,0.6900008953461583
athlete_004,955.567148,0.33999999999999997,0.6800011937948777
athlete_004,956.567148,0.33999999999999997,0.6700014922435971
athlete_004,957.567148,0.33999999999999997,0.6600017906923166
athlete_004,958.567148,0.33999999999999997,0.650002089141036
athlete_004,959.567148,0.33999999999999997,0.6400023875897554
athlete_004,960.567148,0.33999999999999997,0.6300026860384749
athlete_004,961.567148,0.33999999999999997,0.6200029844871943
athlete_004,962.567148,0.33999999999999997,0.6100032829359137
athlete_004,963.567148,0.33999999999999997,0.6000035813846332
athlete_004,964.567148,0.33999999999999997,0.5900038798333526
athlete_004,965.567148,0.33999999999999997,0.580004178282072
athlete_004,966.567148,0.33999999999999997,0.5700044767307915
athlete_004,967.567148,0.33999999999999997,0.5600047751795109
athlete_004,968.567148,0.33999999999999997,0.5500050736282303
athlete_004,969.567148,0.33999999999999997,0.5400053720769498
athlete_004,970.567148,0.33999999999999997,0.5300056705256692
athlete_004,971.567148,0.33999999999999997,0.5200059689743886
athlete_004,972.567148,0.33999999999999997,0.510006267423108
athlete_004,973.567148,0.33999999999999997,0.5000065658718275
athlete_004,974.567148,0.33999999999999997,0.49000686432054685
athlete_004,975.567148,0.33999999999999997,0.48000716276926625
athlete_004,976.567148,0.33999999999999997,0.47000746121798576
athlete_004,977.567148,0.33999999999999997,0.46000775966670515
athlete_004,978.567148,0.33999999999999997,0.4500080581154246
athlete_004,979.567148,0.33999999999999997,0.440008356564144
athlete_004,980.567148,0.33999999999999997,0.43000865501286345
athlete_004,981.567148,0.33999999999999997,0.42000895346158285
athlete_004,982.567148,0.33999999999999997,0.4100092519103023
athlete_004,983.567148,0.33999999999999997,0.4000095503590217
athlete_004,984.567148,0.33999999999999997,0.39000984880774114
athlete_004,985.567148,0.33999999999999997,0.38001014725646054
athlete_004,986.567148,0.33999999999999997,0.37001044570518005
athlete_004,987.567148,0.33999999999999997,0.36001074415389944
athlete_004,988.567148,0.33999999999999997,0.3500110426026189
athlete_004,989.567148,0.33999999999999997,0.3400113410513383
athlete_004,990.567148,0.33999999999999997,0.33001163950005774
athlete_004,991.567148,0.33999999999999997,0.32001193794877714
athlete_004,992.567148,0.33999999999999997,0.3100122363974966
athlete_004,993.567148,0.33999999999999997,0.300012534846216
athlete_004,994.567148,0.33999999999999997,0.29001283329493543
athlete_004,995.567148,0.33999999999999997,0.2800131317436549
athlete_004,996.567148,0.33999999999999997,0.27001343019237434
athlete_004,997.567148,0.33999999999999997,0.2600137286410938
athlete_004,998.567148,0.33999999999999997,0.25001402708981313
athlete_004,999.567148,0.33999999999999997,0.24001432553853258
athlete_004,1000.567148,0.33999999999999997,0.23001462398725203
athlete_004,1001.567148,0.33999999999999997,0.22001492243597148
athlete_004,1002.567148,0.3499847791153091,0.22
athlete_004,1003.567148,0.3599844806665896,0.22
athlete_004,1004.567148,0.3699841822178702,0.22
athlete_004,1005.567148,0.3799838837691507,0.22
athlete_004,1006.567148,0.3899835853204314,0.22
athlete_004,1007.567148,0.3999832868717119,0.22
athlete_004,1008.567148,0.4099829884229925,0.22
athlete_004,1009.567148,0.419982689974273,0.22
athlete_004,1010.567148,0.4299823915255536,0.22
athlete_004,1011.567148,0.4399820930768342,0.22
athlete_004,1012.567148,0.4499817946281147,0.22
athlete_004,1013.567148,0.4599814961793953,0.22
athlete_004,1014.567148,0.4699811977306759,0.22
athlete_004,1015.567148,0.47998089928195653,0.22
athlete_004,1016.567148,0.489980600833237,0.22
athlete_004,1017.567148,0.4999803023845176,0.22
athlete_004,1018.567148,0.5099800039357982,0.22
athlete_004,1019.567148,0.5199797054870788,0.22
athlete_004,1020.567148,0.5299794070383593,0.22
athlete_004,1021.567148,0.5399791085896398,0.22
athlete_004,1022.567148,0.5499788101409205,0.22
athlete_004,1023.567148,0.559978511692201,0.22
athlete_004,1024.567148,0.5699782132434816,0.22
athlete_004,1025.567148,0.5799779147947621,0.22
athlete_004,1026.567148,0.5899776163460428,0.22
athlete_004,1027.567148,0.5999773178973233,0.22
athlete_004,1028.567148,0.6099770194486039,0.22
athlete_004,1029.567148,0.6199767209998844,0.22
athlete_004,1030.567148,0.629976422551165,0.22
athlete_004,1031.567148,0.6399761241024456,0.22
athlete_004,1032.567148,0.64,0.21002417434627388
athlete_004,1033.567148,0.64,0.20002447279499327
athlete_004,1034.567148,0.64,0.19002477124371267
athlete_004,1035.567148,0.64,0.18002506969243207
athlete_004,1035.569655,0.64,0.17999999999999997
athlete_004,1036.569655,0.7813969259940601,0.18
athlete_004,1037.569655,0.92,0.1827938519881202
athlete_004,1038.569655,0.92,0.3241907779821804
athlete_004,1039.569655,0.92,0.46558770397624044
athlete_004,1040.569655,0.92,0.6069846299703006
athlete_004,1041.569655,0.92,0.7483815559643607
athlete_004,1042.569655,0.8502215180415792,0.82
athlete_004,1043.569655,0.708824592047519,0.82
athlete_004,1044.569655,0.5674276660534588,0.82
athlete_004,1045.569655,0.42603074005939867,0.82
athlete_004,1046.569655,0.2846338140653385,0.82
athlete_004,1047.569655,0.14323688807127832,0.82
athlete_004,1048.569655,0.08,0.7418399620772184
athlete_004,1049.569655,0.08,0.6004430360831584
athlete_004,1050.569655,0.08,0.45904611008909807
athlete_004,1051.569655,0.08,0.31764918409503806
athlete_004,1052.569655,0.08374774189902238,0.18
athlete_004,1053.569655,0.22514466789308235,0.18
athlete_004,1054.569655,0.3665415938871423,0.18
athlete_004,1055.569655,0.5079385198812026,0.18
athlete_004,1056.569655,0.6493354458752626,0.18
athlete_004,1057.569655,0.790732371869323,0.18
athlete_004,1058.569655,0.92,0.19212929786338268
athlete_004,1059.569655,0.92,0.33352622385744307
athlete_004,1060.569655,0.92,0.474923149851503
athlete_004,1061.569655,0.92,0.6163200758455629
athlete_004,1062.569655,0.92,0.7577170018396229
athlete_004,1063.569655,0.8408860721663168,0.82
athlete_004,1064.569655,0.6994891461722564,0.82
athlete_004,1065.569655,0.558092220178196,0.82
athlete_004,1066.569655,0.41669529418413653,0.82
athlete_004,1067.569655,0.27529836819007614,0.82
athlete_004,1068.569655,0.13390144219601574,0.82
athlete_004,1069.569655,0.08,0.7325045162019551
athlete_004,1070.569655,0.08,0.5911075902078956
athlete_004,1071.569655,0.08,0.4497106642138352
athlete_004,1072.569655,0.08,0.3083137382197748
athlete_004,1073.569655,0.09308318777428497,0.18
athlete_004,1074.569655,0.23448011376834538,0.18
athlete_004,1075.569655,0.3758770397624058,0.18
athlete_004,1076.569655,0.5172739657564661,0.18
athlete_004,1077.569655,0.6586708917505252,0.18
athlete_004,1078.569655,0.8000678177445856,0.18
athlete_004,1079.569655,0.92,0.2014647437386457
athlete_004,1080.569655,0.92,0.3428616697327061
athlete_004,1081.569655,0.92,0.4842585957267656
athlete_004,1082.569655,0.92,0.625655521720826
athlete_004,1083.569655,0.92,0.7670524477148863
athlete_004,1084.569655,0.8315506262910538,0.82
athlete_004,1085.569655,0.6901537002969934,0.82
athlete_004,1086.569655,0.548756774302933,0.82
athlete_004,1087.569655,0.4073598483088735,0.82
athlete_004,1088.569655,0.265962922314814,0.82
athlete_004,1089.569655,0.1245659963207536,0.82
athlete_004,1090.569655,0.08,0.723169070326693
athlete_004,1091.569655,0.08,0.5817721443326335
athlete_004,1092.569655,0.08,0.44037521833857307
athlete_004,1093.569655,0.08,0.2989782923445127
athlete_004,1094.569655,0.1024186336495471,0.18
athlete_004,1095.569655,0.24381555964360752,0.18
athlete_004,1095.967007,0.30000000000000066,0.18
athlete_004,1096.967007,0.3,0.18296603928133598
athlete_004,1097.967007,0.3,0.185932078562672
athlete_004,1098.967007,0.3,0.18889811784400798
athlete_004,1099.967007,0.3,0.19186415712534396
athlete_004,1100.967007,0.3,0.19483019640667995
athlete_004,1101.967007,0.3,0.19779623568801596
athlete_004,1102.967007,0.3,0.20076227496935195
athlete_004,1103.967007,0.3,0.20372831425068794
athlete_004,1104.967007,0.3,0.20669435353202395
athlete_004,1105.967007,0.3,0.20966039281335994
athlete_004,1106.967007,0.3,0.21262643209469592
athlete_004,1107.967007,0.3,0.2155924713760319
athlete_004,1108.967007,0.3,0.21855851065736792
athlete_004,1109.967007,0.3015245499387039,0.22
athlete_004,1110.967007,0.3044905892200399,0.22
athlete_004,1111.967007,0.3074566285013759,0.22
athlete_004,1112.967007,0.3104226677827119,0.22
athlete_004,1113.967007,0.31338870706404787,0.22
athlete_004,1114.967007,0.31635474634538385,0.22
athlete_004,1115.967007,0.31932078562671984,0.22
athlete_004,1116.967007,0.3222868249080558,0.22
athlete_004,1117.967007,0.32525286418939187,0.22
athlete_004,1118.967007,0.32821890347072785,0.22
athlete_004,1119.967007,0.33118494275206384,0.22
athlete_004,1120.967007,0.3341509820333998,0.22
athlete_004,1121.967007,0.3371170213147358,0.22
athlete_004,1122.967007,0.3400830605960718,0.22
athlete_004,1123.967007,0.34304909987740784,0.22
athlete_004,1124.967007,0.3460151391587438,0.22
athlete_004,1125.967007,0.3489811784400798,0.22
athlete_004,1126.967007,0.3519472177214158,0.22
athlete_004,1127.967007,0.3549132570027518,0.22
athlete_004,1128.967007,0.35787929628408777,0.22
athlete_004,1129.967007,0.36084533556542375,0.22
athlete_004,1130.967007,0.36381137484675974,0.22
athlete_004,1131.967007,0.3667774141280958,0.22
athlete_004,1132.967007,0.36974345340943177,0.22
athlete_004,1133.967007,0.37270949269076775,0.22
athlete_004,1134.967007,0.37567553197210374,0.22
athlete_004,1135.967007,0.3786415712534398,0.22
athlete_004,1136.967007,0.3816076105347757,0.22
athlete_004,1137.967007,0.38457364981611175,0.22
athlete_004,1138.967007,0.38753968909744774,0.22
athlete_004,1139.967007,0.3905057283787837,0.22
athlete_004,1140.967007,0.3934717676601197,0.22
athlete_004,1141.967007,0.3964378069414557,0.22
athlete_004,1142.967007,0.3994038462227917,0.22
athlete_004,1143.967007,0.40236988550412767,0.22
athlete_004,1144.967007,0.40533592478546365,0.22
athlete_004,1145.967007,0.40830196406679964,0.22
athlete_004,1146.967007,0.4112680033481357,0.22
athlete_004,1147.967007,0.41423404262947167,0.22
athlete_004,1148.967007,0.41720008191080765,0.22
athlete_004,1149.967007,0.42,0.22016612119214365
athlete_004,1150.967007,0.42,0.22313216047347967
athlete_004,1151.967007,0.42,0.22609819975481565
athlete_004,1152.967007,0.42,0.22906423903615167
athlete_004,1153.967007,0.42,0.23203027831748765
athlete_004,1154.967007,0.42,0.23499631759882364
athlete_004,1155.967007,0.42,0.23796235688015963
athlete_004,1156.967007,0.42,0.24092839616149564
athlete_004,1157.967007,0.42,0.24389443544283163
athlete_004,1158.967007,0.42,0.24686047472416764
athlete_004,1159.967007,0.42,0.2498265140055036
athlete_004,1160.967007,0.42,0.2527925532868396
athlete_004,1161.967007,0.42,0.25575859256817557
athlete_004,1162.967007,0.42,0.25872463184951155
athlete_004,1163.967007,0.42,0.2616906711308476
athlete_004,1164.967007,0.42,0.2646567104121836
athlete_004,1165.967007,0.42,0.26762274969351957
athlete_004,1166.967007,0.42,0.27058878897485555
athlete_004,1167.967007,0.42,0.2735548282561916
athlete_004,1168.967007,0.42,0.2765208675375276
athlete_004,1169.967007,0.42,0.27948690681886357
athlete_004,1170.967007,0.42,0.28245294610019955
athlete_004,1171.967007,0.42,0.28541898538153554
athlete_004,1172.967007,0.42,0.2883850246628715
athlete_004,1173.967007,0.42,0.2913510639442075
athlete_004,1174.967007,0.42,0.2943171032255435
athlete_004,1175.967007,0.42,0.29728314250687954
athlete_004,1176.967007,0.42,0.30024918178821547
athlete_004,1177.967007,0.42,0.30321522106955145
athlete_004,1178.967007,0.42,0.3061812603508875
athlete_004,1179.967007,0.42,0.3091472996322235
athlete_004,1180.967007,0.42,0.31211333891355947
athlete_004,1181.967007,0.42,0.3150793781948955
athlete_004,1182.967007,0.42,0.31804541747623144
athlete_004,1183.967007,0.42,0.3210114567575675
athlete_004,1184.967007,0.42,0.32397749603890347
athlete_004,1185.967007,0.42,0.32694353532023945
athlete_004,1186.967007,0.42,0.32990957460157544
athlete_004,1187.967007,0.42,0.3328756138829114
athlete_004,1188.967007,0.42,0.3358416531642474
athlete_004,1189.967007,0.42,0.33880769244558345
athlete_004,1190.368994,0.42,0.34
athlete_004,1191.368994,0.42,0.3421915650110223
athlete_004,1192.368994,0.42,0.3443831300220447
athlete_004,1193.368994,0.42,0.346574695033067
athlete_004,1194.368994,0.42,0.3487662600440893
athlete_004,1195.368994,0.42,0.35095782505511164
athlete_004,1196.368994,0.42,0.35314939006613394
athlete_004,1197.368994,0.42,0.35534095507715624
athlete_004,1198.368994,0.42,0.3575325200881786
athlete_004,1199.368994,0.42,0.3597240850992009
athlete_004,1200.368994,0.42,0.3619156501102232
athlete_004,1201.368994,0.42,0.36410721512124555
athlete_004,1202.368994,0.42,0.36629878013226785
athlete_004,1203.368994,0.42,0.36849034514329015
athlete_004,1204.368994,0.42,0.3706819101543125
athlete_004,1205.368994,0.42,0.3728734751653348
athlete_004,1206.368994,0.42,0.3750650401763571
athlete_004,1207.368994,0.42,0.37725660518737947
athlete_004,1208.368994,0.42,0.37944817019840177
athlete_004,1209.368994,0.42,0.38163973520942407
athlete_004,1210.368994,0.42,0.3838313002204464
athlete_004,1211.368994,0.42,0.3860228652314687
athlete_004,1212.368994,0.42,0.3882144302424911
athlete_004,1213.368994,0.42,0.3904059952535134
athlete_004,1214.368994,0.42,0.3925975602645357
athlete_004,1215.368994,0.42,0.39478912527555804
athlete_004,1216.368994,0.42,0.39698069028658034
athlete_004,1217.368994,0.42,0.39917225529760264
athlete_004,1218.368994,0.42,0.401363820308625
athlete_004,1219.368994,0.42,0.4035553853196473
athlete_004,1220.368994,0.42,0.4057469503306696
athlete_004,1221.368994,0.42,0.4079385153416919
athlete_004,1222.368994,0.42,0.41013008035271425
athlete_004,1223.368994,0.42,0.41232164536373656
athlete_004,1224.368994,0.42,0.41451321037475886
athlete_004,1225.368994,0.42,0.4167047753857812
athlete_004,1226.368994,0.42,0.4188963403968035
athlete_004,1227.368994,0.42,0.42108790540782587
athlete_004,1228.368994,0.42,0.42327947041884817
athlete_004,1229.368994,0.42,0.42547103542987047
athlete_004,1230.368994,0.42,0.4276626004408928
athlete_004,1231.368994,0.42,0.4298541654519151
athlete_004,1232.368994,0.42,0.4320457304629375
athlete_004,1233.368994,0.42,0.4342372954739598
athlete_004,1234.368994,0.42,0.4364288604849821
athlete_004,1235.368994,0.42,0.43862042549600444
athlete_004,1236.368994,0.42,0.44081199050702674
athlete_004,1237.368994,0.42,0.44300355551804904
athlete_004,1238.368994,0.42,0.4451951205290714
athlete_004,1239.368994,0.42,0.4473866855400937
athlete_004,1240.368994,0.42,0.449578250551116
athlete_004,1241.368994,0.42,0.45176981556213835
athlete_004,1242.368994,0.42,0.45396138057316066
athlete_004,1243.368994,0.42,0.45615294558418296
athlete_004,1244.368994,0.42,0.4583445105952053
athlete_004,1245.368994,0.42,0.4605360756062276
athlete_004,1246.368994,0.42,0.4627276406172499
athlete_004,1247.368994,0.42,0.46491920562827227
athlete_004,1248.368994,0.42,0.4671107706392945
athlete_004,1249.368994,0.42,0.46930233565031687
athlete_004,1250.368994,0.42,0.4714939006613392
athlete_004,1251.368994,0.42,0.4736854656723615
athlete_004,1252.368994,0.42,0.47587703068338383
athlete_004,1253.368994,0.42,0.4780685956944062
athlete_004,1254.368994,0.42,0.4802601607054285
athlete_004,1255.368994,0.42,0.4824517257164508
athlete_004,1256.368994,0.42,0.48464329072747314
athlete_004,1257.368994,0.42,0.48683485573849544
athlete_004,1258.368994,0.42,0.48902642074951774
athlete_004,1259.368994,0.42,0.4912179857605401
athlete_004,1260.368994,0.42,0.4934095507715624
athlete_004,1261.368994,0.42,0.4956011157825847
athlete_004,1262.368994,0.42,0.49779268079360706
athlete_004,1263.368994,0.42,0.49998424580462936
athlete_004,1264.368994,0.42,0.5021758108156517
athlete_004,1265.368994,0.42,0.504367375826674
athlete_004,1266.368994,0.42,0.5065589408376963
athlete_004,1267.368994,0.42,0.5087505058487186
athlete_004,1268.368994,0.42,0.510942070859741
athlete_004,1269.368994,0.42,0.5131336358707632
athlete_004,1270.368994,0.42,0.5153252008817856
athlete_004,1271.368994,0.42,0.5175167658928079
athlete_004,1272.368994,0.42,0.5197083309038302
athlete_004,1273.368994,0.42,0.5218998959148525
athlete_004,1274.368994,0.42,0.5240914609258749
athlete_004,1275.368994,0.42,0.5262830259368971
athlete_004,1276.368994,0.42,0.5284745909479195
athlete_004,1277.368994,0.42,0.5306661559589418
athlete_004,1278.368994,0.42,0.5328577209699642
athlete_004,1279.368994,0.42,0.5350492859809864
athlete_004,1280.368994,0.42,0.5372408509920088
athlete_004,1281.368994,0.42,0.539432416003031
athlete_004,1282.368994,0.42,0.5416239810140534
athlete_004,1283.368994,0.42,0.5438155460250758
athlete_004,1284.368994,0.42,0.546007111036098
athlete_004,1285.368994,0.42,0.5481986760471204
athlete_004,1286.368994,0.42,0.5503902410581427
athlete_004,1287.368994,0.42,0.5525818060691651
athlete_004,1288.368994,0.42,0.5547733710801874
athlete_004,1289.368994,0.42,0.5569649360912097
athlete_004,1290.368994,0.42,0.559156501102232
athlete_004,1291.368994,0.42,0.5613480661132543
athlete_004,1292.368994,0.42,0.5635396311242766
athlete_004,1293.368994,0.42,0.5657311961352989
athlete_004,1294.368994,0.42,0.5679227611463212
athlete_004,1295.368994,0.42,0.5701143261573436
athlete_004,1296.368994,0.42,0.5723058911683658
athlete_004,1297.368994,0.42,0.5744974561793883
athlete_004,1298.368994,0.42,0.5766890211904105
athlete_004,1299.368994,0.42,0.5788805862014329
athlete_004,1300.368994,0.42,0.5810721512124553
athlete_004,1301.368994,0.42,0.5832637162234775
athlete_004,1302.368994,0.42,0.5854552812344999
athlete_004,1303.368994,0.42,0.5876468462455221
athlete_004,1304.368994,0.42,0.5898384112565445
athlete_004,1305.368994,0.42,0.5920299762675667
athlete_004,1306.368994,0.42,0.5942215412785891
athlete_004,1307.368994,0.42,0.5964131062896114
athlete_004,1308.368994,0.42,0.5986046713006337
athlete_004,1309.368994,0.42,0.6007962363116561
athlete_004,1310.368994,0.42,0.6029878013226784
athlete_004,1311.368994,0.42,0.6051793663337007
athlete_004,1312.368994,0.42,0.6073709313447231
athlete_004,1313.368994,0.42,0.6095624963557453
athlete_004,1314.368994,0.42,0.6117540613667676
athlete_004,1315.368994,0.42,0.61394562637779
athlete_004,1316.368994,0.42,0.6161371913888123
athlete_004,1317.368994,0.42,0.6183287563998345
athlete_004,1318.368994,0.42,0.620520321410857
athlete_004,1319.368994,0.42,0.6227118864218792
athlete_004,1320.368994,0.42,0.6249034514329016
athlete_004,1321.368994,0.42,0.627095016443924
athlete_004,1322.368994,0.42,0.6292865814549462
athlete_004,1323.368994,0.42,0.6314781464659686
athlete_004,1324.368994,0.42,0.6336697114769909
athlete_004,1325.368994,0.42,0.6358612764880132
athlete_004,1326.368994,0.42,0.6380528414990354
athlete_004,1327.368994,0.42,0.6402444065100579
athlete_004,1328.368994,0.42,0.6424359715210801
athlete_004,1329.368994,0.42,0.6446275365321024
athlete_004,1330.368994,0.42,0.6468191015431248
athlete_004,1331.368994,0.42,0.6490106665541471
athlete_004,1332.368994,0.42,0.6512022315651694
athlete_004,1333.368994,0.42,0.6533937965761918
athlete_004,1334.368994,0.42,0.655585361587214
athlete_004,1335.368994,0.42,0.6577769265982364
athlete_004,1336.368994,0.42,0.6599684916092587
athlete_004,1337.368994,0.42,0.662160056620281
athlete_004,1338.368994,0.42,0.6643516216313033
athlete_004,1339.368994,0.42,0.6665431866423257
athlete_004,1340.368994,0.42,0.668734751653348
athlete_004,1341.368994,0.42,0.6709263166643702
athlete_004,1342.368994,0.42,0.6731178816753927
athlete_004,1343.368994,0.42,0.6753094466864149
athlete_004,1344.368994,0.42,0.6775010116974373
athlete_004,1345.368994,0.42,0.6796925767084596
athlete_004,1346.368994,0.42,0.6818841417194819
athlete_004,1347.368994,0.42,0.6840757067305042
athlete_004,1348.368994,0.42,0.6862672717415266
athlete_004,1349.368994,0.42,0.6884588367525488
athlete_004,1350.368994,0.42,0.6906504017635712
athlete_004,1351.368994,0.42,0.6928419667745935
athlete_004,1352.368994,0.42,0.6950335317856158
athlete_004,1353.368994,0.42,0.6972250967966381
athlete_004,1354.368994,0.42,0.6994166618076605
athlete_004,1355.368994,0.42,0.7016082268186827
athlete_004,1356.368994,0.42,0.7037997918297051
athlete_004,1357.368994,0.42,0.7059913568407274
athlete_004,1358.368994,0.42,0.7081829218517497
athlete_004,1359.368994,0.42,0.710374486862772
athlete_004,1360.368994,0.42,0.7125660518737944
athlete_004,1361.368994,0.42,0.7147576168848166
athlete_004,1362.368994,0.42,0.716949181895839
athlete_004,1363.368994,0.42,0.7191407469068614
athlete_004,1363.761067,0.42,0.72
athlete_004,1364.761067,0.42,0.709655190489967
athlete_004,1365.761067,0.42,0.699310380979934
athlete_004,1366.761067,0.42,0.688965571469901
athlete_004,1367.761067,0.42,0.678620761959868
athlete_004,1368.761067,0.42,0.6682759524498351
athlete_004,1369.761067,0.42,0.657931142939802
athlete_004,1370.761067,0.42,0.647586333429769
athlete_004,1371.761067,0.42,0.6372415239197361
athlete_004,1372.761067,0.42,0.6268967144097031
athlete_004,1373.761067,0.42,0.61655190489967
athlete_004,1374.761067,0.42,0.6062070953896371
athlete_004,1375.761067,0.42,0.5958622858796041
athlete_004,1376.761067,0.42,0.5855174763695712
athlete_004,1377.761067,0.42,0.5751726668595382
athlete_004,1378.761067,0.42,0.5648278573495051
athlete_004,1379.761067,0.42,0.5544830478394722
athlete_004,1380.761067,0.42,0.5441382383294392
athlete_004,1381.761067,0.42,0.5337934288194062
athlete_004,1382.761067,0.42,0.5234486193093733
athlete_004,1383.761067,0.42,0.5131038097993402
athlete_004,1384.761067,0.42,0.5027590002893072
athlete_004,1385.761067,0.42,0.4924141907792743
athlete_004,1386.761067,0.42,0.48206938126924126
athlete_004,1387.761067,0.42,0.47172457175920823
athlete_004,1388.761067,0.42,0.46137976224917526
athlete_004,1389.761067,0.42,0.4510349527391423
athlete_004,1390.761067,0.42,0.44069014322910927
athlete_004,1391.761067,0.42,0.4303453337190763
athlete_004,1392.761067,0.42,0.4200005242090433
athlete_004,1393.761067,0.42,0.40965571469901035
athlete_004,1394.761067,0.42,0.3993109051889774
athlete_004,1395.761067,0.42,0.38896609567894436
athlete_004,1396.761067,0.42,0.3786212861689114
athlete_004,1397.761067,0.42,0.36827647665887836
athlete_004,1398.761067,0.42,0.3579316671488454
athlete_004,1399.761067,0.42,0.3475868576388124
athlete_004,1400.761067,0.42,0.33724204812877945
athlete_004,1401.761067,0.42,0.3268972386187464
athlete_004,1402.761067,0.42,0.31655242910871345
athlete_004,1403.761067,0.42,0.3062076195986804
athlete_004,1404.761067,0.42,0.29586281008864745
athlete_004,1405.761067,0.42,0.28551800057861454
athlete_004,1406.761067,0.42,0.2751731910685815
athlete_004,1407.761067,0.42,0.26482838155854854
athlete_004,1408.761067,0.42,0.2544835720485155
athlete_004,1409.761067,0.42,0.24413876253848255
athlete_004,1410.761067,0.42,0.23379395302844952
athlete_004,1411.761067,0.42,0.22344914351841655
athlete_004,1412.761067,0.4268956659916164,0.22
athlete_004,1413.761067,0.4372404755016494,0.22
athlete_004,1414.761067,0.4475852850116823,0.22
athlete_004,1415.761067,0.45793009452171535,0.22
athlete_004,1416.761067,0.46827490403174826,0.22
athlete_004,1417.761067,0.4786197135417814,0.22
athlete_004,1418.761067,0.4889645230518143,0.22
athlete_004,1419.761067,0.49930933256184734,0.22
athlete_004,1420.761067,0.5096541420718803,0.22
athlete_004,1421.761067,0.5199989515819132,0.22
athlete_004,1422.761067,0.5303437610919463,0.22
athlete_004,1423.761067,0.5406885706019793,0.22
athlete_004,1424.761067,0.5510333801120122,0.22
athlete_004,1425.761067,0.5613781896220451,0.22
athlete_004,1426.761067,0.5717229991320782,0.22
athlete_004,1427.761067,0.5820678086421112,0.22
athlete_004,1428.761067,0.5924126181521443,0.22
athlete_004,1429.761067,0.6027574276621772,0.22
athlete_004,1430.761067,0.6131022371722101,0.22
athlete_004,1431.761067,0.6234470466822433,0.22
athlete_004,1432.761067,0.6337918561922762,0.22
athlete_004,1433.761067,0.64,0.2158633342976908
athlete_004,1434.761067,0.64,0.2055185247876579
athlete_004,1435.761067,0.64,0.19517371527762487
athlete_004,1436.761067,0.64,0.18482890576759184
athlete_004,1437.227862,0.64,0.17999999999999997
athlete_004,1438.227862,0.7444997994612872,0.18
athlete_004,1439.227862,0.8489995989225743,0.18
athlete_004,1440.227862,0.92,0.21349939838386145
athlete_004,1441.227862,0.92,0.3179991978451486
athlete_004,1442.227862,0.92,0.42249899730643575
athlete_004,1443.227862,0.92,0.526998796767723
athlete_004,1444.227862,0.92,0.63149859622901
athlete_004,1445.227862,0.92,0.7359983956902971
athlete_004,1446.227862,0.8995018048484156,0.82
athlete_004,1447.227862,0.7950020053871284,0.82
athlete_004,1448.227862,0.6905022059258413,0.82
athlete_004,1449.227862,0.586002406464554,0.82
athlete_004,1450.227862,0.48150260700326714,0.82
athlete_004,1451.227862,0.3770028075419799,0.82
athlete_004,1452.227862,0.27250300808069283,0.82
athlete_004,1453.227862,0.16800320861940554,0.82
athlete_004,1454.227862,0.08,0.8035034091581185
athlete_004,1455.227862,0.08,0.6990036096968312
athlete_004,1456.227862,0.08,0.5945038102355441
athlete_004,1457.227862,0.08,0.49000401077425676
athlete_004,1458.227862,0.08,0.38550421131296975
athlete_004,1459.227862,0.08,0.2810044118516827
athlete_004,1460.227862,0.08349538760960444,0.18
athlete_004,1461.227862,0.18799518707089197,0.18
athlete_004,1462.227862,0.29249498653217904,0.18
athlete_004,1463.227862,0.39699478599346566,0.18
athlete_004,1464.227862,0.5014945854547531,0.18
athlete_004,1465.227862,0.6059943849160402,0.18
athlete_004,1466.227862,0.7104941843773277,0.18
athlete_004,1467.227862,0.8149939838386143,0.18
athlete_004,1468.227862,0.9194937832999018,0.18
athlete_004,1469.227862,0.92,0.28399358276118863
athlete_004,1470.227862,0.92,0.3884933822224761
athlete_004,1471.227862,0.92,0.49299318168376277
athlete_004,1472.227862,0.92,0.5974929811450498
athlete_004,1473.227862,0.92,0.7019927806063373
athlete_004,1474.227862,0.92,0.8064925800676244
athlete_004,1475.227862,0.8290076204710882,0.82
athlete_004,1476.227862,0.7245078210098007,0.82
athlete_004,1477.227862,0.6200080215485136,0.82
athlete_004,1478.227862,0.5155082220872266,0.82
athlete_004,1479.227862,0.4110084226259395,0.82
athlete_004,1480.227862,0.30650862316465244,0.82
athlete_004,1481.227862,0.20200882370336537,0.82
athlete_004,1482.227862,0.0975090242420783,0.82
athlete_004,1483.227862,0.08,0.733009224780791
athlete_004,1484.227862,0.08,0.628509425319503
athlete_004,1485.227862,0.08,0.524009625858216
athlete_004,1486.227862,0.08,0.4195098263969298
athlete_004,1487.227862,0.08,0.31501002693564184
athlete_004,1488.227862,0.08,0.21051022747435477
athlete_004,1489.227862,0.1539895719869317,0.18
athlete_004,1490.227862,0.25848937144821965,0.18
athlete_004,1491.227862,0.3629891709095067,0.18
athlete_004,1492.227862,0.4674889703707947,0.18
athlete_004,1493.227862,0.5719887698320809,0.18
athlete_004,1494.227862,0.6764885692933674,0.18
athlete_004,1495.227862,0.7809883687546554,0.18
athlete_004,1496.227862,0.8854881682159425,0.18
athlete_004,1497.227862,0.92,0.24998796767722836
athlete_004,1498.227862,0.92,0.3544877671385163
athlete_004,1499.227862,0.92,0.4589875665998034
athlete_004,1500.227862,0.92,0.5634873660610904
athlete_004,1501.227862,0.92,0.6679871655223776
athlete_004,1502.227862,0.92,0.7724869649836645
athlete_004,1503.227862,0.8630132355550472,0.82
athlete_004,1504.227862,0.758513436093761,0.82
athlete_004,1505.227862,0.6540136366324739,0.82
athlete_004,1506.227862,0.549513837171186,0.82
athlete_004,1507.227862,0.4450140377098998,0.82
athlete_004,1508.227862,0.3405142382486118,0.82
athlete_004,1509.227862,0.23601443878732475,0.82
athlete_004,1510.227862,0.13151463932603769,0.82
athlete_004,1511.227862,0.08,0.7670148398647504
athlete_004,1512.227862,0.08,0.6625150404034633
athlete_004,1513.227862,0.08,0.5580152409421762
athlete_004,1514.227862,0.08,0.4535154414808883
athlete_004,1515.227862,0.08,0.3490156420196012
athlete_004,1516.227862,0.08,0.24451584255831593
athlete_004,1517.227862,0.1199839569029723,0.18
athlete_004,1518.227862,0.22448375636425938,0.18
athlete_004,1518.950507,0.30000000000000066,0.18
athlete_004,1519.950507,0.3,0.18448130601019877
athlete_004,1520.950507,0.3,0.18896261202039755
athlete_004,1521.950507,0.3,0.19344391803059632
athlete_004,1522.950507,0.3,0.1979252240407951
athlete_004,1523.950507,0.3,0.2024065300509939
athlete_004,1524.950507,0.3,0.20688783606119268
athlete_004,1525.950507,0.3,0.21136914207139146
athlete_004,1526.950507,0.3,0.21585044808159023
athlete_004,1527.950507,0.300331754091789,0.22
athlete_004,1528.950507,0.3048130601019878,0.22
athlete_004,1529.950507,0.3092943661121866,0.22
athlete_004,1530.950507,0.31377567212238533,0.22
athlete_004,1531.950507,0.31825697813258413,0.22
athlete_004,1532.950507,0.3227382841427829,0.22
athlete_004,1533.950507,0.3272195901529817,0.22
athlete_004,1534.950507,0.33170089616318044,0.22
athlete_004,1535.950507,0.33618220217337924,0.22
athlete_004,1536.950507,0.34066350818357805,0.22
athlete_004,1537.950507,0.3451448141937768,0.22
athlete_004,1538.950507,0.34962612020397554,0.22
athlete_004,1539.950507,0.35410742621417435,0.22
athlete_004,1540.950507,0.35858873222437315,0.22
athlete_004,1541.950507,0.3630700382345719,0.22
athlete_004,1542.950507,0.3675513442447707,0.22
athlete_004,1543.950507,0.37203265025496945,0.22
athlete_004,1544.950507,0.37651395626516826,0.22
athlete_004,1545.950507,0.38099526227536706,0.22
athlete_004,1546.950507,0.38547656828556576,0.22
athlete_004,1547.950507,0.38995787429576456,0.22
athlete_004,1548.950507,0.39443918030596337,0.22
athlete_004,1549.950507,0.39892048631616217,0.22
athlete_004,1550.950507,0.4034017923263609,0.22
athlete_004,1551.950507,0.40788309833655967,0.22
athlete_004,1552.950507,0.4123644043467585,0.22
athlete_004,1553.950507,0.4168457103569573,0.22
athlete_004,1554.950507,0.4213270163671561,0.22
athlete_004,1555.950507,0.42580832237735483,0.22
athlete_004,1556.950507,0.4302896283875536,0.22
athlete_004,1557.950507,0.4347709343977524,0.22
athlete_004,1558.950507,0.4392522404079512,0.22
athlete_004,1559.950507,0.44373354641814994,0.22
athlete_004,1560.950507,0.4482148524283487,0.22
athlete_004,1561.950507,0.4526961584385475,0.22
athlete_004,1562.950507,0.4571774644487463,0.22
athlete_004,1563.950507,0.46165877045894504,0.22
athlete_004,1564.950507,0.46614007646914385,0.22
athlete_004,1565.950507,0.4706213824793426,0.22
athlete_004,1566.950507,0.4751026884895414,0.22
athlete_004,1567.950507,0.4795839944997402,0.22
athlete_004,1568.950507,0.484065300509939,0.22
athlete_004,1569.950507,0.4885466065201377,0.22
athlete_004,1570.950507,0.4930279125303365,0.22
athlete_004,1571.950507,0.4975092185405353,0.22
athlete_004,1572.950507,0.5,0.2219905245507341
athlete_004,1573.950507,0.5,0.22647183056093284
athlete_004,1574.950507,0.5,0.2309531365711316
athlete_004,1575.950507,0.5,0.2354344425813304
athlete_004,1576.950507,0.5,0.2399157485915292
athlete_004,1577.950507,0.5,0.244397054601728
athlete_004,1578.950507,0.5,0.24887836061192675
athlete_004,1579.950507,0.5,0.25335966662212556
athlete_004,1580.950507,0.5,0.2578409726323243
athlete_004,1581.950507,0.5,0.2623222786425231
athlete_004,1582.950507,0.5,0.26680358465272186
athlete_004,1583.950507,0.5,0.27128489066292066
athlete_004,1584.950507,0.5,0.2757661966731194
athlete_004,1585.950507,0.5,0.2802475026833182
athlete_004,1586.950507,0.5,0.28472880869351697
athlete_004,1587.950507,0.5,0.28921011470371577
athlete_004,1588.950507,0.5,0.2936914207139145
athlete_004,1589.950507,0.5,0.2981727267241133
athlete_004,1590.950507,0.5,0.30265403273431213
athlete_004,1591.950507,0.5,0.3071353387445109
athlete_004,1592.950507,0.5,0.3116166447547097
athlete_004,1593.950507,0.5,0.31609795076490843
athlete_004,1594.950507,0.5,0.32057925677510724
athlete_004,1595.950507,0.5,0.325060562785306
athlete_004,1596.950507,0.5,0.3295418687955048
athlete_004,1597.950507,0.5,0.33402317480570354
athlete_004,1598.950507,0.5,0.33850448081590234
athlete_004,1599.284231,0.5,0.34
athlete_004,1600.284231,0.5,0.34405259145811545
athlete_004,1601.284231,0.5,0.3481051829162308
athlete_004,1602.284231,0.5,0.35215777437434626
athlete_004,1603.284231,0.5,0.35621036583246163
athlete_004,1604.284231,0.5,0.36026295729057706
athlete_004,1605.284231,0.5,0.36431554874869243
athlete_004,1606.284231,0.5,0.36836814020680786
athlete_004,1607.284231,0.5,0.37242073166492323
athlete_004,1608.284231,0.5,0.37647332312303866
athlete_004,1609.284231,0.5,0.38052591458115403
athlete_004,1610.284231,0.5,0.38457850603926946
athlete_004,1611.284231,0.5,0.38863109749738484
athlete_004,1612.284231,0.5,0.39268368895550027
athlete_004,1613.284231,0.5,0.39673628041361564
athlete_004,1614.284231,0.5,0.40078887187173107
athlete_004,1615.284231,0.5,0.4048414633298465
athlete_004,1616.284231,0.5,0.40889405478796187
athlete_004,1617.284231,0.5,0.4129466462460773
athlete_004,1618.284231,0.5,0.41699923770419267
athlete_004,1619.284231,0.5,0.4210518291623081
athlete_004,1620.284231,0.5,0.4251044206204235
athlete_004,1621.284231,0.5,0.4291570120785389
athlete_004,1622.284231,0.5,0.4332096035366543
athlete_004,1623.284231,0.5,0.4372621949947697
athlete_004,1624.284231,0.5,0.44131478645288513
athlete_004,1625.284231,0.5,0.4453673779110005
athlete_004,1626.284231,0.5,0.4494199693691159
athlete_004,1627.284231,0.5,0.4534725608272313
athlete_004,1628.284231,0.5,0.45752515228534674
athlete_004,1629.284231,0.5,0.4615777437434621
athlete_004,1630.284231,0.5,0.4656303352015775
athlete_004,1631.284231,0.5,0.4696829266596929
athlete_004,1632.284231,0.5,0.47373551811780834
athlete_004,1633.284231,0.5,0.47778810957592377
athlete_004,1634.284231,0.5,0.48184070103403914
athlete_004,1635.284231,0.5,0.4858932924921545
athlete_004,1636.284231,0.5,0.48994588395026994
athlete_004,1637.284231,0.5,0.4939984754083854
athlete_004,1638.284231,0.5,0.49805106686650075
athlete_004,1639.284231,0.5,0.5021036583246161
athlete_004,1640.284231,0.5,0.5061562497827315
athlete_004,1641.284231,0.5,0.510208841240847
athlete_004,1642.284231,0.5,0.5142614326989624
athlete_004,1643.284231,0.5,0.5183140241570777
athlete_004,1644.284231,0.5,0.5223666156151932
athlete_004,1645.284231,0.5,0.5264192070733086
athlete_004,1646.284231,0.5,0.530471798531424
athlete_004,1647.284231,0.5,0.5345243899895393
athlete_004,1648.284231,0.5,0.5385769814476548
athlete_004,1649.284231,0.5,0.5426295729057702
athlete_004,1650.284231,0.5,0.5466821643638855
athlete_004,1651.284231,0.5,0.550734755822001
athlete_004,1652.284231,0.5,0.5547873472801164
athlete_004,1653.284231,0.5,0.5588399387382318
athlete_004,1654.284231,0.5,0.5628925301963472
athlete_004,1655.284231,0.5,0.5669451216544625
athlete_004,1656.284231,0.5,0.570997713112578
athlete_004,1657.284231,0.5,0.5750503045706934
athlete_004,1658.284231,0.5,0.5791028960288088
athlete_004,1659.284231,0.5,0.5831554874869243
athlete_004,1660.284231,0.5,0.5872080789450396
athlete_004,1661.284231,0.5,0.591260670403155
athlete_004,1662.284231,0.5,0.5953132618612704
athlete_004,1663.284231,0.5,0.5993658533193857
athlete_004,1664.284231,0.5,0.6034184447775013
athlete_004,1665.284231,0.5,0.6074710362356166
athlete_004,1666.284231,0.5,0.611523627693732
athlete_004,1667.284231,0.5,0.6155762191518475
athlete_004,1668.284231,0.5,0.6196288106099628
athlete_004,1669.284231,0.5,0.6236814020680783
athlete_004,1670.284231,0.5,0.6277339935261936
athlete_004,1671.284231,0.5,0.6317865849843091
athlete_004,1672.284231,0.5,0.6358391764424245
athlete_004,1673.284231,0.5,0.6398917679005398
athlete_004,1674.284231,0.5,0.6439443593586552
athlete_004,1675.284231,0.5,0.6479969508167707
athlete_004,1676.284231,0.5,0.6520495422748861
athlete_004,1677.284231,0.5,0.6561021337330015
athlete_004,1678.284231,0.5,0.6601547251911168
athlete_004,1679.284231,0.5,0.6642073166492323
athlete_004,1680.284231,0.5,0.6682599081073477
athlete_004,1681.284231,0.5,0.672312499565463
athlete_004,1682.284231,0.5,0.6763650910235786
athlete_004,1683.284231,0.5,0.6804176824816939
athlete_004,1684.284231,0.5,0.6844702739398093
athlete_004,1685.284231,0.5,0.6885228653979247
athlete_004,1686.284231,0.5,0.69257545685604
athlete_004,1687.284231,0.5,0.6966280483141555
athlete_004,1688.284231,0.5,0.7006806397722709
athlete_004,1689.284231,0.5,0.7047332312303863
athlete_004,1690.284231,0.5,0.7087858226885018
athlete_004,1691.284231,0.5,0.7128384141466171
athlete_004,1692.284231,0.5,0.7168910056047325
athlete_004,1693.051393,0.5,0.72
athlete_004,1694.051393,0.5,0.7130366509374644
athlete_004,1695.051393,0.5,0.7060733018749288
athlete_004,1696.051393,0.5,0.6991099528123933
athlete_004,1697.051393,0.5,0.6921466037498577
athlete_004,1698.051393,0.5,0.6851832546873221
athlete_004,1699.051393,0.5,0.6782199056247865
athlete_004,1700.051393,0.5,0.6712565565622509
athlete_004,1701.051393,0.5,0.6642932074997154
athlete_004,1702.051393,0.5,0.6573298584371798
athlete_004,1703.051393,0.5,0.6503665093746442
athlete_004,1704.051393,0.5,0.6434031603121086
athlete_004,1705.051393,0.5,0.636439811249573
athlete_004,1706.051393,0.5,0.6294764621870376
athlete_004,1707.051393,0.5,0.622513113124502
athlete_004,1708.051393,0.5,0.6155497640619664
athlete_004,1709.051393,0.5,0.6085864149994308
athlete_004,1710.051393,0.5,0.6016230659368952
athlete_004,1711.051393,0.5,0.5946597168743597
athlete_004,1712.051393,0.5,0.5876963678118241
athlete_004,1713.051393,0.5,0.5807330187492885
athlete_004,1714.051393,0.5,0.5737696696867529
athlete_004,1715.051393,0.5,0.5668063206242173
athlete_004,1716.051393,0.5,0.5598429715616818
athlete_004,1717.051393,0.5,0.5528796224991462
athlete_004,1718.051393,0.5,0.5459162734366106
athlete_004,1719.051393,0.5,0.538952924374075
athlete_004,1720.051393,0.5,0.5319895753115396
athlete_004,1721.051393,0.5,0.525026226249004
athlete_004,1722.051393,0.5,0.5180628771864684
athlete_004,1723.051393,0.5,0.5110995281239328
athlete_004,1724.051393,0.5,0.5041361790613972
athlete_004,1725.051393,0.5,0.49717282999886164
athlete_004,1726.051393,0.5,0.49020948093632605
athlete_004,1727.051393,0.5,0.4832461318737905
athlete_004,1728.051393,0.5,0.4762827828112549
athlete_004,1729.051393,0.5,0.4693194337487193
athlete_004,1730.051393,0.5,0.4623560846861838
athlete_004,1731.051393,0.5,0.4553927356236482
athlete_004,1732.051393,0.5,0.4484293865611126
athlete_004,1733.051393,0.5,0.44146603749857705
athlete_004,1734.051393,0.5,0.43450268843604145
athlete_004,1735.051393,0.5,0.4275393393735059
athlete_004,1736.051393,0.5,0.4205759903109703
athlete_004,1737.051393,0.5,0.4136126412484348
athlete_004,1738.051393,0.5,0.4066492921858992
athlete_004,1739.051393,0.5,0.39968594312336364
athlete_004,1740.051393,0.5,0.39272259406082805
athlete_004,1741.051393,0.5,0.38575924499829245
athlete_004,1742.051393,0.5,0.3787958959357569
athlete_004,1743.051393,0.5,0.3718325468732213
athlete_004,1744.051393,0.5,0.3648691978106857
athlete_004,1745.051393,0.5,0.3579058487481502
athlete_004,1746.051393,0.5,0.35094249968561464
athlete_004,1747.051393,0.5,0.34397915062307904
athlete_004,1748.051393,0.5,0.33701580156054345
athlete_004,1749.051393,0.5,0.33005245249800785
athlete_004,1750.051393,0.5,0.32308910343547226
athlete_004,1751.051393,0.5,0.3161257543729368
athlete_004,1752.051393,0.5,0.3091624053104012
athlete_004,1753.051393,0.5,0.3021990562478656
athlete_004,1754.051393,0.5,0.29523570718533
athlete_004,1755.051393,0.5,0.2882723581227944
athlete_004,1756.051393,0.5,0.2813090090602589
athlete_004,1757.051393,0.5,0.2743456599977233
athlete_004,1758.051393,0.5,0.2673823109351877
athlete_004,1759.051393,0.5,0.2604189618726521
athlete_004,1760.051393,0.5,0.2534556128101165
athlete_004,1761.051393,0.5,0.246492263747581
athlete_004,1762.051393,0.5,0.23952891468504545
athlete_004,1763.051393,0.5,0.23256556562250985
athlete_004,1764.051393,0.5,0.22560221655997426
athlete_004,1765.051393,0.5013611325025613,0.22
athlete_004,1766.051393,0.5083244815650969,0.22
athlete_004,1767.051393,0.5152878306276324,0.22
athlete_004,1768.051393,0.522251179690168,0.22
athlete_004,1769.051393,0.5292145287527036,0.22
athlete_004,1770.051393,0.5361778778152392,0.22
athlete_004,1771.051393,0.5431412268777748,0.22
athlete_004,1772.051393,0.5501045759403104,0.22
athlete_004,1773.051393,0.5570679250028459,0.22
athlete_004,1774.051393,0.5640312740653814,0.22
athlete_004,1775.051393,0.570994623127917,0.22
athlete_004,1776.051393,0.5779579721904526,0.22
athlete_004,1777.051393,0.5849213212529881,0.22
athlete_004,1778.051393,0.5918846703155237,0.22
athlete_004,1779.051393,0.5988480193780593,0.22
athlete_004,1780.051393,0.6058113684405949,0.22
athlete_004,1781.051393,0.6127747175031304,0.22
athlete_004,1782.051393,0.619738066565666,0.22
athlete_004,1783.051393,0.6267014156282016,0.22
athlete_004,1784.051393,0.6336647646907372,0.22
athlete_004,1785.051393,0.64,0.21937188624672735
athlete_004,1786.051393,0.64,0.21240853718419175
athlete_004,1787.051393,0.64,0.20544518812165616
athlete_004,1788.051393,0.64,0.19848183905912056
athlete_004,1789.051393,0.64,0.19151848999658497
athlete_004,1790.051393,0.64,0.18455514093404948
athlete_004,1790.705552,0.64,0.17999999999999997
athlete_004,1791.705552,0.7507514365042725,0.18
athlete_004,1792.705552,0.8615028730085449,0.18
athlete_004,1793.705552,0.92,0.23225430951281723
athlete_004,1794.705552,0.92,0.34300574601708966
athlete_004,1795.705552,0.92,0.45375718252136205
athlete_004,1796.705552,0.92,0.5645086190256345
athlete_004,1797.705552,0.92,0.6752600555299069
athlete_004,1798.705552,0.92,0.7860114920341794
athlete_004,1799.705552,0.8432370714615482,0.82
athlete_004,1800.705552,0.7324856349572758,0.82
athlete_004,1801.705552,0.6217341984530035,0.82
athlete_004,1802.705552,0.5109827619487309,0.82
athlete_004,1803.705552,0.4002313254444586,0.82
athlete_004,1804.705552,0.2894798889401863,0.82
athlete_004,1805.705552,0.17872845243591373,0.82
athlete_004,1806.705552,0.08,0.8079770159316412
athlete_004,1807.705552,0.08,0.6972255794273688
athlete_004,1808.705552,0.08,0.5864741429230965
athlete_004,1809.705552,0.08,0.47572270641882397
athlete_004,1810.705552,0.08,0.36497126991455164
athlete_004,1811.705552,0.08,0.2542198334102793
athlete_004,1812.705552,0.11653160309399306,0.18
athlete_004,1813.705552,0.22728303959826585,0.18
athlete_004,1814.705552,0.3380344761025382,0.18
athlete_004,1815.705552,0.4487859126068105,0.18
athlete_004,1816.705552,0.5595373491110828,0.18
athlete_004,1817.705552,0.6702887856153555,0.18
athlete_004,1818.705552,0.7810402221196274,0.18
athlete_004,1819.705552,0.8917916586239002,0.18
athlete_004,1820.705552,0.92,0.26254309512817225
athlete_004,1821.705552,0.92,0.3732945316324446
athlete_004,1822.705552,0.92,0.48404596813671735
athlete_004,1823.705552,0.92,0.5947974046409892
athlete_004,1824.705552,0.92,0.705548841145262
athlete_004,1825.705552,0.92,0.8163002776495343
athlete_004,1826.705552,0.812948285846193,0.82
athlete_004,1827.705552,0.7021968493419203,0.82
athlete_004,1828.705552,0.591445412837648,0.82
athlete_004,1829.705552,0.48069397633337657,0.82
athlete_004,1830.705552,0.3699425398291033,0.82
athlete_004,1831.705552,0.259191103324831,0.82
athlete_004,1832.705552,0.14843966682055865,0.82
athlete_004,1833.705552,0.08,0.7776882303162852
athlete_004,1834.705552,0.08,0.6669367938120138
athlete_004,1835.705552,0.08,0.5561853573077414
athlete_004,1836.705552,0.08,0.4454339208034682
athlete_004,1837.705552,0.08,0.33468248429919584
athlete_004,1838.705552,0.08,0.22393104779492357
athlete_004,1839.705552,0.14682038870934816,0.18
athlete_004,1840.705552,0.2575718252136214,0.18
athlete_004,1841.705552,0.3683232617178937,0.18
athlete_004,1842.705552,0.47907469822216603,0.18
athlete_004,1843.705552,0.5898261347264392,0.18
athlete_004,1844.705552,0.7005775712307111,0.18
athlete_004,1845.705552,0.8113290077349825,0.18
athlete_004,1846.705552,0.92,0.18208044423925457
athlete_004,1847.705552,0.92,0.2928318807435278
athlete_004,1848.705552,0.92,0.4035833172478001
athlete_004,1849.705552,0.92,0.5143347537520724
athlete_004,1850.705552,0.92,0.6250861902563447
athlete_004,1851.705552,0.92,0.735837626760617
athlete_004,1852.705552,0.8934109367351103,0.82
athlete_004,1853.705552,0.7826595002308371,0.82
athlete_004,1854.705552,0.6719080637265648,0.82
athlete_004,1855.705552,0.5611566272222933,0.82
athlete_004,1856.705552,0.45040519071802093,0.82
athlete_004,1857.705552,0.33965375421374777,0.82
athlete_004,1858.705552,0.22890231770947544,0.82
athlete_004,1859.705552,0.11815088120520312,0.82
athlete_004,1860.705552,0.08,0.7473994447009306
athlete_004,1861.705552,0.08,0.6366480081966582
athlete_004,1862.705552,0.08,0.5258965716923859
athlete_004,1863.705552,0.08,0.4151451351881136
athlete_004,1864.705552,0.08,0.30439369868384036
athlete_004,1865.705552,0.08,0.19364226217956892
athlete_004,1866.705552,0.1771091743247037,0.18
athlete_004,1867.705552,0.2878606108289769,0.18
athlete_004,1867.815161,0.30000000000000066,0.18
athlete_004,1868.815161,0.3,0.18498901341960672
athlete_004,1869.815161,0.3,0.18997802683921344
athlete_004,1870.815161,0.3,0.19496704025882017
athlete_004,1871.815161,0.3,0.1999560536784269
athlete_004,1872.815161,0.3,0.20494506709803362
athlete_004,1873.815161,0.3,0.20993408051764031
athlete_004,1874.815161,0.3,0.21492309393724704
athlete_004,1875.815161,0.3,0.21991210735685376
athlete_004,1876.815161,0.3049011207764605,0.22
athlete_004,1877.815161,0.3098901341960672,0.22
athlete_004,1878.815161,0.3148791476156739,0.22
athlete_004,1879.815161,0.31986816103528065,0.22
athlete_004,1880.815161,0.3248571744548874,0.22
athlete_004,1881.815161,0.3298461878744941,0.22
athlete_004,1882.815161,0.3348352012941008,0.22
athlete_004,1883.815161,0.33982421471370755,0.22
athlete_004,1884.815161,0.3448132281333143,0.22
athlete_004,1885.815161,0.34980224155292095,0.22
athlete_004,1886.815161,0.3547912549725277,0.22
athlete_004,1887.815161,0.3597802683921344,0.22
athlete_004,1888.815161,0.3647692818117411,0.22
athlete_004,1889.815161,0.36975829523134784,0.22
athlete_004,1890.815161,0.37474730865095457,0.22
athlete_004,1891.815161,0.3797363220705613,0.22
athlete_004,1892.815161,0.384725335490168,0.22
athlete_004,1893.815161,0.38971434890977474,0.22
athlete_004,1894.815161,0.39470336232938147,0.22
athlete_004,1895.815161,0.3996923757489882,0.22
athlete_004,1896.815161,0.4046813891685949,0.22
athlete_004,1897.815161,0.40967040258820164,0.22
athlete_004,1898.815161,0.41465941600780837,0.22
athlete_004,1899.815161,0.4196484294274151,0.22
athlete_004,1900.815161,0.42463744284702176,0.22
athlete_004,1901.815161,0.42962645626662854,0.22
athlete_004,1902.815161,0.4346154696862352,0.22
athlete_004,1903.815161,0.439604483105842,0.22
athlete_004,1904.815161,0.44459349652544866,0.22
athlete_004,1905.815161,0.44958250994505544,0.22
athlete_004,1906.815161,0.4545715233646621,0.22
athlete_004,1907.815161,0.4595605367842689,0.22
athlete_004,1908.815161,0.46454955020387556,0.22
athlete_004,1909.815161,0.4695385636234823,0.22
athlete_004,1910.815161,0.474527577043089,0.22
athlete_004,1911.815161,0.47951659046269574,0.22
athlete_004,1912.815161,0.48450560388230246,0.22
athlete_004,1913.815161,0.4894946173019092,0.22
athlete_004,1914.815161,0.4944836307215159,0.22
athlete_004,1915.815161,0.49947264414112263,0.22
athlete_004,1916.815161,0.5044616575607294,0.22
athlete_004,1917.815161,0.509450670980336,0.22
athlete_004,1918.815161,0.5144396843999428,0.22
athlete_004,1919.815161,0.5194286978195495,0.22
athlete_004,1920.815161,0.5244177112391561,0.22
athlete_004,1921.815161,0.529406724658763,0.22
athlete_004,1922.815161,0.5343957380783697,0.22
athlete_004,1923.815161,0.5393847514979764,0.22
athlete_004,1924.815161,0.544373764917583,0.22
athlete_004,1925.815161,0.5493627783371898,0.22
athlete_004,1926.815161,0.5543517917567966,0.22
athlete_004,1927.815161,0.5593408051764033,0.22
athlete_004,1928.815161,0.56432981859601,0.22
athlete_004,1929.815161,0.5693188320156168,0.22
athlete_004,1930.815161,0.5743078454352235,0.22
athlete_004,1931.815161,0.5792968588548302,0.22
athlete_004,1932.815161,0.5800000000000001,0.22428587227443683
athlete_004,1933.815161,0.5800000000000001,0.22927488569404356
athlete_004,1934.815161,0.5800000000000001,0.23426389911365028
athlete_004,1935.815161,0.5800000000000001,0.239252912533257
athlete_004,1936.815161,0.5800000000000001,0.24424192595286373
athlete_004,1937.815161,0.5800000000000001,0.24923093937247046
athlete_004,1938.815161,0.5800000000000001,0.2542199527920772
athlete_004,1939.815161,0.5800000000000001,0.2592089662116839
athlete_004,1940.815161,0.5800000000000001,0.26419797963129066
athlete_004,1941.815161,0.5800000000000001,0.2691869930508973
athlete_004,1942.815161,0.5800000000000001,0.2741760064705041
athlete_004,1943.815161,0.5800000000000001,0.2791650198901108
athlete_004,1944.815161,0.5800000000000001,0.28415403330971756
athlete_004,1945.815161,0.5800000000000001,0.2891430467293242
athlete_004,1946.815161,0.5800000000000001,0.294132060148931
athlete_004,1947.815161,0.5800000000000001,0.2991210735685377
athlete_004,1948.815161,0.5800000000000001,0.30411008698814446
athlete_004,1949.815161,0.5800000000000001,0.3090991004077511
athlete_004,1950.815161,0.5800000000000001,0.3140881138273578
athlete_004,1951.815161,0.5800000000000001,0.3190771272469646
athlete_004,1952.815161,0.5800000000000001,0.32406614066657125
athlete_004,1953.815161,0.5800000000000001,0.329055154086178
athlete_004,1954.815161,0.5800000000000001,0.3340441675057847
athlete_004,1955.815161,0.5800000000000001,0.3390331809253915
athlete_004,1956.008951,0.5800000000000001,0.33999999999999997
athlete_004,1957.008951,0.5800000000000001,0.3428012951532293
athlete_004,1958.008951,0.5800000000000001,0.34560259030645857
athlete_004,1959.008951,0.5800000000000001,0.34840388545968787
athlete_004,1960.008951,0.5800000000000001,0.35120518061291717
athlete_004,1961.008951,0.5800000000000001,0.3540064757661464
athlete_004,1962.008951,0.5800000000000001,0.3568077709193757
athlete_004,1963.008951,0.5800000000000001,0.359609066072605
athlete_004,1964.008951,0.5800000000000001,0.3624103612258343
athlete_004,1965.008951,0.5800000000000001,0.36521165637906355
athlete_004,1966.008951,0.5800000000000001,0.36801295153229285
athlete_004,1967.008951,0.5800000000000001,0.37081424668552215
athlete_004,1968.008951,0.5800000000000001,0.3736155418387514
athlete_004,1969.008951,0.5800000000000001,0.3764168369919807
athlete_004,1970.008951,0.5800000000000001,0.37921813214521
athlete_004,1971.008951,0.5800000000000001,0.3820194272984393
athlete_004,1972.008951,0.5800000000000001,0.38482072245166854
athlete_004,1973.008951,0.5800000000000001,0.38762201760489784
athlete_004,1974.008951,0.5800000000000001,0.39042331275812714
athlete_004,1975.008951,0.5800000000000001,0.3932246079113564
athlete_004,1976.008951,0.5800000000000001,0.3960259030645857
athlete_004,1977.008951,0.5800000000000001,0.398827198217815
athlete_004,1978.008951,0.5800000000000001,0.4016284933710442
athlete_004,1979.008951,0.5800000000000001,0.4044297885242735
athlete_004,1980.008951,0.5800000000000001,0.4072310836775028
athlete_004,1981.008951,0.5800000000000001,0.41003237883073207
athlete_004,1982.008951,0.5800000000000001,0.41283367398396137
athlete_004,1983.008951,0.5800000000000001,0.41563496913719067
athlete_004,1984.008951,0.5800000000000001,0.4184362642904199
athlete_004,1985.008951,0.5800000000000001,0.4212375594436492
athlete_004,1986.008951,0.5800000000000001,0.4240388545968785
athlete_004,1987.008951,0.5800000000000001,0.4268401497501078
athlete_004,1988.008951,0.5800000000000001,0.42964144490333706
athlete_004,1989.008951,0.5800000000000001,0.43244274005656635
athlete_004,1990.008951,0.5800000000000001,0.4352440352097956
athlete_004,1991.008951,0.5800000000000001,0.4380453303630249
athlete_004,1992.008951,0.5800000000000001,0.4408466255162542
athlete_004,1993.008951,0.5800000000000001,0.4436479206694835
athlete_004,1994.008951,0.5800000000000001,0.4464492158227128
athlete_004,1995.008951,0.5800000000000001,0.44925051097594204
athlete_004,1996.008951,0.5800000000000001,0.45205180612917134
athlete_004,1997.008951,0.5800000000000001,0.45485310128240064
athlete_004,1998.008951,0.5800000000000001,0.4576543964356299
athlete_004,1999.008951,0.5800000000000001,0.4604556915888592
athlete_004,2000.008951,0.5800000000000001,0.4632569867420885
athlete_004,2001.008951,0.5800000000000001,0.4660582818953177
athlete_004,2002.008951,0.5800000000000001,0.4688595770485471
athlete_004,2003.008951,0.5800000000000001,0.4716608722017763
athlete_004,2004.008951,0.5800000000000001,0.47446216735500557
athlete_004,2005.008951,0.5800000000000001,0.4772634625082349
athlete_004,2006.008951,0.5800000000000001,0.48006475766146417
athlete_004,2007.008951,0.5800000000000001,0.4828660528146934
athlete_004,2008.008951,0.5800000000000001,0.48566734796792277
athlete_004,2009.008951,0.5800000000000001,0.488468643121152
athlete_004,2010.008951,0.5800000000000001,0.4912699382743813
athlete_004,2011.008951,0.5800000000000001,0.4940712334276106
athlete_004,2012.008951,0.5800000000000001,0.49687252858083986
athlete_004,2013.008951,0.5800000000000001,0.49967382373406916
athlete_004,2014.008951,0.5800000000000001,0.5024751188872985
athlete_004,2015.008951,0.5800000000000001,0.5052764140405277
athlete_004,2016.008951,0.5800000000000001,0.5080777091937569
athlete_004,2017.008951,0.5800000000000001,0.5108790043469863
athlete_004,2018.008951,0.5800000000000001,0.5136802995002155
athlete_004,2019.008951,0.5800000000000001,0.5164815946534449
athlete_004,2020.008951,0.5800000000000001,0.5192828898066741
athlete_004,2021.008951,0.5800000000000001,0.5220841849599034
athlete_004,2022.008951,0.5800000000000001,0.5248854801131326
athlete_004,2023.008951,0.5800000000000001,0.527686775266362
athlete_004,2024.008951,0.5800000000000001,0.5304880704195912
athlete_004,2025.008951,0.5800000000000001,0.5332893655728206
athlete_004,2026.008951,0.5800000000000001,0.5360906607260498
athlete_004,2027.008951,0.5800000000000001,0.5388919558792791
athlete_004,2028.008951,0.5800000000000001,0.5416932510325083
athlete_004,2029.008951,0.5800000000000001,0.5444945461857377
athlete_004,2030.008951,0.5800000000000001,0.5472958413389669
athlete_004,2031.008951,0.5800000000000001,0.5500971364921963
athlete_004,2032.008951,0.5800000000000001,0.5528984316454255
athlete_004,2033.008951,0.5800000000000001,0.5556997267986548
athlete_004,2034.008951,0.5800000000000001,0.5585010219518841
athlete_004,2035.008951,0.5800000000000001,0.5613023171051134
athlete_004,2036.008951,0.5800000000000001,0.5641036122583427
athlete_004,2037.008951,0.5800000000000001,0.566904907411572
athlete_004,2038.008951,0.5800000000000001,0.5697062025648012
athlete_004,2039.008951,0.5800000000000001,0.5725074977180304
athlete_004,2040.008951,0.5800000000000001,0.5753087928712598
athlete_004,2041.008951,0.5800000000000001,0.578110088024489
athlete_004,2042.008951,0.5800000000000001,0.5809113831777184
athlete_004,2043.008951,0.5800000000000001,0.5837126783309476
athlete_004,2044.008951,0.5800000000000001,0.5865139734841769
athlete_004,2045.008951,0.5800000000000001,0.5893152686374061
athlete_004,2046.008951,0.5800000000000001,0.5921165637906355
athlete_004,2047.008951,0.5800000000000001,0.5949178589438647
athlete_004,2048.008951,0.5800000000000001,0.5977191540970934
athlete_004,2049.008951,0.5800000000000001,0.6005204492503227
athlete_004,2050.008951,0.5800000000000001,0.603321744403552
athlete_004,2051.008951,0.5800000000000001,0.6061230395567813
athlete_004,2052.008951,0.5800000000000001,0.6089243347100106
athlete_004,2053.008951,0.5800000000000001,0.6117256298632399
athlete_004,2054.008951,0.5800000000000001,0.6145269250164691
athlete_004,2055.008951,0.5800000000000001,0.6173282201696983
athlete_004,2056.008951,0.5800000000000001,0.6201295153229277
athlete_004,2057.008951,0.5800000000000001,0.622930810476157
athlete_004,2058.008951,0.5800000000000001,0.6257321056293863
athlete_004,2059.008951,0.5800000000000001,0.6285334007826155
athlete_004,2060.008951,0.5800000000000001,0.6313346959358448
athlete_004,2061.008951,0.5800000000000001,0.634135991089074
athlete_004,2062.008951,0.5800000000000001,0.6369372862423034
athlete_004,2063.008951,0.5800000000000001,0.6397385813955326
athlete_004,2064.008951,0.5800000000000001,0.642539876548762
athlete_004,2065.008951,0.5800000000000001,0.6453411717019912
athlete_004,2066.008951,0.5800000000000001,0.6481424668552205
athlete_004,2067.008951,0.5800000000000001,0.6509437620084497
athlete_004,2068.008951,0.5800000000000001,0.6537450571616791
athlete_004,2069.008951,0.5800000000000001,0.6565463523149083
athlete_004,2070.008951,0.5800000000000001,0.6593476474681377
athlete_004,2071.008951,0.5800000000000001,0.6621489426213669
athlete_004,2072.008951,0.5800000000000001,0.6649502377745962
athlete_004,2073.008951,0.5800000000000001,0.6677515329278254
athlete_004,2074.008951,0.5800000000000001,0.6705528280810548
athlete_004,2075.008951,0.5800000000000001,0.673354123234284
athlete_004,2076.008951,0.5800000000000001,0.6761554183875134
athlete_004,2077.008951,0.5800000000000001,0.6789567135407426
athlete_004,2078.008951,0.5800000000000001,0.6817580086939719
athlete_004,2079.008951,0.5800000000000001,0.6845593038472011
athlete_004,2080.008951,0.5800000000000001,0.6873605990004305
athlete_004,2081.008951,0.5800000000000001,0.6901618941536598
athlete_004,2082.008951,0.5800000000000001,0.692963189306889
athlete_004,2083.008951,0.5800000000000001,0.6957644844601183
athlete_004,2084.008951,0.5800000000000001,0.6985657796133475
athlete_004,2085.008951,0.5800000000000001,0.7013670747665768
athlete_004,2086.008951,0.5800000000000001,0.7041683699198061
athlete_004,2087.008951,0.5800000000000001,0.7069696650730355
athlete_004,2088.008951,0.5800000000000001,0.7097709602262647
athlete_004,2089.008951,0.5800000000000001,0.712572255379494
athlete_004,2090.008951,0.5800000000000001,0.7153735505327232
athlete_004,2091.008951,0.5800000000000001,0.7181748456859526
athlete_004,2091.66049,0.5800000000000001,0.72
athlete_004,2092.66049,0.5800000000000001,0.7096447284190508
athlete_004,2093.66049,0.5800000000000001,0.6992894568381016
athlete_004,2094.66049,0.5800000000000001,0.6889341852571523
athlete_004,2095.66049,0.5800000000000001,0.6785789136762032
athlete_004,2096.66049,0.5800000000000001,0.668223642095254
athlete_004,2097.66049,0.5800000000000001,0.6578683705143047
athlete_004,2098.66049,0.5800000000000001,0.6475130989333555
athlete_004,2099.66049,0.5800000000000001,0.6371578273524063
athlete_004,2100.66049,0.5800000000000001,0.6268025557714572
athlete_004,2101.66049,0.5800000000000001,0.616447284190508
athlete_004,2102.66049,0.5800000000000001,0.6060920126095587
athlete_004,2103.66049,0.5800000000000001,0.5957367410286095
athlete_004,2104.66049,0.5800000000000001,0.5853814694476603
athlete_004,2105.66049,0.5800000000000001,0.575026197866711
athlete_004,2106.66049,0.5800000000000001,0.5646709262857619
athlete_004,2107.66049,0.5800000000000001,0.5543156547048127
athlete_004,2108.66049,0.5800000000000001,0.5439603831238635
athlete_004,2109.66049,0.5800000000000001,0.5336051115429143
athlete_004,2110.66049,0.5800000000000001,0.5232498399619652
athlete_004,2111.66049,0.5800000000000001,0.5128945683810159
athlete_004,2112.66049,0.5800000000000001,0.5025392968000667
athlete_004,2113.66049,0.5800000000000001,0.49218402521911747
athlete_004,2114.66049,0.5800000000000001,0.4818287536381683
athlete_004,2115.66049,0.5800000000000001,0.47147348205721906
athlete_004,2116.66049,0.5800000000000001,0.4611182104762699
athlete_004,2117.66049,0.5800000000000001,0.45076293889532065
athlete_004,2118.66049,0.5800000000000001,0.4404076673143715
athlete_004,2119.66049,0.5800000000000001,0.43005239573342224
athlete_004,2120.66049,0.5800000000000001,0.419697124152473
athlete_004,2121.66049,0.5800000000000001,0.4093418525715239
athlete_004,2122.66049,0.5800000000000001,0.39898658099057466
athlete_004,2123.66049,0.5800000000000001,0.3886313094096254
athlete_004,2124.66049,0.5800000000000001,0.3782760378286762
athlete_004,2125.66049,0.5800000000000001,0.36792076624772707
athlete_004,2126.66049,0.5800000000000001,0.35756549466677784
athlete_004,2127.66049,0.5800000000000001,0.3472102230858286
athlete_004,2128.66049,0.5800000000000001,0.3368549515048794
athlete_004,2129.66049,0.5800000000000001,0.32649967992393025
athlete_004,2130.66049,0.5800000000000001,0.316144408342981
athlete_004,2131.66049,0.5800000000000001,0.3057891367620318
athlete_004,2132.66049,0.5800000000000001,0.29543386518108256
athlete_004,2133.66049,0.5800000000000001,0.28507859360013343
athlete_004,2134.66049,0.5800000000000001,0.2747233220191842
athlete_004,2135.66049,0.5800000000000001,0.26436805043823497
athlete_004,2136.66049,0.5800000000000001,0.2540127788572858
athlete_004,2137.66049,0.5800000000000001,0.24365750727633662
athlete_004,2138.66049,0.5800000000000001,0.23330223569538738
athlete_004,2139.66049,0.5800000000000001,0.22294696411443815
athlete_004,2140.66049,0.5874083074665111,0.22
athlete_004,2141.66049,0.5977635790474602,0.22
athlete_004,2142.66049,0.6081188506284094,0.22
athlete_004,2143.66049,0.6184741222093587,0.22
athlete_004,2144.66049,0.6288293937903079,0.22
athlete_004,2145.66049,0.6391846653712571,0.22
athlete_004,2146.66049,0.64,0.21046006304779377
athlete_004,2147.66049,0.64,0.20010479146684448
athlete_004,2148.66049,0.64,0.1897495198858953
athlete_004,2149.601994,0.64,0.17999999999999997
athlete_004,2150.601994,0.7671998054193975,0.18
athlete_004,2151.601994,0.8943996108387949,0.18
athlete_004,2152.601994,0.92,0.28159941625819235
athlete_004,2153.601994,0.92,0.4087992216775898
athlete_004,2154.601994,0.92,0.5359990270969874
athlete_004,2155.601994,0.92,0.6631988325163847
athlete_004,2156.601994,0.92,0.7903986379357821
athlete_004,2157.601994,0.8224015566448203,0.82
athlete_004,2158.601994,0.6952017512254226,0.82
athlete_004,2159.601994,0.5680019458060251,0.82
athlete_004,2160.601994,0.4408021403866277,0.82
athlete_004,2161.601994,0.31360233496723044,0.82
athlete_004,2162.601994,0.18640252954783298,0.82
athlete_004,2163.601994,0.08,0.7992027241284355
athlete_004,2164.601994,0.08,0.6720029187090378
athlete_004,2165.601994,0.08,0.5448031132896406
athlete_004,2166.601994,0.08,0.4176033078702432
athlete_004,2167.601994,0.08,0.29040350245084523
athlete_004,2168.601994,0.09679630296855228,0.18
athlete_004,2169.601994,0.22399610838794975,0.18
athlete_004,2170.601994,0.3511959138073472,0.18
athlete_004,2171.601994,0.47839571922674473,0.18
athlete_004,2172.601994,0.6055955246461421,0.18
athlete_004,2173.601994,0.7327953300655391,0.18
athlete_004,2174.601994,0.8599951354849366,0.18
athlete_004,2175.601994,0.92,0.24719494090433375
athlete_004,2176.601994,0.92,0.3743947463237312
athlete_004,2177.601994,0.92,0.5015945517431286
athlete_004,2178.601994,0.92,0.6287943571625265
athlete_004,2179.601994,0.92,0.755994162581924
athlete_004,2180.601994,0.8568060319986782,0.82
athlete_004,2181.601994,0.7296062265792812,0.82
athlete_004,2182.601994,0.6024064211598833,0.82
athlete_004,2183.601994,0.4752066157404863,0.82
athlete_004,2184.601994,0.3480068103210884,0.82
athlete_004,2185.601994,0.22080700490169047,0.82
athlete_004,2186.601994,0.09360719948229346,0.82
athlete_004,2187.601994,0.08,0.7064073940628953
athlete_004,2188.601994,0.08,0.5792075886434983
athlete_004,2189.601994,0.08,0.4520077832241004
athlete_004,2190.601994,0.08,0.32480797780470333
athlete_004,2191.601994,0.08,0.19760817238530548
athlete_004,2192.601994,0.18959163303409182,0.18
athlete_004,2193.601994,0.3167914384534897,0.18
athlete_004,2194.601994,0.44399124387288674,0.18
athlete_004,2195.601994,0.5711910492922846,0.18
athlete_004,2196.601994,0.6983908547116812,0.18
athlete_004,2197.601994,0.8255906601310782,0.18
athlete_004,2198.601994,0.92,0.21279046555047582
athlete_004,2199.601994,0.92,0.33999027096987283
athlete_004,2200.601994,0.92,0.46719007638927074
athlete_004,2201.601994,0.92,0.5943898818086677
athlete_004,2202.601994,0.92,0.7215896872280656
athlete_004,2203.601994,0.891210507352537,0.82
athlete_004,2204.601994,0.7640107019331391,0.82
athlete_004,2205.601994,0.6368108965137421,0.82
athlete_004,2206.601994,0.5096110910943433,0.82
athlete_004,2207.601994,0.3824112856749463,0.82
athlete_004,2208.601994,0.2552114802555484,0.82
athlete_004,2209.601994,0.1280116748361514,0.82
athlete_004,2210.601994,0.08,0.7408118694167533
athlete_004,2211.601994,0.08,0.6136120639973562
athlete_004,2212.601994,0.08,0.48641225857795833
athlete_004,2213.601994,0.08,0.3592124531585622
athlete_004,2214.601994,0.08,0.2320126477391643
athlete_004,2215.601994,0.155187157680233,0.18
athlete_004,2216.601994,0.2823869630996309,0.18
athlete_004,2216.740461,0.30000000000000066,0.18
athlete_004,2217.740461,0.3,0.18980708873313715
athlete_004,2218.740461,0.3,0.1996141774662743
athlete_004,2219.740461,0.3,0.20942126619941143
athlete_004,2220.740461,0.3,0.21922835493254858
athlete_004,2221.740461,0.3090354436656857,0.22
athlete_004,2222.740461,0.3188425323988229,0.22
athlete_004,2223.740461,0.32864962113196,0.22
athlete_004,2224.740461,0.3384567098650972,0.22
athlete_004,2225.740461,0.3482637985982343,0.22
athlete_004,2226.740461,0.3580708873313715,0.22
athlete_004,2227.740461,0.3678779760645086,0.22
athlete_004,2228.740461,0.37768506479764574,0.22
athlete_004,2229.740461,0.3874921535307829,0.22
athlete_004,2230.740461,0.39729924226392005,0.22
athlete_004,2231.740461,0.4071063309970572,0.22
athlete_004,2232.740461,0.41691341973019436,0.22
athlete_004,2233.740461,0.4267205084633315,0.22
athlete_004,2234.740461,0.4365275971964686,0.22
athlete_004,2235.740461,0.4463346859296058,0.22
athlete_004,2236.740461,0.45614177466274297,0.22
athlete_004,2237.740461,0.46594886339588004,0.22
athlete_004,2238.740461,0.4757559521290172,0.22
athlete_004,2239.740461,0.4855630408621544,0.22
athlete_004,2240.740461,0.4953701295952915,0.22
athlete_004,2241.740461,0.5051772183284287,0.22
athlete_004,2242.740461,0.5149843070615658,0.22
athlete_004,2243.740461,0.524791395794703,0.22
athlete_004,2244.740461,0.5345984845278401,0.22
athlete_004,2245.740461,0.5444055732609773,0.22
athlete_004,2246.740461,0.5542126619941143,0.22
athlete_004,2247.740461,0.5640197507272515,0.22
athlete_004,2248.740461,0.5738268394603887,0.22
athlete_004,2249.740461,0.5836339281935259,0.22
athlete_004,2250.740461,0.5934410169266631,0.22
athlete_004,2251.740461,0.6032481056598002,0.22
athlete_004,2252.740461,0.6130551943929372,0.22
athlete_004,2253.740461,0.6228622831260744,0.22
athlete_004,2254.740461,0.6326693718592116,0.22
athlete_004,2255.740461,0.6424764605923488,0.22
athlete_004,2256.740461,0.6522835493254859,0.22
athlete_004,2257.740461,0.6599999999999999,0.22209063805862314
athlete_004,2258.740461,0.6599999999999999,0.23189772679176027
athlete_004,2259.740461,0.6599999999999999,0.24170481552489745
athlete_004,2260.740461,0.6599999999999999,0.2515119042580346
athlete_004,2261.740461,0.6599999999999999,0.2613189929911718
athlete_004,2262.740461,0.6599999999999999,0.27112608172430885
athlete_004,2263.740461,0.6599999999999999,0.28093317045744604
athlete_004,2264.740461,0.6599999999999999,0.2907402591905831
athlete_004,2265.740461,0.6599999999999999,0.3005473479237204
athlete_004,2266.740461,0.6599999999999999,0.31035443665685747
athlete_004,2267.740461,0.6599999999999999,0.32016152538999465
athlete_004,2268.740461,0.6599999999999999,0.3299686141231317
athlete_004,2269.740461,0.6599999999999999,0.3397757028562689
athlete_004,2269.763332,0.6599999999999999,0.33999999999999997
athlete_004,2270.763332,0.6599999999999999,0.3421123856101426
athlete_004,2271.763332,0.6599999999999999,0.3442247712202852
athlete_004,2272.763332,0.6599999999999999,0.3463371568304279
athlete_004,2273.763332,0.6599999999999999,0.34844954244057047
athlete_004,2274.763332,0.6599999999999999,0.35056192805071307
athlete_004,2275.763332,0.6599999999999999,0.35267431366085567
athlete_004,2276.763332,0.6599999999999999,0.35478669927099826
athlete_004,2277.763332,0.6599999999999999,0.3568990848811409
athlete_004,2278.763332,0.6599999999999999,0.3590114704912835
athlete_004,2279.763332,0.6599999999999999,0.3611238561014261
athlete_004,2280.763332,0.6599999999999999,0.3632362417115687
athlete_004,2281.763332,0.6599999999999999,0.36534862732171136
athlete_004,2282.763332,0.6599999999999999,0.36746101293185396
athlete_004,2283.763332,0.6599999999999999,0.36957339854199656
athlete_004,2284.763332,0.6599999999999999,0.37168578415213915
athlete_004,2285.763332,0.6599999999999999,0.37379816976228175
athlete_004,2286.763332,0.6599999999999999,0.3759105553724244
athlete_004,2287.763332,0.6599999999999999,0.378022940982567
athlete_004,2288.763332,0.6599999999999999,0.3801353265927096
athlete_004,2289.763332,0.6599999999999999,0.3822477122028522
athlete_004,2290.763332,0.6599999999999999,0.38436009781299485
athlete_004,2291.763332,0.6599999999999999,0.38647248342313745
athlete_004,2292.763332,0.6599999999999999,0.38858486903328004
athlete_004,2293.763332,0.6599999999999999,0.39069725464342264
athlete_004,2294.763332,0.6599999999999999,0.39280964025356524
athlete_004,2295.763332,0.6599999999999999,0.3949220258637079
athlete_004,2296.763332,0.6599999999999999,0.3970344114738505
athlete_004,2297.763332,0.6599999999999999,0.3991467970839931
athlete_004,2298.763332,0.6599999999999999,0.4012591826941357
athlete_004,2299.763332,0.6599999999999999,0.4033715683042783
athlete_004,2300.763332,0.6599999999999999,0.40548395391442094
athlete_004,2301.763332,0.6599999999999999,0.40759633952456353
athlete_004,2302.763332,0.6599999999999999,0.40970872513470613
athlete_004,2303.763332,0.6599999999999999,0.41182111074484873
athlete_004,2304.763332,0.6599999999999999,0.4139334963549913
athlete_004,2305.763332,0.6599999999999999,0.4160458819651339
athlete_004,2306.763332,0.6599999999999999,0.4181582675752766
athlete_004,2307.763332,0.6599999999999999,0.4202706531854192
athlete_004,2308.763332,0.6599999999999999,0.42238303879556177
athlete_004,2309.763332,0.6599999999999999,0.4244954244057044
athlete_004,2310.763332,0.6599999999999999,0.426607810015847
athlete_004,2311.763332,0.6599999999999999,0.4287201956259896
athlete_004,2312.763332,0.6599999999999999,0.4308325812361322
athlete_004,2313.763332,0.6599999999999999,0.4329449668462748
athlete_004,2314.763332,0.6599999999999999,0.43505735245641747
athlete_004,2315.763332,0.6599999999999999,0.43716973806656007
athlete_004,2316.763332,0.6599999999999999,0.43928212367670266
athlete_004,2317.763332,0.6599999999999999,0.44139450928684526
athlete_004,2318.763332,0.6599999999999999,0.4435068948969879
athlete_004,2319.763332,0.6599999999999999,0.4456192805071305
athlete_004,2320.763332,0.6599999999999999,0.4477316661172731
athlete_004,2321.763332,0.6599999999999999,0.4498440517274157
athlete_004,2322.763332,0.6599999999999999,0.4519564373375583
athlete_004,2323.763332,0.6599999999999999,0.4540688229477009
athlete_004,2324.763332,0.6599999999999999,0.45618120855784355
athlete_004,2325.763332,0.6599999999999999,0.45829359416798615
athlete_004,2326.763332,0.6599999999999999,0.46040597977812875
athlete_004,2327.763332,0.6599999999999999,0.4625183653882714
athlete_004,2328.763332,0.6599999999999999,0.464630750998414
athlete_004,2329.763332,0.6599999999999999,0.4667431366085566
athlete_004,2330.763332,0.6599999999999999,0.4688555222186992
athlete_004,2331.763332,0.6599999999999999,0.4709679078288418
athlete_004,2332.763332,0.6599999999999999,0.4730802934389844
athlete_004,2333.763332,0.6599999999999999,0.47519267904912704
athlete_004,2334.763332,0.6599999999999999,0.4773050646592696
athlete_004,2335.763332,0.6599999999999999,0.47941745026941224
athlete_004,2336.763332,0.6599999999999999,0.48152983587955484
athlete_004,2337.763332,0.6599999999999999,0.4836422214896975
athlete_004,2338.763332,0.6599999999999999,0.4857546070998401
athlete_004,2339.763332,0.6599999999999999,0.4878669927099827
athlete_004,2340.763332,0.6599999999999999,0.4899793783201253
athlete_004,2341.763332,0.6599999999999999,0.4920917639302679
athlete_004,2342.763332,0.6599999999999999,0.4942041495404105
athlete_004,2343.763332,0.6599999999999999,0.49631653515055313
athlete_004,2344.763332,0.6599999999999999,0.4984289207606957
athlete_004,2345.763332,0.6599999999999999,0.5005413063708384
athlete_004,2346.763332,0.6599999999999999,0.502653691980981
athlete_004,2347.763332,0.6599999999999999,0.5047660775911236
athlete_004,2348.763332,0.6599999999999999,0.5068784632012662
athlete_004,2349.763332,0.6599999999999999,0.5089908488114088
athlete_004,2350.763332,0.6599999999999999,0.5111032344215514
athlete_004,2351.763332,0.6599999999999999,0.513215620031694
athlete_004,2352.763332,0.6599999999999999,0.5153280056418366
athlete_004,2353.763332,0.6599999999999999,0.5174403912519792
athlete_004,2354.763332,0.6599999999999999,0.5195527768621218
athlete_004,2355.763332,0.6599999999999999,0.5216651624722645
athlete_004,2356.763332,0.6599999999999999,0.5237775480824071
athlete_004,2357.763332,0.6599999999999999,0.5258899336925497
athlete_004,2358.763332,0.6599999999999999,0.5280023193026923
athlete_004,2359.763332,0.6599999999999999,0.5301147049128349
athlete_004,2360.763332,0.6599999999999999,0.5322270905229775
athlete_004,2361.763332,0.6599999999999999,0.5343394761331202
athlete_004,2362.763332,0.6599999999999999,0.5364518617432626
athlete_004,2363.763332,0.6599999999999999,0.5385642473534054
athlete_004,2364.763332,0.6599999999999999,0.540676632963548
athlete_004,2365.763332,0.6599999999999999,0.5427890185736906
athlete_004,2366.763332,0.6599999999999999,0.5449014041838331
athlete_004,2367.763332,0.6599999999999999,0.5470137897939757
athlete_004,2368.763332,0.6599999999999999,0.5491261754041183
athlete_004,2369.763332,0.6599999999999999,0.5512385610142609
athlete_004,2370.763332,0.6599999999999999,0.5533509466244035
athlete_004,2371.763332,0.6599999999999999,0.5554633322345461
athlete_004,2372.763332,0.6599999999999999,0.5575757178446887
athlete_004,2373.763332,0.6599999999999999,0.5596881034548314
athlete_004,2374.763332,0.6599999999999999,0.5618004890649739
athlete_004,2375.763332,0.6599999999999999,0.5639128746751166
athlete_004,2376.763332,0.6599999999999999,0.5660252602852592
athlete_004,2377.763332,0.6599999999999999,0.5681376458954018
athlete_004,2378.763332,0.6599999999999999,0.5702500315055444
athlete_004,2379.763332,0.6599999999999999,0.572362417115687
athlete_004,2380.763332,0.6599999999999999,0.5744748027258296
athlete_004,2381.763332,0.6599999999999999,0.5765871883359723
athlete_004,2382.763332,0.6599999999999999,0.5786995739461149
athlete_004,2383.763332,0.6599999999999999,0.5808119595562575
athlete_004,2384.763332,0.6599999999999999,0.5829243451664001
athlete_004,2385.763332,0.6599999999999999,0.5850367307765427
athlete_004,2386.763332,0.6599999999999999,0.5871491163866853
athlete_004,2387.763332,0.6599999999999999,0.5892615019968279
athlete_004,2388.763332,0.6599999999999999,0.5913738876069705
athlete_004,2389.763332,0.6599999999999999,0.5934862732171131
athlete_004,2390.763332,0.6599999999999999,0.5955986588272557
athlete_004,2391.763332,0.6599999999999999,0.5977110444373983
athlete_004,2392.763332,0.6599999999999999,0.5998234300475409
athlete_004,2393.763332,0.6599999999999999,0.6019358156576835
athlete_004,2394.763332,0.6599999999999999,0.6040482012678262
athlete_004,2395.763332,0.6599999999999999,0.6061605868779688
athlete_004,2396.763332,0.6599999999999999,0.6082729724881114
athlete_004,2397.763332,0.6599999999999999,0.6103853580982541
athlete_004,2398.763332,0.6599999999999999,0.6124977437083967
athlete_004,2399.763332,0.6599999999999999,0.6146101293185392
athlete_004,2400.763332,0.6599999999999999,0.6167225149286819
athlete_004,2401.763332,0.6599999999999999,0.6188349005388245
athlete_004,2402.763332,0.6599999999999999,0.6209472861489671
athlete_004,2403.763332,0.6599999999999999,0.6230596717591097
athlete_004,2404.763332,0.6599999999999999,0.6251720573692523
athlete_004,2405.763332,0.6599999999999999,0.6272844429793949
athlete_004,2406.763332,0.6599999999999999,0.6293968285895375
athlete_004,2407.763332,0.6599999999999999,0.6315092141996801
athlete_004,2408.763332,0.6599999999999999,0.6336215998098227
athlete_004,2409.763332,0.6599999999999999,0.6357339854199653
athlete_004,2410.763332,0.6599999999999999,0.6378463710301079
athlete_004,2411.763332,0.6599999999999999,0.6399587566402506
athlete_004,2412.763332,0.6599999999999999,0.6420711422503931
athlete_004,2413.763332,0.6599999999999999,0.6441835278605357
athlete_004,2414.763332,0.6599999999999999,0.6462959134706784
athlete_004,2415.763332,0.6599999999999999,0.648408299080821
athlete_004,2416.763332,0.6599999999999999,0.6505206846909636
athlete_004,2417.763332,0.6599999999999999,0.6526330703011063
athlete_004,2418.763332,0.6599999999999999,0.6547454559112489
athlete_004,2419.763332,0.6599999999999999,0.6568578415213915
athlete_004,2420.763332,0.6599999999999999,0.6589702271315341
athlete_004,2421.763332,0.6599999999999999,0.6610826127416767
athlete_004,2422.763332,0.6599999999999999,0.6631949983518193
athlete_004,2423.763332,0.6599999999999999,0.6653073839619619
athlete_004,2424.763332,0.6599999999999999,0.6674197695721045
athlete_004,2425.763332,0.6599999999999999,0.6695321551822471
athlete_004,2426.763332,0.6599999999999999,0.6716445407923897
athlete_004,2427.763332,0.6599999999999999,0.6737569264025323
athlete_004,2428.763332,0.6599999999999999,0.6758693120126749
athlete_004,2429.763332,0.6599999999999999,0.6779816976228175
athlete_004,2430.763332,0.6599999999999999,0.6800940832329601
athlete_004,2431.763332,0.6599999999999999,0.6822064688431028
athlete_004,2432.763332,0.6599999999999999,0.6843188544532454
athlete_004,2433.763332,0.6599999999999999,0.686431240063388
athlete_004,2434.763332,0.6599999999999999,0.6885436256735306
athlete_004,2435.763332,0.6599999999999999,0.6906560112836733
athlete_004,2436.763332,0.6599999999999999,0.6927683968938158
athlete_004,2437.763332,0.6599999999999999,0.6948807825039585
athlete_004,2438.763332,0.6599999999999999,0.6969931681141011
athlete_004,2439.763332,0.6599999999999999,0.6991055537242437
athlete_004,2440.763332,0.6599999999999999,0.7012179393343863
athlete_004,2441.763332,0.6599999999999999,0.7033303249445289
athlete_004,2442.763332,0.6599999999999999,0.7054427105546714
athlete_004,2443.763332,0.6599999999999999,0.707555096164814
athlete_004,2444.763332,0.6599999999999999,0.7096674817749566
athlete_004,2445.763332,0.6599999999999999,0.7117798673850992
athlete_004,2446.763332,0.6599999999999999,0.7138922529952418
athlete_004,2447.763332,0.6599999999999999,0.7160046386053844
athlete_004,2448.763332,0.6599999999999999,0.7181170242155271
athlete_004,2449.65473,0.6599999999999999,0.72
athlete_004,2450.65473,0.6599999999999999,0.7146003872947236
athlete_004,2451.65473,0.6599999999999999,0.7092007745894473
athlete_004,2452.65473,0.6599999999999999,0.703801161884171
athlete_004,2453.65473,0.6599999999999999,0.6984015491788946
athlete_004,2454.65473,0.6599999999999999,0.6930019364736183
athlete_004,2455.65473,0.6599999999999999,0.6876023237683418
athlete_004,2456.65473,0.6599999999999999,0.6822027110630655
athlete_004,2457.65473,0.6599999999999999,0.6768030983577892
athlete_004,2458.65473,0.6599999999999999,0.6714034856525128
athlete_004,2459.65473,0.6599999999999999,0.6660038729472365
athlete_004,2460.65473,0.6599999999999999,0.6606042602419602
athlete_004,2461.65473,0.6599999999999999,0.6552046475366838
athlete_004,2462.65473,0.6599999999999999,0.6498050348314075
athlete_004,2463.65473,0.6599999999999999,0.6444054221261312
athlete_004,2464.65473,0.6599999999999999,0.6390058094208548
athlete_004,2465.65473,0.6599999999999999,0.6336061967155784
athlete_004,2466.65473,0.6599999999999999,0.628206584010302
athlete_004,2467.65473,0.6599999999999999,0.6228069713050257
athlete_004,2468.65473,0.6599999999999999,0.6174073585997494
athlete_004,2469.65473,0.6599999999999999,0.612007745894473
athlete_004,2470.65473,0.6599999999999999,0.6066081331891967
athlete_004,2471.65473,0.6599999999999999,0.6012085204839204
athlete_004,2472.65473,0.6599999999999999,0.595808907778644
athlete_004,2473.65473,0.6599999999999999,0.5904092950733677
athlete_004,2474.65473,0.6599999999999999,0.5850096823680914
athlete_004,2475.65473,0.6599999999999999,0.579610069662815
athlete_004,2476.65473,0.6599999999999999,0.5742104569575386
athlete_004,2477.65473,0.6599999999999999,0.5688108442522622
athlete_004,2478.65473,0.6599999999999999,0.5634112315469859
athlete_004,2479.65473,0.6599999999999999,0.5580116188417096
athlete_004,2480.65473,0.6599999999999999,0.5526120061364332
athlete_004,2481.65473,0.6599999999999999,0.5472123934311569
athlete_004,2482.65473,0.6599999999999999,0.5418127807258806
athlete_004,2483.65473,0.6599999999999999,0.5364131680206042
athlete_004,2484.65473,0.6599999999999999,0.5310135553153279
athlete_004,2485.65473,0.6599999999999999,0.5256139426100515
athlete_004,2486.65473,0.6599999999999999,0.5202143299047752
athlete_004,2487.65473,0.6599999999999999,0.5148147171994988
athlete_004,2488.65473,0.6599999999999999,0.5094151044942226
athlete_004,2489.65473,0.6599999999999999,0.5040154917889461
athlete_004,2490.65473,0.6599999999999999,0.4986158790836698
athlete_004,2491.65473,0.6599999999999999,0.49321626637839344
athlete_004,2492.65473,0.6599999999999999,0.4878166536731171
athlete_004,2493.65473,0.6599999999999999,0.48241704096784077
athlete_004,2494.65473,0.6599999999999999,0.47701742826256444
athlete_004,2495.65473,0.6599999999999999,0.4716178155572881
athlete_004,2496.65473,0.6599999999999999,0.4662182028520117
athlete_004,2497.65473,0.6599999999999999,0.4608185901467354
athlete_004,2498.65473,0.6599999999999999,0.45541897744145904
athlete_004,2499.65473,0.6599999999999999,0.4500193647361827
athlete_004,2500.65473,0.6599999999999999,0.44461975203090637
athlete_004,2501.65473,0.6599999999999999,0.43922013932563
athlete_004,2502.65473,0.6599999999999999,0.43382052662035364
athlete_004,2503.65473,0.6599999999999999,0.4284209139150773
athlete_004,2504.65473,0.6599999999999999,0.4230213012098009
athlete_004,2505.65473,0.6599999999999999,0.4176216885045246
athlete_004,2506.65473,0.6599999999999999,0.41222207579924824
athlete_004,2507.65473,0.6599999999999999,0.40682246309397196
athlete_004,2508.65473,0.6599999999999999,0.4014228503886956
athlete_004,2509.65473,0.6599999999999999,0.39602323768341924
athlete_004,2510.65473,0.6599999999999999,0.3906236249781429
athlete_004,2511.65473,0.6599999999999999,0.38522401227286657
athlete_004,2512.65473,0.6599999999999999,0.3798243995675902
athlete_004,2513.65473,0.6599999999999999,0.37442478686231384
athlete_004,2514.65473,0.6599999999999999,0.3690251741570375
athlete_004,2515.65473,0.6599999999999999,0.36362556145176117
athlete_004,2516.65473,0.6599999999999999,0.3582259487464848
athlete_004,2517.65473,0.6599999999999999,0.35282633604120844
athlete_004,2518.65473,0.6599999999999999,0.3474267233359321
athlete_004,2519.65473,0.6599999999999999,0.3420271106306558
athlete_004,2520.65473,0.6599999999999999,0.33662749792537944
athlete_004,2521.65473,0.6599999999999999,0.33122788522010305
athlete_004,2522.65473,0.6599999999999999,0.3258282725148267
athlete_004,2523.65473,0.6599999999999999,0.32042865980955043
athlete_004,2524.65473,0.6599999999999999,0.3150290471042741
athlete_004,2525.65473,0.6599999999999999,0.3096294343989977
athlete_004,2526.65473,0.6599999999999999,0.30422982169372137
athlete_004,2527.65473,0.6599999999999999,0.29883020898844503
athlete_004,2528.65473,0.6599999999999999,0.2934305962831687
athlete_004,2529.65473,0.6599999999999999,0.2880309835778923
athlete_004,2530.65473,0.6599999999999999,0.282631370872616
athlete_004,2531.65473,0.6599999999999999,0.27723175816733964
athlete_004,2532.65473,0.6599999999999999,0.2718321454620633
athlete_004,2533.65473,0.6599999999999999,0.2664325327567869
athlete_004,2534.65473,0.6599999999999999,0.2610329200515106
athlete_004,2535.65473,0.6599999999999999,0.25563330734623424
athlete_004,2536.65473,0.6599999999999999,0.2502336946409579
athlete_004,2537.65473,0.6599999999999999,0.2448340819356815
athlete_004,2538.65473,0.6599999999999999,0.23943446923040518
athlete_004,2539.65473,0.6599999999999999,0.23403485652512884
athlete_004,2540.65473,0.6599999999999999,0.22863524381985256
athlete_004,2541.65473,0.6599999999999999,0.22323563111457617
athlete_004,2542.65473,0.6578360184092997,0.22
athlete_004,2543.65473,0.6524364057040234,0.22
athlete_004,2544.65473,0.6470367929987471,0.22
athlete_004,2545.65473,0.6416371802934707,0.22
athlete_004,2546.65473,0.64,0.21623756758819437
athlete_004,2547.65473,0.64,0.21083795488291804
athlete_004,2548.65473,0.64,0.2054383421776417
athlete_004,2549.65473,0.64,0.20003872947236537
athlete_004,2550.65473,0.64,0.19463911676708903
athlete_004,2551.65473,0.64,0.1892395040618127
athlete_004,2552.65473,0.64,0.18383989135653636
athlete_004,2553.365872,0.64,0.17999999999999997
athlete_004,2554.365872,0.7342073981001332,0.18
athlete_004,2555.365872,0.8284147962002665,0.18
athlete_004,2556.365872,0.92,0.18262219430039972
athlete_004,2557.365872,0.92,0.27682959240053295
athlete_004,2558.365872,0.92,0.3710369905006662
athlete_004,2559.365872,0.92,0.4652443886007995
athlete_004,2560.365872,0.92,0.5594517867009328
athlete_004,2561.365872,0.92,0.653659184801066
athlete_004,2562.365872,0.92,0.7478665829011992
athlete_004,2563.365872,0.8979260189986675,0.82
athlete_004,2564.365872,0.8037186208985342,0.82
athlete_004,2565.365872,0.709511222798401,0.82
athlete_004,2566.365872,0.6153038246982677,0.82
athlete_004,2567.365872,0.5210964265981345,0.82
athlete_004,2568.365872,0.42688902849800126,0.82
athlete_004,2569.365872,0.332681630397868,0.82
athlete_004,2570.365872,0.23847423229773457,0.82
athlete_004,2571.365872,0.14426683419760156,0.82
athlete_004,2572.365872,0.08,0.7900594360974681
athlete_004,2573.365872,0.08,0.6958520379973351
athlete_004,2574.365872,0.08,0.6016446398972016
athlete_004,2575.365872,0.08,0.5074372417970684
athlete_004,2576.365872,0.08,0.41322984369693516
athlete_004,2577.365872,0.08,0.31902244559680193
athlete_004,2578.365872,0.08,0.22481504749666914
athlete_004,2579.365872,0.1293923506034646,0.18
athlete_004,2580.365872,0.22359974870359783,0.18
athlete_004,2581.365872,0.31780714680373107,0.18
athlete_004,2582.365872,0.4120145449038643,0.18
athlete_004,2583.365872,0.5062219430039975,0.18
athlete_004,2584.365872,0.6004293411041307,0.18
athlete_004,2585.365872,0.6946367392042639,0.18
athlete_004,2586.365872,0.7888441373043972,0.18
athlete_004,2587.365872,0.8830515354045309,0.18
athlete_004,2588.365872,0.92,0.23725893350466337
athlete_004,2589.365872,0.92,0.3314663316047966
athlete_004,2590.365872,0.92,0.4256737297049303
athlete_004,2591.365872,0.92,0.5198811278050635
athlete_004,2592.365872,0.92,0.6140885259051962
athlete_004,2593.365872,0.92,0.7082959240053295
athlete_004,2594.365872,0.92,0.8025033221054632
athlete_004,2595.365872,0.8432892797944033,0.82
athlete_004,2596.365872,0.74908188169427,0.82
athlete_004,2597.365872,0.6548744835941368,0.82
athlete_004,2598.365872,0.5606670854940036,0.82
athlete_004,2599.365872,0.46645968739387034,0.82
athlete_004,2600.365872,0.3722522892937371,0.82
athlete_004,2601.365872,0.27804489119360387,0.82
athlete_004,2602.365872,0.18383749309347064,0.82
athlete_004,2603.365872,0.0896300949933383,0.82
athlete_004,2604.365872,0.08,0.7354226968932039
athlete_004,2605.365872,0.08,0.6412152987930707
athlete_004,2606.365872,0.08,0.5470079006929375
athlete_004,2607.365872,0.08,0.45280050259280424
athlete_004,2608.365872,0.08,0.358593104492671
athlete_004,2609.365872,0.08,0.2643857063925378
athlete_004,2610.365872,0.08982169170759573,0.18
athlete_004,2611.365872,0.18402908980772897,0.18
athlete_004,2612.365872,0.2782364879078631,0.18
athlete_004,2613.365872,0.37244388600799544,0.18
athlete_004,2614.365872,0.46665128410812867,0.18
athlete_004,2615.365872,0.560858682208262,0.18
athlete_004,2616.365872,0.6550660803083946,0.18
athlete_004,2617.365872,0.7492734784085279,0.18
athlete_004,2618.365872,0.8434808765086611,0.18
athlete_004,2619.365872,0.92,0.19768827460879407
athlete_004,2620.365872,0.92,0.2918956727089282
athlete_004,2621.365872,0.92,0.3861030708090614
athlete_004,2622.365872,0.92,0.48031046890919377
athlete_004,2623.365872,0.92,0.5745178670093269
athlete_004,2624.365872,0.92,0.6687252651094602
athlete_004,2625.365872,0.92,0.7629326632095934
athlete_004,2626.365872,0.882859938690273,0.82
athlete_004,2627.365872,0.7886525405901389,0.82
athlete_004,2628.365872,0.6944451424900057,0.82
athlete_004,2629.365872,0.6002377443898724,0.82
athlete_004,2630.365872,0.5060303462897392,0.82
athlete_004,2631.365872,0.41182294818960685,0.82
athlete_004,2632.365872,0.3176155500894736,0.82
athlete_004,2633.365872,0.2234081519893404,0.82
athlete_004,2634.365872,0.12920075388920715,0.82
athlete_004,2635.365872,0.08,0.7749933557890728
athlete_004,2636.365872,0.08,0.6807859576889396
athlete_004,2637.365872,0.08,0.5865785595888063
athlete_004,2638.365872,0.08,0.4923711614886731
athlete_004,2639.365872,0.08,0.39816376338853987
athlete_004,2640.365872,0.08,0.30395636528840664
athlete_004,2641.365872,0.08,0.2097489671882734
athlete_004,2642.365872,0.14445843091185923,0.18
athlete_004,2643.365872,0.23866582901199246,0.18
athlete_004,2644.016926,0.30000000000000066,0.18
athlete_004,2645.016926,0.3,0.18904057534492533
athlete_004,2646.016926,0.3,0.19808115068985066
athlete_004,2647.016926,0.3,0.207121726034776
athlete_004,2648.016926,0.3,0.21616230137970133
athlete_004,2649.016926,0.30520287672462665,0.22
athlete_004,2650.016926,0.31424345206955195,0.22
athlete_004,2651.016926,0.3232840274144773,0.22
athlete_004,2652.016926,0.3323246027594026,0.22
athlete_004,2653.016926,0.341365178104328,0.22
athlete_004,2654.016926,0.3504057534492533,0.22
athlete_004,2655.016926,0.35944632879417865,0.22
athlete_004,2656.016926,0.368486904139104,0.22
athlete_004,2657.016926,0.3775274794840293,0.22
athlete_004,2658.016926,0.3865680548289546,0.22
athlete_004,2659.016926,0.39560863017388,0.22
athlete_004,2660.016926,0.4046492055188053,0.22
athlete_004,2661.016926,0.41368978086373065,0.22
athlete_004,2662.016926,0.42273035620865596,0.22
athlete_004,2663.016926,0.4317709315535813,0.22
athlete_004,2664.016926,0.4408115068985067,0.22
athlete_004,2665.016926,0.449852082243432,0.22
athlete_004,2666.016926,0.4588926575883573,0.22
athlete_004,2667.016926,0.46793323293328265,0.22
athlete_004,2668.016926,0.476973808278208,0.22
athlete_004,2669.016926,0.4860143836231333,0.22
athlete_004,2670.016926,0.4950549589680586,0.22
athlete_004,2671.016926,0.5040955343129839,0.22
athlete_004,2672.016926,0.5131361096579093,0.22
athlete_004,2673.016926,0.5221766850028347,0.22
athlete_004,2674.016926,0.53121726034776,0.22
athlete_004,2675.016926,0.5402578356926853,0.22
athlete_004,2676.016926,0.5492984110376107,0.22
athlete_004,2677.016926,0.5583389863825359,0.22
athlete_004,2678.016926,0.5673795617274613,0.22
athlete_004,2679.016926,0.5764201370723867,0.22
athlete_004,2680.016926,0.5854607124173119,0.22
athlete_004,2681.016926,0.5945012877622373,0.22
athlete_004,2682.016926,0.6035418631071627,0.22
athlete_004,2683.016926,0.6125824384520879,0.22
athlete_004,2684.016926,0.6216230137970133,0.22
athlete_004,2685.016926,0.6306635891419385,0.22
athlete_004,2686.016926,0.639704164486864,0.22
athlete_004,2687.016926,0.6487447398317894,0.22
athlete_004,2688.016926,0.6577853151767146,0.22
athlete_004,2689.016926,0.66682589052164,0.22
athlete_004,2690.016926,0.6758664658665654,0.22
athlete_004,2691.016926,0.6849070412114906,0.22
athlete_004,2692.016926,0.693947616556416,0.22
athlete_004,2693.016926,0.7029881919013412,0.22
athlete_004,2694.016926,0.7120287672462666,0.22
athlete_004,2695.016926,0.721069342591192,0.22
athlete_004,2696.016926,0.7301099179361172,0.22
athlete_004,2697.016926,0.7391504932810427,0.22
athlete_004,2698.016926,0.74,0.22819106862596797
athlete_004,2699.016926,0.74,0.23723164397089333
athlete_004,2700.016926,0.74,0.2462722193158187
athlete_004,2701.016926,0.74,0.25531279466074397
athlete_004,2702.016926,0.74,0.2643533700056693
athlete_004,2703.016926,0.74,0.2733939453505946
athlete_004,2704.016926,0.74,0.28243452069552
athlete_004,2705.016926,0.74,0.2914750960404453
athlete_004,2706.016926,0.74,0.3005156713853706
athlete_004,2707.016926,0.74,0.3095562467302959
athlete_004,2708.016926,0.74,0.3185968220752212
athlete_004,2709.016926,0.74,0.32763739742014664
athlete_004,2710.016926,0.74,0.33667797276507194
athlete_004,2710.384384,0.74,0.33999999999999997
athlete_004,2711.384384,0.7470552656177755,0.53
athlete_004,2712.384384,0.7541105312355509,0.53
athlete_004,2713.384384,0.7611657968533264,0.53
athlete_004,2714.384384,0.7682210624711019,0.53
athlete_004,2715.384384,0.7752763280888774,0.53
athlete_004,2716.384384,0.7823315937066528,0.53
athlete_004,2717.384384,0.7893868593244282,0.53
athlete_004,2718.384384,0.7964421249422037,0.53
athlete_004,2719.384384,0.8034973905599792,0.53
athlete_004,2720.384384,0.8105526561777546,0.53
athlete_004,2721.384384,0.8176079217955301,0.53
athlete_004,2722.384384,0.8246631874133056,0.53
athlete_004,2723.384384,0.831718453031081,0.53
athlete_004,2724.384384,0.8387737186488565,0.53
athlete_004,2725.384384,0.845828984266632,0.53
athlete_004,2726.384384,0.8528842498844075,0.53
athlete_004,2727.384384,0.859939515502183,0.53
athlete_004,2728.384384,0.8669947811199583,0.53
athlete_004,2729.384384,0.8740500467377339,0.53
athlete_004,2730.384384,0.8811053123555093,0.53
athlete_004,2731.384384,0.8881605779732847,0.53
athlete_004,2732.384384,0.8952158435910602,0.53
athlete_004,2733.384384,0.9022711092088357,0.53
athlete_004,2734.384384,0.9093263748266112,0.53
athlete_004,2735.384384,0.9163816404443866,0.53
athlete_004,2735.897243,0.92,0.53
athlete_005,0.0,-0.08,0.18
athlete_005,1.0,0.5560444292466553,0.18
athlete_005,2.0,0.92,0.45208885849331054
athlete_005,3.0,0.6518667122600345,0.82
athlete_005,4.0,0.08,0.7558222830133788
athlete_005,5.0,0.14022214623327572,0.18
athlete_005,6.0,0.7762665754799308,0.18
athlete_005,7.0,0.92,0.6723110047265861
athlete_005,8.0,0.43164456602675755,0.82
athlete_005,9.0,0.08,0.5356001367801021
athlete_005,10.0,0.36044429246655246,0.18
athlete_005,11.0,0.92,0.25648872171320775
athlete_005,12.0,0.8474668490401368,0.82
athlete_005,13.0,0.21142241979348075,0.82
athlete_005,14.0,0.08,0.31537799054682625
athlete_005,14.558731,0.30000000000000066,0.18
athlete_005,15.558731,0.3,0.18373486523703206
athlete_005,16.558731,0.3,0.18746973047406412
athlete_005,17.558731,0.3,0.19120459571109621
athlete_005,18.558731,0.3,0.19493946094812828
athlete_005,19.558731,0.3,0.19867432618516034
athlete_005,20.558731,0.3,0.20240919142219244
athlete_005,21.558731,0.3,0.2061440566592245
athlete_005,22.558731,0.3,0.20987892189625657
athlete_005,23.558731,0.3,0.21361378713328863
athlete_005,24.558731,0.3,0.2173486523703207
athlete_005,25.558731,0.29891648239264723,0.22
athlete_005,26.558731,0.29518161715561514,0.22
athlete_005,27.558731,0.29144675191858305,0.22
athlete_005,28.558731,0.287711886681551,0.22
athlete_005,29.558731,0.2839770214445189,0.22
athlete_005,30.558731,0.2802421562074868,0.22
athlete_005,31.558731,0.2765072909704548,0.22
athlete_005,32.558731,0.2727724257334227,0.22
athlete_005,33.558731,0.2690375604963906,0.22
athlete_005,34.558731,0.26530269525935857,0.22
athlete_005,35.558731,0.26156783002232653,0.22
athlete_005,36.558731,0.25783296478529444,0.22
athlete_005,37.558731,0.25409809954826235,0.22
athlete_005,38.558731,0.2503632343112303,0.22
athlete_005,39.558731,0.24662836907419822,0.22
athlete_005,40.558731,0.24289350383716612,0.22
athlete_005,41.558731,0.23915863860013406,0.22
athlete_005,42.558731,0.235423773363102,0.22
athlete_005,43.558731,0.2316889081260699,0.22
athlete_005,44.558731,0.22795404288903787,0.22
athlete_005,45.558731,0.22421917765200577,0.22
athlete_005,46.558731,0.2204843124149737,0.22
athlete_005,47.558731,0.21674944717794165,0.22
athlete_005,48.558731,0.21301458194090958,0.22
athlete_005,49.558731,0.2092797167038775,0.22
athlete_005,50.558731,0.20554485146684542,0.22
athlete_005,51.558731,0.20180998622981336,0.22
athlete_005,52.558731,0.19807512099278127,0.22
athlete_005,53.558731,0.19434025575574923,0.22
athlete_005,54.558731,0.19060539051871714,0.22
athlete_005,55.558731,0.18687052528168507,0.22
athlete_005,56.558731,0.183135660044653,0.22
athlete_005,57.558731,0.18,0.22059920519237908
athlete_005,58.558731,0.18,0.22433407042941114
athlete_005,59.558731,0.18,0.22806893566644323
athlete_005,60.558731,0.18,0.2318038009034753
athlete_005,61.558731,0.18,0.23553866614050734
athlete_005,62.558731,0.18,0.23927353137753943
athlete_005,63.558731,0.18,0.2430083966145715
athlete_005,64.558731,0.18,0.24674326185160356
athlete_005,65.558731,0.18,0.2504781270886356
athlete_005,66.558731,0.18,0.2542129923256677
athlete_005,67.558731,0.18,0.2579478575626998
athlete_005,68.558731,0.18,0.2616827227997318
athlete_005,69.558731,0.18,0.2654175880367639
athlete_005,70.558731,0.18,0.269152453273796
athlete_005,71.558731,0.18,0.27288731851082804
athlete_005,72.558731,0.18,0.27662218374786013
athlete_005,73.558731,0.18,0.28035704898489217
athlete_005,74.558731,0.18,0.28409191422192426
athlete_005,75.558731,0.18,0.2878267794589563
athlete_005,76.558731,0.18,0.2915616446959884
athlete_005,77.558731,0.18,0.2952965099330205
athlete_005,78.558731,0.18,0.2990313751700525
athlete_005,79.558731,0.18,0.30276624040708466
athlete_005,80.558731,0.18,0.3065011056441167
athlete_005,81.558731,0.18,0.3102359708811488
athlete_005,82.558731,0.18,0.31397083611818083
athlete_005,83.558731,0.18,0.3177057013552129
athlete_005,84.558731,0.18,0.321440566592245
athlete_005,85.558731,0.18,0.3251754318292771
athlete_005,86.558731,0.18,0.32891029706630914
athlete_005,87.558731,0.18,0.3326451623033412
athlete_005,88.558731,0.18,0.33638002754037327
athlete_005,89.527969,0.18,0.34
athlete_005,90.527969,0.18,0.34338464611839836
athlete_005,91.527969,0.18,0.34676929223679676
athlete_005,92.527969,0.18,0.3501539383551951
athlete_005,93.527969,0.18,0.3535385844735935
athlete_005,94.527969,0.18,0.3569232305919918
athlete_005,95.527969,0.18,0.3603078767103902
athlete_005,96.527969,0.18,0.36369252282878856
athlete_005,97.527969,0.18,0.36707716894718695
athlete_005,98.527969,0.18,0.3704618150655853
athlete_005,99.527969,0.18,0.3738464611839837
athlete_005,100.527969,0.18,0.377231107302382
athlete_005,101.527969,0.18,0.3806157534207804
athlete_005,102.527969,0.18,0.38400039953917875
athlete_005,103.527969,0.18,0.38738504565757714
athlete_005,104.527969,0.18,0.3907696917759755
athlete_005,105.527969,0.18,0.3941543378943739
athlete_005,106.527969,0.18,0.3975389840127722
athlete_005,107.527969,0.18,0.4009236301311706
athlete_005,108.527969,0.18,0.40430827624956894
athlete_005,109.527969,0.18,0.40769292236796734
athlete_005,110.527969,0.18,0.4110775684863657
athlete_005,111.527969,0.18,0.41446221460476407
athlete_005,112.527969,0.18,0.4178468607231624
athlete_005,113.527969,0.18,0.4212315068415608
athlete_005,114.527969,0.18,0.42461615295995914
athlete_005,115.527969,0.18,0.42800079907835753
athlete_005,116.527969,0.18,0.43138544519675587
athlete_005,117.527969,0.18,0.4347700913151542
athlete_005,118.527969,0.18,0.4381547374335526
athlete_005,119.527969,0.18,0.441539383551951
athlete_005,120.527969,0.18,0.44492402967034933
athlete_005,121.527969,0.18,0.44830867578874767
athlete_005,122.527969,0.18,0.45169332190714606
athlete_005,123.527969,0.18,0.4550779680255444
athlete_005,124.527969,0.18,0.4584626141439428
athlete_005,125.527969,0.18,0.46184726026234113
athlete_005,126.527969,0.18,0.4652319063807395
athlete_005,127.527969,0.18,0.4686165524991379
athlete_005,128.527969,0.18,0.47200119861753626
athlete_005,129.527969,0.18,0.4753858447359346
athlete_005,130.527969,0.18,0.478770490854333
athlete_005,131.527969,0.18,0.4821551369727314
athlete_005,132.527969,0.18,0.4855397830911297
athlete_005,133.527969,0.18,0.48892442920952806
athlete_005,134.527969,0.18,0.49230907532792645
athlete_005,135.527969,0.18,0.49569372144632484
athlete_005,136.527969,0.18,0.4990783675647232
athlete_005,137.527969,0.18,0.5024630136831215
athlete_005,138.527969,0.18,0.5058476598015199
athlete_005,139.527969,0.18,0.5092323059199183
athlete_005,140.527969,0.18,0.5126169520383166
athlete_005,141.527969,0.18,0.516001598156715
athlete_005,142.527969,0.18,0.5193862442751134
athlete_005,143.527969,0.18,0.5227708903935118
athlete_005,144.527969,0.18,0.5261555365119102
athlete_005,145.527969,0.18,0.5295401826303084
athlete_005,146.527969,0.18,0.5329248287487068
athlete_005,147.527969,0.18,0.5363094748671051
athlete_005,148.527969,0.18,0.5396941209855035
athlete_005,149.527969,0.18,0.5430787671039019
athlete_005,150.527969,0.18,0.5464634132223003
athlete_005,151.527969,0.18,0.5498480593406987
athlete_005,152.527969,0.18,0.553232705459097
athlete_005,153.527969,0.18,0.5566173515774954
athlete_005,154.527969,0.18,0.5600019976958938
athlete_005,155.527969,0.18,0.563386643814292
athlete_005,156.527969,0.18,0.5667712899326904
athlete_005,157.527969,0.18,0.5701559360510888
athlete_005,158.527969,0.18,0.5735405821694872
athlete_005,159.527969,0.18,0.5769252282878856
athlete_005,160.527969,0.18,0.5803098744062839
athlete_005,161.527969,0.18,0.5836945205246823
athlete_005,162.527969,0.18,0.5870791666430807
athlete_005,163.527969,0.18,0.590463812761479
athlete_005,164.527969,0.18,0.5938484588798774
athlete_005,165.527969,0.18,0.5972331049982758
athlete_005,166.527969,0.18,0.6006177511166741
athlete_005,167.527969,0.18,0.6040023972350725
athlete_005,168.527969,0.18,0.6073870433534708
athlete_005,169.527969,0.18,0.6107716894718692
athlete_005,170.527969,0.18,0.6141563355902676
athlete_005,171.527969,0.18,0.6175409817086659
athlete_005,172.527969,0.18,0.6209256278270643
athlete_005,173.527969,0.18,0.6243102739454627
athlete_005,174.527969,0.18,0.6276949200638611
athlete_005,175.527969,0.18,0.6310795661822595
athlete_005,176.527969,0.18,0.6344642123006577
athlete_005,177.527969,0.18,0.6378488584190561
athlete_005,178.527969,0.18,0.6412335045374545
athlete_005,179.527969,0.18,0.6446181506558528
athlete_005,180.527969,0.18,0.6480027967742512
athlete_005,181.527969,0.18,0.6513874428926496
athlete_005,182.527969,0.18,0.654772089011048
athlete_005,183.527969,0.18,0.6581567351294464
athlete_005,184.527969,0.18,0.6615413812478447
athlete_005,185.527969,0.18,0.6649260273662431
athlete_005,186.527969,0.18,0.6683106734846413
athlete_005,187.527969,0.18,0.6716953196030397
athlete_005,188.527969,0.18,0.6750799657214381
athlete_005,189.527969,0.18,0.6784646118398365
athlete_005,190.527969,0.18,0.6818492579582349
athlete_005,191.527969,0.18,0.6852339040766333
athlete_005,192.527969,0.18,0.6886185501950316
athlete_005,193.527969,0.18,0.6920031963134299
athlete_005,194.527969,0.18,0.6953878424318283
athlete_005,195.527969,0.18,0.6987724885502267
athlete_005,196.527969,0.18,0.7021571346686251
athlete_005,197.527969,0.18,0.7055417807870235
athlete_005,198.527969,0.18,0.7089264269054218
athlete_005,199.527969,0.18,0.7123110730238202
athlete_005,200.527969,0.18,0.7156957191422185
athlete_005,201.527969,0.18,0.7190803652606168
athlete_005,201.799677,0.18,0.72
athlete_005,202.799677,0.18,0.7097948819971723
athlete_005,203.799677,0.18,0.6995897639943447
athlete_005,204.799677,0.18,0.6893846459915169
athlete_005,205.799677,0.18,0.6791795279886893
athlete_005,206.799677,0.18,0.6689744099858617
athlete_005,207.799677,0.18,0.658769291983034
athlete_005,208.799677,0.18,0.6485641739802063
athlete_005,209.799677,0.18,0.6383590559773786
athlete_005,210.799677,0.18,0.628153937974551
athlete_005,211.799677,0.18,0.6179488199717234
athlete_005,212.799677,0.18,0.6077437019688956
athlete_005,213.799677,0.18,0.597538583966068
athlete_005,214.799677,0.18,0.5873334659632403
athlete_005,215.799677,0.18,0.5771283479604127
athlete_005,216.799677,0.18,0.566923229957585
athlete_005,217.799677,0.18,0.5567181119547573
athlete_005,218.799677,0.18,0.5465129939519296
athlete_005,219.799677,0.18,0.536307875949102
athlete_005,220.799677,0.18,0.5261027579462744
athlete_005,221.799677,0.18,0.5158976399434467
athlete_005,222.799677,0.18,0.505692521940619
athlete_005,223.799677,0.18,0.49548740393779134
athlete_005,224.799677,0.18,0.4852822859349637
athlete_005,225.799677,0.18,0.475077167932136
athlete_005,226.799677,0.18,0.46487204992930836
athlete_005,227.799677,0.18,0.45466693192648067
athlete_005,228.799677,0.18,0.444461813923653
athlete_005,229.799677,0.18,0.43425669592082533
athlete_005,230.799677,0.18,0.4240515779179977
athlete_005,231.799677,0.18,0.41384645991517
athlete_005,232.799677,0.18,0.40364134191234236
athlete_005,233.799677,0.18,0.39343622390951466
athlete_005,234.799677,0.18,0.383231105906687
athlete_005,235.799677,0.18,0.3730259879038593
athlete_005,236.799677,0.18,0.3628208699010317
athlete_005,237.799677,0.18,0.35261575189820404
athlete_005,238.799677,0.18,0.34241063389537635
athlete_005,239.799677,0.18,0.3322055158925487
athlete_005,240.799677,0.18,0.322000397889721
athlete_005,241.799677,0.18,0.3117952798868934
athlete_005,242.799677,0.18,0.3015901618840657
athlete_005,243.799677,0.18,0.29138504388123804
athlete_005,244.799677,0.18,0.28117992587841034
athlete_005,245.799677,0.18,0.2709748078755827
athlete_005,246.799677,0.18,0.260769689872755
athlete_005,247.799677,0.18,0.25056457186992737
athlete_005,248.799677,0.18,0.24035945386709967
athlete_005,249.799677,0.18,0.23015433586427203
athlete_005,250.799677,0.18005078213855558,0.22
athlete_005,251.799677,0.19025590014138322,0.22
athlete_005,252.799677,0.20046101814421097,0.22
athlete_005,253.799677,0.2106661361470386,0.22
athlete_005,254.799677,0.22087125414986625,0.22
athlete_005,255.799677,0.2310763721526939,0.22
athlete_005,256.799677,0.2412814901555213,0.22
athlete_005,257.799677,0.25148660815834895,0.22
athlete_005,258.799677,0.2616917261611766,0.22
athlete_005,259.799677,0.27189684416400434,0.22
athlete_005,260.799677,0.282101962166832,0.22
athlete_005,261.799677,0.2923070801696596,0.22
athlete_005,262.799677,0.30251219817248726,0.22
athlete_005,263.799677,0.312717316175315,0.22
athlete_005,264.799677,0.32292243417814265,0.22
athlete_005,265.799677,0.3331275521809703,0.22
athlete_005,266.799677,0.34333267018379793,0.22
athlete_005,267.799677,0.3535377881866257,0.22
athlete_005,268.799677,0.3637429061894533,0.22
athlete_005,269.799677,0.37394802419228096,0.22
athlete_005,270.799677,0.3841531421951086,0.22
athlete_005,271.799677,0.39435826019793624,0.22
athlete_005,272.799677,0.404563378200764,0.22
athlete_005,273.799677,0.4147684962035916,0.22
athlete_005,274.799677,0.42497361420641927,0.22
athlete_005,275.799677,0.4351787322092469,0.22
athlete_005,276.799677,0.44538385021207466,0.22
athlete_005,277.799677,0.4555889682149023,0.22
athlete_005,278.799677,0.46579408621772994,0.22
athlete_005,279.799677,0.4759992042205576,0.22
athlete_005,280.799677,0.4862043222233852,0.22
athlete_005,281.799677,0.496409440226213,0.22
athlete_005,282.799677,0.5066145582290407,0.22
athlete_005,283.799677,0.5168196762318682,0.22
athlete_005,284.799677,0.527024794234696,0.22
athlete_005,285.799677,0.5372299122375237,0.22
athlete_005,286.799677,0.5474350302403512,0.22
athlete_005,287.799677,0.557640148243179,0.22
athlete_005,288.799677,0.5678452662460065,0.22
athlete_005,289.799677,0.5780503842488343,0.22
athlete_005,290.799677,0.588255502251662,0.22
athlete_005,291.799677,0.5984606202544895,0.22
athlete_005,292.799677,0.6086657382573173,0.22
athlete_005,293.799677,0.6188708562601448,0.22
athlete_005,294.799677,0.6290759742629726,0.22
athlete_005,295.799677,0.6392810922658003,0.22
athlete_005,296.799677,0.64,0.21051378973137205
athlete_005,297.799677,0.64,0.2003086717285444
athlete_005,298.799677,0.64,0.19010355372571666
athlete_005,299.789725,0.64,0.17999999999999997
athlete_005,300.789725,0.7370541797070608,0.18
athlete_005,301.789725,0.8341083594141214,0.18
athlete_005,302.789725,0.92,0.1911625391211822
athlete_005,303.789725,0.92,0.2882167188282429
athlete_005,304.789725,0.92,0.38527089853530366
athlete_005,305.789725,0.92,0.4823250782423644
athlete_005,306.789725,0.92,0.579379257949425
athlete_005,307.789725,0.92,0.6764334376564859
athlete_005,308.789725,0.92,0.7734876173635465
athlete_005,309.789725,0.8694582029293926,0.82
athlete_005,310.789725,0.7724040232223318,0.82
athlete_005,311.789725,0.675349843515271,0.82
athlete_005,312.789725,0.5782956638082103,0.82
athlete_005,313.789725,0.4812414841011497,0.82
athlete_005,314.789725,0.384187304394089,0.82
athlete_005,315.789725,0.28713312468702823,0.82
athlete_005,316.789725,0.19007894497996747,0.82
athlete_005,317.789725,0.0930247652729067,0.82
athlete_005,318.789725,0.08,0.7359705855658459
athlete_005,319.789725,0.08,0.6389164058587852
athlete_005,320.789725,0.08,0.5418622261517244
athlete_005,321.789725,0.08,0.4448080464446637
athlete_005,322.789725,0.08,0.3477538667376029
athlete_005,323.789725,0.08,0.25069968703054213
athlete_005,324.789725,0.10635449267651868,0.18
athlete_005,325.789725,0.20340867238357946,0.18
athlete_005,326.789725,0.3004628520906402,0.18
athlete_005,327.789725,0.3975170317977006,0.18
athlete_005,328.789725,0.4945712115047613,0.18
athlete_005,329.789725,0.591625391211822,0.18
athlete_005,330.789725,0.6886795709188828,0.18
athlete_005,331.789725,0.7857337506259435,0.18
athlete_005,332.789725,0.8827879303330043,0.18
athlete_005,333.789725,0.92,0.23984211004006478
athlete_005,334.789725,0.92,0.33689628974712554
athlete_005,335.789725,0.92,0.4339504694541863
athlete_005,336.789725,0.92,0.531004649161247
athlete_005,337.789725,0.92,0.6280588288683078
athlete_005,338.789725,0.92,0.7251130085753685
athlete_005,339.789725,0.9178328117175704,0.82
athlete_005,340.789725,0.8207786320105096,0.82
athlete_005,341.789725,0.7237244523034488,0.82
athlete_005,342.789725,0.6266702725963881,0.82
athlete_005,343.789725,0.5296160928893273,0.82
athlete_005,344.789725,0.43256191318226656,0.82
athlete_005,345.789725,0.3355077334752058,0.82
athlete_005,346.789725,0.23845355376814503,0.82
athlete_005,347.789725,0.14139937406108427,0.82
athlete_005,348.789725,0.08,0.7843451943540233
athlete_005,349.789725,0.08,0.6872910146469625
athlete_005,350.789725,0.08,0.5902368349399018
athlete_005,351.789725,0.08,0.493182655232841
athlete_005,352.789725,0.08,0.3961284755257803
athlete_005,353.789725,0.08,0.29907429581871947
athlete_005,354.789725,0.08,0.2020201161116587
athlete_005,355.789725,0.15503406359540145,0.18
athlete_005,356.789725,0.25208824330246216,0.18
athlete_005,357.789725,0.349142423009523,0.18
athlete_005,358.789725,0.44619660271658373,0.18
athlete_005,359.789725,0.5432507824236444,0.18
athlete_005,360.789725,0.6403049621307048,0.18
athlete_005,361.789725,0.7373591418377655,0.18
athlete_005,362.789725,0.8344133215448263,0.18
athlete_005,363.789725,0.92,0.19146750125188677
athlete_005,364.789725,0.92,0.28852168095894754
athlete_005,365.789725,0.92,0.3855758606660083
athlete_005,366.789725,0.92,0.48263004037306906
athlete_005,367.789725,0.92,0.5796842200801298
athlete_005,368.789725,0.92,0.6767383997871905
athlete_005,369.789725,0.92,0.7737925794942513
athlete_005,370.789725,0.8691532407986876,0.82
athlete_005,371.789725,0.7720990610916268,0.82
athlete_005,372.789725,0.6750448813845661,0.82
athlete_005,373.789725,0.5779907016775053,0.82
athlete_005,374.789725,0.48093652197044456,0.82
athlete_005,375.789725,0.3838823422633838,0.82
athlete_005,376.789725,0.28682816255632304,0.82
athlete_005,377.789725,0.18977398284926228,0.82
athlete_005,378.789725,0.09271980314220152,0.82
athlete_005,379.789725,0.08,0.7356656234351405
athlete_005,380.789725,0.08,0.6386114437280798
athlete_005,381.789725,0.08,0.541557264021019
athlete_005,382.789725,0.08,0.44450308431395913
athlete_005,383.789725,0.08,0.3474489046068975
athlete_005,384.789725,0.08,0.2503947248998376
athlete_005,385.789725,0.10665945480722343,0.18
athlete_005,386.789725,0.20371363451428331,0.18
athlete_005,387.781813,0.30000000000000066,0.18
athlete_005,388.781813,0.3,0.18342888671544832
athlete_005,389.781813,0.3,0.18685777343089668
athlete_005,390.781813,0.3,0.19028666014634502
athlete_005,391.781813,0.3,0.19371554686179338
athlete_005,392.781813,0.3,0.1971444335772417
athlete_005,393.781813,0.3,0.20057332029269007
athlete_005,394.781813,0.3,0.2040022070081384
athlete_005,395.781813,0.3,0.20743109372358676
athlete_005,396.781813,0.3,0.2108599804390351
athlete_005,397.781813,0.3,0.21428886715448342
athlete_005,398.781813,0.3,0.21771775386993178
athlete_005,399.781813,0.2988533594146199,0.22
athlete_005,400.781813,0.2954244726991715,0.22
athlete_005,401.781813,0.29199558598372316,0.22
athlete_005,402.781813,0.28856669926827483,0.22
athlete_005,403.781813,0.2851378125528265,0.22
athlete_005,404.781813,0.28170892583737817,0.22
athlete_005,405.781813,0.2782800391219298,0.22
athlete_005,406.781813,0.27485115240648145,0.22
athlete_005,407.781813,0.2714222656910331,0.22
athlete_005,408.781813,0.2679933789755848,0.22
athlete_005,409.781813,0.26456449226013645,0.22
athlete_005,410.781813,0.26113560554468807,0.22
athlete_005,411.781813,0.26,0.22229328117076025
athlete_005,412.781813,0.26,0.2257221678862086
athlete_005,413.781813,0.26,0.22915105460165697
athlete_005,414.781813,0.26,0.2325799413171053
athlete_005,415.781813,0.26,0.23600882803255363
athlete_005,416.781813,0.26,0.239437714748002
athlete_005,417.781813,0.26,0.24286660146345032
athlete_005,418.781813,0.26,0.24629548817889868
athlete_005,419.781813,0.26,0.249724374894347
athlete_005,420.781813,0.26,0.25315326160979534
athlete_005,421.781813,0.26,0.25658214832524373
athlete_005,422.781813,0.26,0.26001103504069206
athlete_005,423.781813,0.26,0.2634399217561404
athlete_005,424.781813,0.26,0.2668688084715888
athlete_005,425.781813,0.26,0.27029769518703706
athlete_005,426.781813,0.26,0.27372658190248544
athlete_005,427.781813,0.26,0.2771554686179338
athlete_005,428.781813,0.26,0.2805843553333821
athlete_005,429.781813,0.26,0.2840132420488305
athlete_005,430.781813,0.26,0.28744212876427877
athlete_005,431.781813,0.26,0.29087101547972716
athlete_005,432.781813,0.26,0.2942999021951755
athlete_005,433.781813,0.26,0.2977287889106238
athlete_005,434.781813,0.26,0.3011576756260722
athlete_005,435.781813,0.26,0.3045865623415205
athlete_005,436.781813,0.26,0.30801544905696887
athlete_005,437.781813,0.26,0.3114443357724172
athlete_005,438.781813,0.26,0.31487322248786553
athlete_005,439.781813,0.26,0.3183021092033139
athlete_005,440.781813,0.26,0.32173099591876225
athlete_005,441.781813,0.26,0.3251598826342106
athlete_005,442.781813,0.26,0.32858876934965897
athlete_005,443.781813,0.26,0.33201765606510725
athlete_005,444.781813,0.26,0.33544654278055563
athlete_005,445.781813,0.26,0.33887542949600397
athlete_005,446.109783,0.26,0.34
athlete_005,447.109783,0.26,0.34220751828129886
athlete_005,448.109783,0.26,0.34441503656259764
athlete_005,449.109783,0.26,0.3466225548438965
athlete_005,450.109783,0.26,0.34883007312519526
athlete_005,451.109783,0.26,0.3510375914064941
athlete_005,452.109783,0.26,0.35324510968779294
athlete_005,453.109783,0.26,0.3554526279690917
athlete_005,454.109783,0.26,0.35766014625039055
athlete_005,455.109783,0.26,0.35986766453168934
athlete_005,456.109783,0.26,0.36207518281298817
athlete_005,457.109783,0.26,0.364282701094287
athlete_005,458.109783,0.26,0.3664902193755858
athlete_005,459.109783,0.26,0.3686977376568846
athlete_005,460.109783,0.26,0.3709052559381834
athlete_005,461.109783,0.26,0.37311277421948225
athlete_005,462.109783,0.26,0.375320292500781
athlete_005,463.109783,0.26,0.37752781078207986
athlete_005,464.109783,0.26,0.3797353290633787
athlete_005,465.109783,0.26,0.3819428473446775
athlete_005,466.109783,0.26,0.3841503656259763
athlete_005,467.109783,0.26,0.3863578839072751
athlete_005,468.109783,0.26,0.38856540218857394
athlete_005,469.109783,0.26,0.3907729204698728
athlete_005,470.109783,0.26,0.39298043875117156
athlete_005,471.109783,0.26,0.3951879570324704
athlete_005,472.109783,0.26,0.3973954753137692
athlete_005,473.109783,0.26,0.399602993595068
athlete_005,474.109783,0.26,0.40181051187636685
athlete_005,475.109783,0.26,0.40401803015766563
athlete_005,476.109783,0.26,0.40622554843896447
athlete_005,477.109783,0.26,0.40843306672026325
athlete_005,478.109783,0.26,0.4106405850015621
athlete_005,479.109783,0.26,0.4128481032828609
athlete_005,480.109783,0.26,0.4150556215641597
athlete_005,481.109783,0.26,0.41726313984545854
athlete_005,482.109783,0.26,0.4194706581267573
athlete_005,483.109783,0.26,0.42167817640805616
athlete_005,484.109783,0.26,0.423885694689355
athlete_005,485.109783,0.26,0.4260932129706538
athlete_005,486.109783,0.26,0.4283007312519526
athlete_005,487.109783,0.26,0.4305082495332514
athlete_005,488.109783,0.26,0.43271576781455023
athlete_005,489.109783,0.26,0.43492328609584907
athlete_005,490.109783,0.26,0.43713080437714785
athlete_005,491.109783,0.26,0.4393383226584467
athlete_005,492.109783,0.26,0.44154584093974547
athlete_005,493.109783,0.26,0.4437533592210443
athlete_005,494.109783,0.26,0.44596087750234314
athlete_005,495.109783,0.26,0.4481683957836419
athlete_005,496.109783,0.26,0.45037591406494076
athlete_005,497.109783,0.26,0.45258343234623954
athlete_005,498.109783,0.26,0.4547909506275384
athlete_005,499.109783,0.26,0.4569984689088372
athlete_005,500.109783,0.26,0.459205987190136
athlete_005,501.109783,0.26,0.46141350547143484
athlete_005,502.109783,0.26,0.4636210237527336
athlete_005,503.109783,0.26,0.46582854203403246
athlete_005,504.109783,0.26,0.4680360603153313
athlete_005,505.109783,0.26,0.47024357859663013
athlete_005,506.109783,0.26,0.4724510968779289
athlete_005,507.109783,0.26,0.4746586151592277
athlete_005,508.109783,0.26,0.47686613344052653
athlete_005,509.109783,0.26,0.47907365172182537
athlete_005,510.109783,0.26,0.48128117000312415
athlete_005,511.109783,0.26,0.483488688284423
athlete_005,512.109783,0.26,0.48569620656572166
athlete_005,513.109783,0.26,0.4879037248470205
athlete_005,514.109783,0.26,0.49011124312831933
athlete_005,515.109783,0.26,0.4923187614096181
athlete_005,516.109783,0.26,0.4945262796909169
athlete_005,517.109783,0.26,0.49673379797221573
athlete_005,518.109783,0.26,0.49894131625351457
athlete_005,519.109783,0.26,0.5011488345348134
athlete_005,520.109783,0.26,0.5033563528161122
athlete_005,521.109783,0.26,0.505563871097411
athlete_005,522.109783,0.26,0.5077713893787098
athlete_005,523.109783,0.26,0.5099789076600086
athlete_005,524.109783,0.26,0.5121864259413075
athlete_005,525.109783,0.26,0.5143939442226062
athlete_005,526.109783,0.26,0.516601462503905
athlete_005,527.109783,0.26,0.5188089807852039
athlete_005,528.109783,0.26,0.5210164990665027
athlete_005,529.109783,0.26,0.5232240173478016
athlete_005,530.109783,0.26,0.5254315356291004
athlete_005,531.109783,0.26,0.5276390539103991
athlete_005,532.109783,0.26,0.529846572191698
athlete_005,533.109783,0.26,0.5320540904729968
athlete_005,534.109783,0.26,0.5342616087542955
athlete_005,535.109783,0.26,0.5364691270355944
athlete_005,536.109783,0.26,0.5386766453168932
athlete_005,537.109783,0.26,0.540884163598192
athlete_005,538.109783,0.26,0.5430916818794909
athlete_005,539.109783,0.26,0.5452992001607897
athlete_005,540.109783,0.26,0.5475067184420885
athlete_005,541.109783,0.26,0.5497142367233873
athlete_005,542.109783,0.26,0.5519217550046861
athlete_005,543.109783,0.26,0.5541292732859849
athlete_005,544.109783,0.26,0.5563367915672837
athlete_005,545.109783,0.26,0.5585443098485825
athlete_005,546.109783,0.26,0.5607518281298813
athlete_005,547.109783,0.26,0.5629593464111802
athlete_005,548.109783,0.26,0.565166864692479
athlete_005,549.109783,0.26,0.5673743829737778
athlete_005,550.109783,0.26,0.5695819012550766
athlete_005,551.109783,0.26,0.5717894195363754
athlete_005,552.109783,0.26,0.5739969378176742
athlete_005,553.109783,0.26,0.5762044560989731
athlete_005,554.109783,0.26,0.5784119743802719
athlete_005,555.109783,0.26,0.5806194926615706
athlete_005,556.109783,0.26,0.5828270109428695
athlete_005,557.109783,0.26,0.5850345292241683
athlete_005,558.109783,0.26,0.5872420475054672
athlete_005,559.109783,0.26,0.589449565786766
athlete_005,560.109783,0.26,0.5916570840680648
athlete_005,561.109783,0.26,0.5938646023493636
athlete_005,562.109783,0.26,0.5960721206306624
athlete_005,563.109783,0.26,0.5982796389119611
athlete_005,564.109783,0.26,0.60048715719326
athlete_005,565.109783,0.26,0.6026946754745588
athlete_005,566.109783,0.26,0.6049021937558576
athlete_005,567.109783,0.26,0.6071097120371565
athlete_005,568.109783,0.26,0.6093172303184553
athlete_005,569.109783,0.26,0.6115247485997541
athlete_005,570.109783,0.26,0.613732266881053
athlete_005,571.109783,0.26,0.6159397851623518
athlete_005,572.109783,0.26,0.6181473034436505
athlete_005,573.109783,0.26,0.6203548217249494
athlete_005,574.109783,0.26,0.6225623400062481
athlete_005,575.109783,0.26,0.6247698582875469
athlete_005,576.109783,0.26,0.6269773765688458
athlete_005,577.109783,0.26,0.6291848948501446
athlete_005,578.109783,0.26,0.6313924131314435
athlete_005,579.109783,0.26,0.6335999314127423
athlete_005,580.109783,0.26,0.6358074496940411
athlete_005,581.109783,0.26,0.6380149679753399
athlete_005,582.109783,0.26,0.6402224862566387
athlete_005,583.109783,0.26,0.6424300045379375
athlete_005,584.109783,0.26,0.6446375228192363
athlete_005,585.109783,0.26,0.6468450411005351
athlete_005,586.109783,0.26,0.6490525593818339
athlete_005,587.109783,0.26,0.6512600776631328
athlete_005,588.109783,0.26,0.6534675959444316
athlete_005,589.109783,0.26,0.6556751142257304
athlete_005,590.109783,0.26,0.6578826325070293
athlete_005,591.109783,0.26,0.660090150788328
athlete_005,592.109783,0.26,0.6622976690696268
athlete_005,593.109783,0.26,0.6645051873509256
athlete_005,594.109783,0.26,0.6667127056322244
athlete_005,595.109783,0.26,0.6689202239135232
athlete_005,596.109783,0.26,0.6711277421948221
athlete_005,597.109783,0.26,0.6733352604761209
athlete_005,598.109783,0.26,0.6755427787574197
athlete_005,599.109783,0.26,0.6777502970387186
athlete_005,600.109783,0.26,0.6799578153200174
athlete_005,601.109783,0.26,0.6821653336013161
athlete_005,602.109783,0.26,0.684372851882615
athlete_005,603.109783,0.26,0.6865803701639137
athlete_005,604.109783,0.26,0.6887878884452125
athlete_005,605.109783,0.26,0.6909954067265114
athlete_005,606.109783,0.26,0.6932029250078102
athlete_005,607.109783,0.26,0.6954104432891091
athlete_005,608.109783,0.26,0.6976179615704079
athlete_005,609.109783,0.26,0.6998254798517067
athlete_005,610.109783,0.26,0.7020329981330055
athlete_005,611.109783,0.26,0.7042405164143043
athlete_005,612.109783,0.26,0.706448034695603
athlete_005,613.109783,0.26,0.7086555529769019
athlete_005,614.109783,0.26,0.7108630712582007
athlete_005,615.109783,0.26,0.7130705895394995
athlete_005,616.109783,0.26,0.7152781078207984
athlete_005,617.109783,0.26,0.7174856261020972
athlete_005,618.109783,0.26,0.719693144383396
athlete_005,618.248788,0.26,0.72
athlete_005,619.248788,0.26,0.7094197032419299
athlete_005,620.248788,0.26,0.6988394064838599
athlete_005,621.248788,0.26,0.6882591097257899
athlete_005,622.248788,0.26,0.6776788129677198
athlete_005,623.248788,0.26,0.6670985162096499
athlete_005,624.248788,0.26,0.6565182194515798
athlete_005,625.248788,0.26,0.6459379226935098
athlete_005,626.248788,0.26,0.6353576259354398
athlete_005,627.248788,0.26,0.6247773291773697
athlete_005,628.248788,0.26,0.6141970324192997
athlete_005,629.248788,0.26,0.6036167356612296
athlete_005,630.248788,0.26,0.5930364389031596
athlete_005,631.248788,0.26,0.5824561421450896
athlete_005,632.248788,0.26,0.5718758453870196
athlete_005,633.248788,0.26,0.5612955486289495
athlete_005,634.248788,0.26,0.5507152518708796
athlete_005,635.248788,0.26,0.5401349551128095
athlete_005,636.248788,0.26,0.5295546583547395
athlete_005,637.248788,0.26,0.5189743615966694
athlete_005,638.248788,0.26,0.5083940648385994
athlete_005,639.248788,0.26,0.49781376808052935
athlete_005,640.248788,0.26,0.4872334713224593
athlete_005,641.248788,0.26,0.47665317456438927
athlete_005,642.248788,0.26,0.4660728778063193
athlete_005,643.248788,0.26,0.45549258104824925
athlete_005,644.248788,0.26,0.4449122842901792
athlete_005,645.248788,0.26,0.4343319875321092
athlete_005,646.248788,0.26,0.4237516907740392
athlete_005,647.248788,0.26,0.41317139401596914
athlete_005,648.248788,0.26,0.4025910972578991
athlete_005,649.248788,0.26,0.39201080049982906
athlete_005,650.248788,0.26,0.381430503741759
athlete_005,651.248788,0.26,0.370850206983689
athlete_005,652.248788,0.26,0.360269910225619
athlete_005,653.248788,0.26,0.34968961346754895
athlete_005,654.248788,0.26,0.3391093167094789
athlete_005,655.248788,0.26,0.32852901995140893
athlete_005,656.248788,0.26,0.3179487231933389
athlete_005,657.248788,0.26,0.30736842643526885
athlete_005,658.248788,0.26,0.2967881296771988
athlete_005,659.248788,0.26,0.28620783291912877
athlete_005,660.248788,0.26,0.27562753616105873
athlete_005,661.248788,0.26,0.26504723940298874
athlete_005,662.248788,0.26,0.2544669426449187
athlete_005,663.248788,0.26,0.24388664588684866
athlete_005,664.248788,0.26,0.23330634912877862
athlete_005,665.248788,0.26,0.22272605237070858
athlete_005,666.248788,0.2678542443873614,0.22
athlete_005,667.248788,0.2784345411454314,0.22
athlete_005,668.248788,0.28901483790350146,0.22
athlete_005,669.248788,0.2995951346615715,0.22
athlete_005,670.248788,0.31017543141964155,0.22
athlete_005,671.248788,0.3207557281777116,0.22
athlete_005,672.248788,0.3313360249357815,0.22
athlete_005,673.248788,0.34191632169385155,0.22
athlete_005,674.248788,0.3524966184519216,0.22
athlete_005,675.248788,0.36307691520999164,0.22
athlete_005,676.248788,0.3736572119680617,0.22
athlete_005,677.248788,0.3842375087261317,0.22
athlete_005,678.248788,0.39481780548420176,0.22
athlete_005,679.248788,0.4053981022422717,0.22
athlete_005,680.248788,0.41597839900034184,0.22
athlete_005,681.248788,0.4265586957584119,0.22
athlete_005,682.248788,0.4371389925164819,0.22
athlete_005,683.248788,0.44771928927455196,0.22
athlete_005,684.248788,0.458299586032622,0.22
athlete_005,685.248788,0.4688798827906919,0.22
athlete_005,686.248788,0.47946017954876197,0.22
athlete_005,687.248788,0.490040476306832,0.22
athlete_005,688.248788,0.500620773064902,0.22
athlete_005,689.248788,0.5112010698229721,0.22
athlete_005,690.248788,0.5217813665810421,0.22
athlete_005,691.248788,0.5323616633391122,0.22
athlete_005,692.248788,0.5429419600971821,0.22
athlete_005,693.248788,0.5535222568552521,0.22
athlete_005,694.248788,0.5641025536133222,0.22
athlete_005,695.248788,0.5746828503713922,0.22
athlete_005,696.248788,0.5852631471294623,0.22
athlete_005,697.248788,0.5958434438875323,0.22
athlete_005,698.248788,0.6064237406456023,0.22
athlete_005,699.248788,0.6170040374036724,0.22
athlete_005,700.248788,0.6275843341617424,0.22
athlete_005,701.248788,0.6381646309198125,0.22
athlete_005,702.248788,0.64,0.21125507232211752
athlete_005,703.248788,0.64,0.20067477556404748
athlete_005,704.248788,0.64,0.19009447880597755
athlete_005,705.202871,0.64,0.17999999999999997
athlete_005,706.202871,0.7720186391529892,0.18
athlete_005,707.202871,0.9040372783059782,0.18
athlete_005,708.202871,0.92,0.2960559174589675
athlete_005,709.202871,0.92,0.42807455661195654
athlete_005,710.202871,0.92,0.5600931957649458
athlete_005,711.202871,0.92,0.6921118349179349
athlete_005,712.202871,0.9158695259290759,0.82
athlete_005,713.202871,0.7838508867760868,0.82
athlete_005,714.202871,0.6518322476230977,0.82
athlete_005,715.202871,0.5198136084701083,0.82
athlete_005,716.202871,0.3877949693171193,0.82
athlete_005,717.202871,0.25577633016412993,0.82
athlete_005,718.202871,0.12375769101114098,0.82
athlete_005,719.202871,0.08,0.7317390518581518
athlete_005,720.202871,0.08,0.5997204127051626
athlete_005,721.202871,0.08,0.4677017735521737
athlete_005,722.202871,0.08,0.3356831343991845
athlete_005,723.202871,0.08,0.20366449524619534
athlete_005,724.202871,0.18835414390679434,0.18
athlete_005,725.202871,0.3203727830597835,0.18
athlete_005,726.202871,0.45239142221277223,0.18
athlete_005,727.202871,0.5844100613657613,0.18
athlete_005,728.202871,0.7164287005187505,0.18
athlete_005,729.202871,0.8484473396717401,0.18
athlete_005,730.202871,0.92,0.24046597882472903
athlete_005,731.202871,0.92,0.37248461797771776
athlete_005,732.202871,0.92,0.5045032571307069
athlete_005,733.202871,0.92,0.636521896283696
athlete_005,734.202871,0.92,0.7685405354366852
athlete_005,735.202871,0.8394408254103253,0.82
athlete_005,736.202871,0.7074221862573361,0.82
athlete_005,737.202871,0.5754035471043474,0.82
athlete_005,738.202871,0.4433849079513578,0.82
athlete_005,739.202871,0.31136626879836904,0.82
athlete_005,740.202871,0.17934762964537942,0.82
athlete_005,741.202871,0.08,0.7873289904923905
athlete_005,742.202871,0.08,0.6553103513394009
athlete_005,743.202871,0.08,0.5232917121864112
athlete_005,744.202871,0.08,0.3912730730334225
athlete_005,745.202871,0.08,0.2592544338804329
athlete_005,746.202871,0.1327642052725561,0.18
athlete_005,747.202871,0.26478284442554484,0.18
athlete_005,748.202871,0.3968014835785345,0.18
athlete_005,749.202871,0.5288201227315231,0.18
athlete_005,750.202871,0.6608387618845123,0.18
athlete_005,751.202871,0.792857401037501,0.18
athlete_005,752.202871,0.92,0.18487604019049036
athlete_005,753.202871,0.92,0.31689467934348
athlete_005,754.202871,0.92,0.4489133184964687
athlete_005,755.202871,0.92,0.5809319576494583
athlete_005,756.202871,0.92,0.7129505968024461
athlete_005,757.202871,0.8950307640445639,0.82
athlete_005,758.202871,0.7630121248915752,0.82
athlete_005,759.202871,0.6309934857385856,0.82
athlete_005,760.202871,0.498974846585596,0.82
athlete_005,761.202871,0.36695620743260726,0.82
athlete_005,762.202871,0.23493756827961765,0.82
athlete_005,763.202871,0.10291892912662892,0.82
athlete_005,764.202871,0.08,0.7109002899736391
athlete_005,765.202871,0.08,0.5788816508206504
athlete_005,766.202871,0.08,0.44686301166766074
athlete_005,767.202871,0.08,0.314844372514672
athlete_005,768.202871,0.08,0.18282573336168328
athlete_005,769.202871,0.20919290579130484,0.18
athlete_005,769.890706,0.30000000000000066,0.18
athlete_005,770.890706,0.3,0.182151630244158
athlete_005,771.890706,0.3,0.18430326048831605
athlete_005,772.890706,0.3,0.18645489073247407
athlete_005,773.890706,0.3,0.18860652097663208
athlete_005,774.890706,0.3,0.19075815122079012
athlete_005,775.890706,0.3,0.19290978146494814
athlete_005,776.890706,0.3,0.19506141170910615
athlete_005,777.890706,0.3,0.1972130419532642
athlete_005,778.890706,0.3,0.1993646721974222
athlete_005,779.890706,0.3,0.20151630244158023
athlete_005,780.890706,0.3,0.20366793268573827
athlete_005,781.890706,0.3,0.20581956292989628
athlete_005,782.890706,0.3,0.20797119317405433
athlete_005,783.890706,0.3,0.21012282341821234
athlete_005,784.890706,0.3,0.21227445366237035
athlete_005,785.890706,0.3,0.2144260839065284
athlete_005,786.890706,0.3,0.2165777141506864
athlete_005,787.890706,0.3,0.21872934439484443
athlete_005,788.890706,0.30088097463900243,0.22
athlete_005,789.890706,0.3030326048831605,0.22
athlete_005,790.890706,0.3051842351273185,0.22
athlete_005,791.890706,0.3073358653714765,0.22
athlete_005,792.890706,0.30948749561563454,0.22
athlete_005,793.890706,0.3116391258597926,0.22
athlete_005,794.890706,0.3137907561039506,0.22
athlete_005,795.890706,0.3159423863481086,0.22
athlete_005,796.890706,0.31809401659226666,0.22
athlete_005,797.890706,0.32024564683642465,0.22
athlete_005,798.890706,0.3223972770805827,0.22
athlete_005,799.890706,0.32454890732474073,0.22
athlete_005,800.890706,0.3267005375688987,0.22
athlete_005,801.890706,0.32885216781305676,0.22
athlete_005,802.890706,0.3310037980572148,0.22
athlete_005,803.890706,0.3331554283013728,0.22
athlete_005,804.890706,0.33530705854553083,0.22
athlete_005,805.890706,0.3374586887896889,0.22
athlete_005,806.890706,0.33961031903384686,0.22
athlete_005,807.890706,0.33999999999999997,0.22176194927800494
athlete_005,808.890706,0.33999999999999997,0.22391357952216295
athlete_005,809.890706,0.33999999999999997,0.226065209766321
athlete_005,810.890706,0.33999999999999997,0.228216840010479
athlete_005,811.890706,0.33999999999999997,0.23036847025463703
athlete_005,812.890706,0.33999999999999997,0.23252010049879507
athlete_005,813.890706,0.33999999999999997,0.23467173074295308
athlete_005,814.890706,0.33999999999999997,0.2368233609871111
athlete_005,815.890706,0.33999999999999997,0.23897499123126914
athlete_005,816.890706,0.33999999999999997,0.24112662147542713
athlete_005,817.890706,0.33999999999999997,0.24327825171958517
athlete_005,818.890706,0.33999999999999997,0.2454298819637432
athlete_005,819.890706,0.33999999999999997,0.2475815122079012
athlete_005,820.890706,0.33999999999999997,0.24973314245205924
athlete_005,821.890706,0.33999999999999997,0.2518847726962173
athlete_005,822.890706,0.33999999999999997,0.25403640294037527
athlete_005,823.890706,0.33999999999999997,0.2561880331845333
athlete_005,824.890706,0.33999999999999997,0.25833966342869136
athlete_005,825.890706,0.33999999999999997,0.26049129367284934
athlete_005,826.890706,0.33999999999999997,0.2626429239170074
athlete_005,827.890706,0.33999999999999997,0.26479455416116543
athlete_005,828.890706,0.33999999999999997,0.2669461844053235
athlete_005,829.890706,0.33999999999999997,0.26909781464948146
athlete_005,830.890706,0.33999999999999997,0.2712494448936395
athlete_005,831.890706,0.33999999999999997,0.27340107513779754
athlete_005,832.890706,0.33999999999999997,0.27555270538195553
athlete_005,833.890706,0.33999999999999997,0.2777043356261136
athlete_005,834.890706,0.33999999999999997,0.2798559658702716
athlete_005,835.890706,0.33999999999999997,0.2820075961144296
athlete_005,836.890706,0.33999999999999997,0.28415922635858765
athlete_005,837.890706,0.33999999999999997,0.2863108566027457
athlete_005,838.890706,0.33999999999999997,0.2884624868469037
athlete_005,839.890706,0.33999999999999997,0.2906141170910617
athlete_005,840.890706,0.33999999999999997,0.29276574733521976
athlete_005,841.890706,0.33999999999999997,0.29491737757937775
athlete_005,842.890706,0.33999999999999997,0.2970690078235358
athlete_005,843.890706,0.33999999999999997,0.29922063806769383
athlete_005,844.890706,0.33999999999999997,0.3013722683118518
athlete_005,845.890706,0.33999999999999997,0.30352389855600986
athlete_005,846.890706,0.33999999999999997,0.3056755288001679
athlete_005,847.890706,0.33999999999999997,0.3078271590443259
athlete_005,848.890706,0.33999999999999997,0.30997878928848394
athlete_005,849.890706,0.33999999999999997,0.312130419532642
athlete_005,850.890706,0.33999999999999997,0.31428204977679997
athlete_005,851.890706,0.33999999999999997,0.316433680020958
athlete_005,852.890706,0.33999999999999997,0.31858531026511605
athlete_005,853.890706,0.33999999999999997,0.32073694050927404
athlete_005,854.890706,0.33999999999999997,0.3228885707534321
athlete_005,855.890706,0.33999999999999997,0.3250402009975901
athlete_005,856.890706,0.33999999999999997,0.3271918312417481
athlete_005,857.890706,0.33999999999999997,0.32934346148590615
athlete_005,858.890706,0.33999999999999997,0.3314950917300642
athlete_005,859.890706,0.33999999999999997,0.3336467219742222
athlete_005,860.890706,0.33999999999999997,0.3357983522183802
athlete_005,861.890706,0.33999999999999997,0.33794998246253827
athlete_005,862.84348,0.33999999999999997,0.34
athlete_005,863.84348,0.33999999999999997,0.34231071452553774
athlete_005,864.84348,0.33999999999999997,0.3446214290510754
athlete_005,865.84348,0.33999999999999997,0.3469321435766131
athlete_005,866.84348,0.33999999999999997,0.3492428581021508
athlete_005,867.84348,0.33999999999999997,0.3515535726276885
athlete_005,868.84348,0.33999999999999997,0.35386428715322615
athlete_005,869.84348,0.33999999999999997,0.35617500167876387
athlete_005,870.84348,0.33999999999999997,0.35848571620430153
athlete_005,871.84348,0.33999999999999997,0.36079643072983925
athlete_005,872.84348,0.33999999999999997,0.3631071452553769
athlete_005,873.84348,0.33999999999999997,0.3654178597809146
athlete_005,874.84348,0.33999999999999997,0.3677285743064523
athlete_005,875.84348,0.33999999999999997,0.37003928883199
athlete_005,876.84348,0.33999999999999997,0.37235000335752766
athlete_005,877.84348,0.33999999999999997,0.3746607178830654
athlete_005,878.84348,0.33999999999999997,0.37697143240860304
athlete_005,879.84348,0.33999999999999997,0.37928214693414075
athlete_005,880.84348,0.33999999999999997,0.3815928614596784
athlete_005,881.84348,0.33999999999999997,0.38390357598521613
athlete_005,882.84348,0.33999999999999997,0.38621429051075384
athlete_005,883.84348,0.33999999999999997,0.3885250050362915
athlete_005,884.84348,0.33999999999999997,0.39083571956182916
athlete_005,885.84348,0.33999999999999997,0.3931464340873669
athlete_005,886.84348,0.33999999999999997,0.3954571486129046
athlete_005,887.84348,0.33999999999999997,0.39776786313844226
athlete_005,888.84348,0.33999999999999997,0.40007857766398
athlete_005,889.84348,0.33999999999999997,0.40238929218951763
athlete_005,890.84348,0.33999999999999997,0.40470000671505535
athlete_005,891.84348,0.33999999999999997,0.407010721240593
athlete_005,892.84348,0.33999999999999997,0.4093214357661307
athlete_005,893.84348,0.33999999999999997,0.41163215029166844
athlete_005,894.84348,0.33999999999999997,0.4139428648172061
athlete_005,895.84348,0.33999999999999997,0.41625357934274376
athlete_005,896.84348,0.33999999999999997,0.4185642938682815
athlete_005,897.84348,0.33999999999999997,0.42087500839381914
athlete_005,898.84348,0.33999999999999997,0.42318572291935685
athlete_005,899.84348,0.33999999999999997,0.4254964374448945
athlete_005,900.84348,0.33999999999999997,0.42780715197043223
athlete_005,901.84348,0.33999999999999997,0.43011786649596995
athlete_005,902.84348,0.33999999999999997,0.4324285810215076
athlete_005,903.84348,0.33999999999999997,0.43473929554704527
athlete_005,904.84348,0.33999999999999997,0.437050010072583
athlete_005,905.84348,0.33999999999999997,0.4393607245981207
athlete_005,906.84348,0.33999999999999997,0.44167143912365836
athlete_005,907.84348,0.33999999999999997,0.4439821536491961
athlete_005,908.84348,0.33999999999999997,0.44629286817473374
athlete_005,909.84348,0.33999999999999997,0.44860358270027145
athlete_005,910.84348,0.33999999999999997,0.4509142972258091
athlete_005,911.84348,0.33999999999999997,0.45322501175134683
athlete_005,912.84348,0.33999999999999997,0.4555357262768845
athlete_005,913.84348,0.33999999999999997,0.4578464408024222
athlete_005,914.84348,0.33999999999999997,0.46015715532795987
athlete_005,915.84348,0.33999999999999997,0.4624678698534976
athlete_005,916.84348,0.33999999999999997,0.4647785843790353
athlete_005,917.84348,0.33999999999999997,0.46708929890457296
athlete_005,918.84348,0.33999999999999997,0.4694000134301106
athlete_005,919.84348,0.33999999999999997,0.47171072795564833
athlete_005,920.84348,0.33999999999999997,0.47402144248118605
athlete_005,921.84348,0.33999999999999997,0.4763321570067237
athlete_005,922.84348,0.33999999999999997,0.47864287153226137
athlete_005,923.84348,0.33999999999999997,0.4809535860577991
athlete_005,924.84348,0.33999999999999997,0.4832643005833368
athlete_005,925.84348,0.33999999999999997,0.48557501510887446
athlete_005,926.84348,0.33999999999999997,0.4878857296344121
athlete_005,927.84348,0.33999999999999997,0.4901964441599499
athlete_005,928.84348,0.33999999999999997,0.49250715868548756
athlete_005,929.84348,0.33999999999999997,0.4948178732110252
athlete_005,930.84348,0.33999999999999997,0.49712858773656293
athlete_005,931.84348,0.33999999999999997,0.49943930226210065
athlete_005,932.84348,0.33999999999999997,0.5017500167876383
athlete_005,933.84348,0.33999999999999997,0.504060731313176
athlete_005,934.84348,0.33999999999999997,0.5063714458387136
athlete_005,935.84348,0.33999999999999997,0.5086821603642514
athlete_005,936.84348,0.33999999999999997,0.5109928748897891
athlete_005,937.84348,0.33999999999999997,0.5133035894153267
athlete_005,938.84348,0.33999999999999997,0.5156143039408645
athlete_005,939.84348,0.33999999999999997,0.5179250184664022
athlete_005,940.84348,0.33999999999999997,0.5202357329919398
athlete_005,941.84348,0.33999999999999997,0.5225464475174775
athlete_005,942.84348,0.33999999999999997,0.5248571620430151
athlete_005,943.84348,0.33999999999999997,0.5271678765685529
athlete_005,944.84348,0.33999999999999997,0.5294785910940906
athlete_005,945.84348,0.33999999999999997,0.5317893056196282
athlete_005,946.84348,0.33999999999999997,0.534100020145166
athlete_005,947.84348,0.33999999999999997,0.5364107346707037
athlete_005,948.84348,0.33999999999999997,0.5387214491962413
athlete_005,949.84348,0.33999999999999997,0.541032163721779
athlete_005,950.84348,0.33999999999999997,0.5433428782473166
athlete_005,951.84348,0.33999999999999997,0.5456535927728544
athlete_005,952.84348,0.33999999999999997,0.5479643072983921
athlete_005,953.84348,0.33999999999999997,0.5502750218239298
athlete_005,954.84348,0.33999999999999997,0.5525857363494675
athlete_005,955.84348,0.33999999999999997,0.5548964508750052
athlete_005,956.84348,0.33999999999999997,0.5572071654005428
athlete_005,957.84348,0.33999999999999997,0.5595178799260805
athlete_005,958.84348,0.33999999999999997,0.5618285944516183
athlete_005,959.84348,0.33999999999999997,0.5641393089771559
athlete_005,960.84348,0.33999999999999997,0.5664500235026936
athlete_005,961.84348,0.33999999999999997,0.5687607380282313
athlete_005,962.84348,0.33999999999999997,0.571071452553769
athlete_005,963.84348,0.33999999999999997,0.5733821670793067
athlete_005,964.84348,0.33999999999999997,0.5756928816048443
athlete_005,965.84348,0.33999999999999997,0.5780035961303821
athlete_005,966.84348,0.33999999999999997,0.5803143106559198
athlete_005,967.84348,0.33999999999999997,0.5826250251814574
athlete_005,968.84348,0.33999999999999997,0.5849357397069951
athlete_005,969.84348,0.33999999999999997,0.5872464542325329
athlete_005,970.84348,0.33999999999999997,0.5895571687580705
athlete_005,971.84348,0.33999999999999997,0.5918678832836082
athlete_005,972.84348,0.33999999999999997,0.5941785978091458
athlete_005,973.84348,0.33999999999999997,0.5964893123346835
athlete_005,974.84348,0.33999999999999997,0.5988000268602213
athlete_005,975.84348,0.33999999999999997,0.601110741385759
athlete_005,976.84348,0.33999999999999997,0.6034214559112967
athlete_005,977.84348,0.33999999999999997,0.6057321704368344
athlete_005,978.84348,0.33999999999999997,0.608042884962372
athlete_005,979.84348,0.33999999999999997,0.6103535994879097
athlete_005,980.84348,0.33999999999999997,0.6126643140134473
athlete_005,981.84348,0.33999999999999997,0.6149750285389851
athlete_005,982.84348,0.33999999999999997,0.6172857430645228
athlete_005,983.84348,0.33999999999999997,0.6195964575900605
athlete_005,984.84348,0.33999999999999997,0.6219071721155982
athlete_005,985.84348,0.33999999999999997,0.6242178866411359
athlete_005,986.84348,0.33999999999999997,0.6265286011666735
athlete_005,987.84348,0.33999999999999997,0.6288393156922112
athlete_005,988.84348,0.33999999999999997,0.6311500302177488
athlete_005,989.84348,0.33999999999999997,0.6334607447432866
athlete_005,990.84348,0.33999999999999997,0.6357714592688243
athlete_005,991.84348,0.33999999999999997,0.638082173794362
athlete_005,992.84348,0.33999999999999997,0.6403928883198997
athlete_005,993.84348,0.33999999999999997,0.6427036028454374
athlete_005,994.84348,0.33999999999999997,0.645014317370975
athlete_005,995.84348,0.33999999999999997,0.6473250318965127
athlete_005,996.84348,0.33999999999999997,0.6496357464220504
athlete_005,997.84348,0.33999999999999997,0.6519464609475881
athlete_005,998.84348,0.33999999999999997,0.6542571754731259
athlete_005,999.84348,0.33999999999999997,0.6565678899986636
athlete_005,1000.84348,0.33999999999999997,0.6588786045242012
athlete_005,1001.84348,0.33999999999999997,0.6611893190497389
athlete_005,1002.84348,0.33999999999999997,0.6635000335752765
athlete_005,1003.84348,0.33999999999999997,0.6658107481008142
athlete_005,1004.84348,0.33999999999999997,0.668121462626352
athlete_005,1005.84348,0.33999999999999997,0.6704321771518896
athlete_005,1006.84348,0.33999999999999997,0.6727428916774274
athlete_005,1007.84348,0.33999999999999997,0.6750536062029651
athlete_005,1008.84348,0.33999999999999997,0.6773643207285027
athlete_005,1009.84348,0.33999999999999997,0.6796750352540404
athlete_005,1010.84348,0.33999999999999997,0.681985749779578
athlete_005,1011.84348,0.33999999999999997,0.6842964643051158
athlete_005,1012.84348,0.33999999999999997,0.6866071788306535
athlete_005,1013.84348,0.33999999999999997,0.6889178933561911
athlete_005,1014.84348,0.33999999999999997,0.6912286078817289
athlete_005,1015.84348,0.33999999999999997,0.6935393224072666
athlete_005,1016.84348,0.33999999999999997,0.6958500369328042
athlete_005,1017.84348,0.33999999999999997,0.6981607514583419
athlete_005,1018.84348,0.33999999999999997,0.7004714659838795
athlete_005,1019.84348,0.33999999999999997,0.7027821805094172
athlete_005,1020.84348,0.33999999999999997,0.705092895034955
athlete_005,1021.84348,0.33999999999999997,0.7074036095604928
athlete_005,1022.84348,0.33999999999999997,0.7097143240860304
athlete_005,1023.84348,0.33999999999999997,0.7120250386115681
athlete_005,1024.84348,0.33999999999999997,0.7143357531371057
athlete_005,1025.84348,0.33999999999999997,0.7166464676626434
athlete_005,1026.84348,0.33999999999999997,0.718957182188181
athlete_005,1027.294777,0.33999999999999997,0.72
athlete_005,1028.294777,0.33999999999999997,0.7078715147927486
athlete_005,1029.294777,0.33999999999999997,0.6957430295854973
athlete_005,1030.294777,0.33999999999999997,0.6836145443782459
athlete_005,1031.294777,0.33999999999999997,0.6714860591709945
athlete_005,1032.294777,0.33999999999999997,0.6593575739637432
athlete_005,1033.294777,0.33999999999999997,0.6472290887564918
athlete_005,1034.294777,0.33999999999999997,0.6351006035492404
athlete_005,1035.294777,0.33999999999999997,0.6229721183419891
athlete_005,1036.294777,0.33999999999999997,0.6108436331347377
athlete_005,1037.294777,0.33999999999999997,0.5987151479274864
athlete_005,1038.294777,0.33999999999999997,0.586586662720235
athlete_005,1039.294777,0.33999999999999997,0.5744581775129836
athlete_005,1040.294777,0.33999999999999997,0.5623296923057322
athlete_005,1041.294777,0.33999999999999997,0.5502012070984809
athlete_005,1042.294777,0.33999999999999997,0.5380727218912295
athlete_005,1043.294777,0.33999999999999997,0.5259442366839782
athlete_005,1044.294777,0.33999999999999997,0.5138157514767268
athlete_005,1045.294777,0.33999999999999997,0.5016872662694754
athlete_005,1046.294777,0.33999999999999997,0.48955878106222406
athlete_005,1047.294777,0.33999999999999997,0.47743029585497265
athlete_005,1048.294777,0.33999999999999997,0.4653018106477213
athlete_005,1049.294777,0.33999999999999997,0.4531733254404699
athlete_005,1050.294777,0.33999999999999997,0.44104484023321855
athlete_005,1051.294777,0.33999999999999997,0.4289163550259672
athlete_005,1052.294777,0.33999999999999997,0.4167878698187158
athlete_005,1053.294777,0.33999999999999997,0.40465938461146445
athlete_005,1054.294777,0.33999999999999997,0.3925308994042131
athlete_005,1055.294777,0.33999999999999997,0.38040241419696175
athlete_005,1056.294777,0.33999999999999997,0.3682739289897104
athlete_005,1057.294777,0.33999999999999997,0.356145443782459
athlete_005,1058.294777,0.33999999999999997,0.34401695857520764
athlete_005,1059.294777,0.33999999999999997,0.3318884733679563
athlete_005,1060.294777,0.33999999999999997,0.3197599881607049
athlete_005,1061.294777,0.33999999999999997,0.30763150295345354
athlete_005,1062.294777,0.33999999999999997,0.29550301774620213
athlete_005,1063.294777,0.33999999999999997,0.2833745325389508
athlete_005,1064.294777,0.33999999999999997,0.2712460473316994
athlete_005,1065.294777,0.33999999999999997,0.2591175621244481
athlete_005,1066.294777,0.33999999999999997,0.24698907691719674
athlete_005,1067.294777,0.33999999999999997,0.23486059170994533
athlete_005,1068.294777,0.33999999999999997,0.22273210650269404
athlete_005,1069.294777,0.3493963787045573,0.22
athlete_005,1070.294777,0.3615248639118087,0.22
athlete_005,1071.294777,0.3736533491190601,0.22
athlete_005,1072.294777,0.3857818343263114,0.22
athlete_005,1073.294777,0.3979103195335628,0.22
athlete_005,1074.294777,0.4100388047408141,0.22
athlete_005,1075.294777,0.4221672899480655,0.22
athlete_005,1076.294777,0.4342957751553169,0.22
athlete_005,1077.294777,0.4464242603625683,0.22
athlete_005,1078.294777,0.4585527455698196,0.22
athlete_005,1079.294777,0.470681230777071,0.22
athlete_005,1080.294777,0.4828097159843223,0.22
athlete_005,1081.294777,0.4949382011915737,0.22
athlete_005,1082.294777,0.5070666863988251,0.22
athlete_005,1083.294777,0.5191951716060764,0.22
athlete_005,1084.294777,0.5313236568133278,0.22
athlete_005,1085.294777,0.5434521420205791,0.22
athlete_005,1086.294777,0.5555806272278305,0.22
athlete_005,1087.294777,0.5677091124350819,0.22
athlete_005,1088.294777,0.5798375976423333,0.22
athlete_005,1089.294777,0.5919660828495846,0.22
athlete_005,1090.294777,0.604094568056836,0.22
athlete_005,1091.294777,0.6162230532640873,0.22
athlete_005,1092.294777,0.6283515384713387,0.22
athlete_005,1093.294777,0.64,0.21951997632140988
athlete_005,1094.294777,0.64,0.20739149111415847
athlete_005,1095.294777,0.64,0.19526300590690718
athlete_005,1096.294777,0.64,0.18313452069965577
athlete_005,1096.55322,0.64,0.17999999999999997
athlete_005,1097.55322,0.7502648655701889,0.18
athlete_005,1098.55322,0.8605297311403779,0.18
athlete_005,1099.55322,0.92,0.23079459671056668
athlete_005,1100.55322,0.92,0.3410594622807557
athlete_005,1101.55322,0.92,0.4513243278509445
athlete_005,1102.55322,0.92,0.5615891934211334
athlete_005,1103.55322,0.92,0.6718540589913224
athlete_005,1104.55322,0.92,0.7821189245615112
athlete_005,1105.55322,0.8476162098682998,0.82
athlete_005,1106.55322,0.7373513442981109,0.82
athlete_005,1107.55322,0.6270864787279219,0.82
athlete_005,1108.55322,0.5168216131577331,0.82
athlete_005,1109.55322,0.4065567475875441,0.82
athlete_005,1110.55322,0.2962918820173551,0.82
athlete_005,1111.55322,0.18602701644716635,0.82
athlete_005,1112.55322,0.08,0.8157621508769773
athlete_005,1113.55322,0.08,0.7054972853067886
athlete_005,1114.55322,0.08,0.5952324197365996
athlete_005,1115.55322,0.08,0.4849675541664106
athlete_005,1116.55322,0.08,0.3747026885962218
athlete_005,1117.55322,0.08,0.2644378230260326
athlete_005,1118.55322,0.10582704254415624,0.18
athlete_005,1119.55322,0.21609190811434548,0.18
athlete_005,1120.55322,0.3263567736845338,0.18
athlete_005,1121.55322,0.436621639254723,0.18
athlete_005,1122.55322,0.5468865048249117,0.18
athlete_005,1123.55322,0.657151370395101,0.18
athlete_005,1124.55322,0.7674162359652897,0.18
athlete_005,1125.55322,0.8776811015354785,0.18
athlete_005,1126.55322,0.92,0.24794596710566702
athlete_005,1127.55322,0.92,0.35821083267585624
athlete_005,1128.55322,0.92,0.468475698246045
athlete_005,1129.55322,0.92,0.5787405638162343
athlete_005,1130.55322,0.92,0.6890054293864225
athlete_005,1131.55322,0.92,0.7992702949566117
athlete_005,1132.55322,0.8304648394731992,0.82
athlete_005,1133.55322,0.7201999739030099,0.82
athlete_005,1134.55322,0.6099351083328212,0.82
athlete_005,1135.55322,0.4996702427626324,0.82
athlete_005,1136.55322,0.3894053771924436,0.82
athlete_005,1137.55322,0.27914051162225395,0.82
athlete_005,1138.55322,0.16887564605206518,0.82
athlete_005,1139.55322,0.08,0.7986107804818771
athlete_005,1140.55322,0.08,0.6883459149116874
athlete_005,1141.55322,0.08,0.5780810493414986
athlete_005,1142.55322,0.08,0.46781618377130896
athlete_005,1143.55322,0.08,0.35755131820112107
athlete_005,1144.55322,0.08,0.2472864526309323
athlete_005,1145.55322,0.12297841293925764,0.18
athlete_005,1146.55322,0.23324327850944643,0.18
athlete_005,1147.55322,0.3435081440796352,0.18
athlete_005,1148.55322,0.453773009649824,0.18
athlete_005,1149.55322,0.5640378752200127,0.18
athlete_005,1150.55322,0.6743027407902019,0.18
athlete_005,1151.55322,0.7845676063603898,0.18
athlete_005,1152.55322,0.8948324719305795,0.18
athlete_005,1153.55322,0.92,0.26509733750076797
athlete_005,1154.55322,0.92,0.37536220307095675
athlete_005,1155.55322,0.92,0.4856270686411455
athlete_005,1156.55322,0.92,0.5958919342113342
athlete_005,1157.55322,0.92,0.7061567997815239
athlete_005,1158.55322,0.92,0.8164216653517127
athlete_005,1159.55322,0.8133134690780991,0.82
athlete_005,1160.55322,0.7030486035079094,0.82
athlete_005,1161.55322,0.5927837379377207,0.82
athlete_005,1162.55322,0.482518872367531,0.82
athlete_005,1163.55322,0.3722540067973431,0.82
athlete_005,1164.55322,0.26198914122715433,0.82
athlete_005,1165.55322,0.15172427565696467,0.82
athlete_005,1166.55322,0.08,0.7814594100867757
athlete_005,1167.55322,0.08,0.671194544516586
athlete_005,1168.55322,0.08,0.5609296789463981
athlete_005,1169.55322,0.08,0.45066481337620845
athlete_005,1170.55322,0.08,0.3403999478060197
athlete_005,1171.55322,0.08,0.2301350822358309
athlete_005,1172.55322,0.14012978333435727,0.18
athlete_005,1173.55322,0.25039464890454605,0.18
athlete_005,1174.003094,0.30000000000000066,0.18
athlete_005,1175.003094,0.3,0.18324369588654485
athlete_005,1176.003094,0.3,0.1864873917730897
athlete_005,1177.003094,0.3,0.18973108765963456
athlete_005,1178.003094,0.3,0.19297478354617942
athlete_005,1179.003094,0.3,0.19621847943272427
athlete_005,1180.003094,0.3,0.19946217531926913
athlete_005,1181.003094,0.3,0.202705871205814
athlete_005,1182.003094,0.3,0.20594956709235884
athlete_005,1183.003094,0.3,0.2091932629789037
athlete_005,1184.003094,0.3,0.21243695886544856
athlete_005,1185.003094,0.3,0.2156806547519934
athlete_005,1186.003094,0.3,0.21892435063853827
athlete_005,1187.003094,0.3021680465250831,0.22
athlete_005,1188.003094,0.30541174241162794,0.22
athlete_005,1189.003094,0.3086554382981728,0.22
athlete_005,1190.003094,0.31189913418471765,0.22
athlete_005,1191.003094,0.31514283007126254,0.22
athlete_005,1192.003094,0.31838652595780736,0.22
athlete_005,1193.003094,0.32163022184435225,0.22
athlete_005,1194.003094,0.3248739177308971,0.22
athlete_005,1195.003094,0.32811761361744196,0.22
athlete_005,1196.003094,0.3313613095039868,0.22
athlete_005,1197.003094,0.3346050053905317,0.22
athlete_005,1198.003094,0.3378487012770765,0.22
athlete_005,1199.003094,0.3410923971636214,0.22
athlete_005,1200.003094,0.3443360930501662,0.22
athlete_005,1201.003094,0.34757978893671104,0.22
athlete_005,1202.003094,0.3508234848232559,0.22
athlete_005,1203.003094,0.3540671807098008,0.22
athlete_005,1204.003094,0.35731087659634564,0.22
athlete_005,1205.003094,0.36055457248289047,0.22
athlete_005,1206.003094,0.36379826836943535,0.22
athlete_005,1207.003094,0.36704196425598024,0.22
athlete_005,1208.003094,0.37028566014252506,0.22
athlete_005,1209.003094,0.3735293560290699,0.22
athlete_005,1210.003094,0.3767730519156148,0.22
athlete_005,1211.003094,0.38001674780215966,0.22
athlete_005,1212.003094,0.3832604436887045,0.22
athlete_005,1213.003094,0.3865041395752493,0.22
athlete_005,1214.003094,0.3897478354617942,0.22
athlete_005,1215.003094,0.3929915313483391,0.22
athlete_005,1216.003094,0.3962352272348839,0.22
athlete_005,1217.003094,0.39947892312142874,0.22
athlete_005,1218.003094,0.4027226190079736,0.22
athlete_005,1219.003094,0.4059663148945185,0.22
athlete_005,1220.003094,0.40921001078106334,0.22
athlete_005,1221.003094,0.41245370666760817,0.22
athlete_005,1222.003094,0.41569740255415305,0.22
athlete_005,1223.003094,0.41894109844069793,0.22
athlete_005,1224.003094,0.42,0.22218479432724278
athlete_005,1225.003094,0.42,0.22542849021378764
athlete_005,1226.003094,0.42,0.22867218610033246
athlete_005,1227.003094,0.42,0.23191588198687732
athlete_005,1228.003094,0.42,0.23515957787342218
athlete_005,1229.003094,0.42,0.23840327375996703
athlete_005,1230.003094,0.42,0.2416469696465119
athlete_005,1231.003094,0.42,0.24489066553305675
athlete_005,1232.003094,0.42,0.2481343614196016
athlete_005,1233.003094,0.42,0.2513780573061465
athlete_005,1234.003094,0.42,0.2546217531926913
athlete_005,1235.003094,0.42,0.25786544907923614
athlete_005,1236.003094,0.42,0.261109144965781
athlete_005,1237.003094,0.42,0.2643528408523259
athlete_005,1238.003094,0.42,0.26759653673887074
athlete_005,1239.003094,0.42,0.27084023262541557
athlete_005,1240.003094,0.42,0.27408392851196045
athlete_005,1241.003094,0.42,0.27732762439850533
athlete_005,1242.003094,0.42,0.28057132028505016
athlete_005,1243.003094,0.42,0.283815016171595
athlete_005,1244.003094,0.42,0.2870587120581399
athlete_005,1245.003094,0.42,0.29030240794468476
athlete_005,1246.003094,0.42,0.2935461038312296
athlete_005,1247.003094,0.42,0.2967897997177744
athlete_005,1248.003094,0.42,0.3000334956043193
athlete_005,1249.003094,0.42,0.3032771914908642
athlete_005,1250.003094,0.42,0.306520887377409
athlete_005,1251.003094,0.42,0.30976458326395384
athlete_005,1252.003094,0.42,0.3130082791504987
athlete_005,1253.003094,0.42,0.31625197503704355
athlete_005,1254.003094,0.42,0.31949567092358844
athlete_005,1255.003094,0.42,0.32273936681013327
athlete_005,1256.003094,0.42,0.32598306269667815
athlete_005,1257.003094,0.42,0.329226758583223
athlete_005,1258.003094,0.42,0.33247045446976786
athlete_005,1259.003094,0.42,0.3357141503563127
athlete_005,1260.003094,0.42,0.3389578462428576
athlete_005,1260.32438,0.42,0.34
athlete_005,1261.32438,0.42,0.3428848297798294
athlete_005,1262.32438,0.42,0.3457696595596588
athlete_005,1263.32438,0.42,0.3486544893394882
athlete_005,1264.32438,0.42,0.35153931911931763
athlete_005,1265.32438,0.42,0.35442414889914703
athlete_005,1266.32438,0.42,0.35730897867897643
athlete_005,1267.32438,0.42,0.36019380845880583
athlete_005,1268.32438,0.42,0.36307863823863523
athlete_005,1269.32438,0.42,0.36596346801846463
athlete_005,1270.32438,0.42,0.36884829779829403
athlete_005,1271.32438,0.42,0.3717331275781235
athlete_005,1272.32438,0.42,0.3746179573579529
athlete_005,1273.32438,0.42,0.3775027871377823
athlete_005,1274.32438,0.42,0.3803876169176117
athlete_005,1275.32438,0.42,0.3832724466974411
athlete_005,1276.32438,0.42,0.3861572764772705
athlete_005,1277.32438,0.42,0.3890421062570999
athlete_005,1278.32438,0.42,0.3919269360369293
athlete_005,1279.32438,0.42,0.3948117658167587
athlete_005,1280.32438,0.42,0.3976965955965881
athlete_005,1281.32438,0.42,0.4005814253764175
athlete_005,1282.32438,0.42,0.4034662551562469
athlete_005,1283.32438,0.42,0.4063510849360763
athlete_005,1284.32438,0.42,0.4092359147159057
athlete_005,1285.32438,0.42,0.4121207444957351
athlete_005,1286.32438,0.42,0.4150055742755645
athlete_005,1287.32438,0.42,0.4178904040553939
athlete_005,1288.32438,0.42,0.4207752338352233
athlete_005,1289.32438,0.42,0.4236600636150527
athlete_005,1290.32438,0.42,0.4265448933948821
athlete_005,1291.32438,0.42,0.4294297231747115
athlete_005,1292.32438,0.42,0.4323145529545409
athlete_005,1293.32438,0.42,0.4351993827343703
athlete_005,1294.32438,0.42,0.4380842125141997
athlete_005,1295.32438,0.42,0.4409690422940291
athlete_005,1296.32438,0.42,0.4438538720738585
athlete_005,1297.32438,0.42,0.4467387018536879
athlete_005,1298.32438,0.42,0.44962353163351737
athlete_005,1299.32438,0.42,0.45250836141334677
athlete_005,1300.32438,0.42,0.45539319119317617
athlete_005,1301.32438,0.42,0.4582780209730056
athlete_005,1302.32438,0.42,0.461162850752835
athlete_005,1303.32438,0.42,0.4640476805326644
athlete_005,1304.32438,0.42,0.4669325103124938
athlete_005,1305.32438,0.42,0.4698173400923232
athlete_005,1306.32438,0.42,0.4727021698721526
athlete_005,1307.32438,0.42,0.475586999651982
athlete_005,1308.32438,0.42,0.4784718294318114
athlete_005,1309.32438,0.42,0.4813566592116408
athlete_005,1310.32438,0.42,0.48424148899147024
athlete_005,1311.32438,0.42,0.4871263187712996
athlete_005,1312.32438,0.42,0.49001114855112904
athlete_005,1313.32438,0.42,0.4928959783309584
athlete_005,1314.32438,0.42,0.49578080811078784
athlete_005,1315.32438,0.42,0.4986656378906172
athlete_005,1316.32438,0.42,0.5015504676704466
athlete_005,1317.32438,0.42,0.504435297450276
athlete_005,1318.32438,0.42,0.5073201272301054
athlete_005,1319.32438,0.42,0.5102049570099348
athlete_005,1320.32438,0.42,0.5130897867897642
athlete_005,1321.32438,0.42,0.5159746165695936
athlete_005,1322.32438,0.42,0.518859446349423
athlete_005,1323.32438,0.42,0.5217442761292524
athlete_005,1324.32438,0.42,0.5246291059090818
athlete_005,1325.32438,0.42,0.5275139356889113
athlete_005,1326.32438,0.42,0.5303987654687407
athlete_005,1327.32438,0.42,0.53328359524857
athlete_005,1328.32438,0.42,0.5361684250283995
athlete_005,1329.32438,0.42,0.5390532548082289
athlete_005,1330.32438,0.42,0.5419380845880583
athlete_005,1331.32438,0.42,0.5448229143678877
athlete_005,1332.32438,0.42,0.5477077441477171
athlete_005,1333.32438,0.42,0.5505925739275465
athlete_005,1334.32438,0.42,0.5534774037073759
athlete_005,1335.32438,0.42,0.5563622334872053
athlete_005,1336.32438,0.42,0.5592470632670347
athlete_005,1337.32438,0.42,0.5621318930468641
athlete_005,1338.32438,0.42,0.5650167228266935
athlete_005,1339.32438,0.42,0.5679015526065229
athlete_005,1340.32438,0.42,0.5707863823863523
athlete_005,1341.32438,0.42,0.5736712121661817
athlete_005,1342.32438,0.42,0.5765560419460112
athlete_005,1343.32438,0.42,0.5794408717258405
athlete_005,1344.32438,0.42,0.5823257015056699
athlete_005,1345.32438,0.42,0.5852105312854994
athlete_005,1346.32438,0.42,0.5880953610653288
athlete_005,1347.32438,0.42,0.5909801908451582
athlete_005,1348.32438,0.42,0.5938650206249876
athlete_005,1349.32438,0.42,0.596749850404817
athlete_005,1350.32438,0.42,0.5996346801846464
athlete_005,1351.32438,0.42,0.6025195099644758
athlete_005,1352.32438,0.42,0.6054043397443052
athlete_005,1353.32438,0.42,0.6082891695241346
athlete_005,1354.32438,0.42,0.611173999303964
athlete_005,1355.32438,0.42,0.6140588290837934
athlete_005,1356.32438,0.42,0.6169436588636228
athlete_005,1357.32438,0.42,0.6198284886434522
athlete_005,1358.32438,0.42,0.6227133184232816
athlete_005,1359.32438,0.42,0.625598148203111
athlete_005,1360.32438,0.42,0.6284829779829404
athlete_005,1361.32438,0.42,0.6313678077627698
athlete_005,1362.32438,0.42,0.6342526375425992
athlete_005,1363.32438,0.42,0.6371374673224286
athlete_005,1364.32438,0.42,0.640022297102258
athlete_005,1365.32438,0.42,0.6429071268820874
athlete_005,1366.32438,0.42,0.6457919566619168
athlete_005,1367.32438,0.42,0.6486767864417462
athlete_005,1368.32438,0.42,0.6515616162215756
athlete_005,1369.32438,0.42,0.654446446001405
athlete_005,1370.32438,0.42,0.6573312757812344
athlete_005,1371.32438,0.42,0.6602161055610638
athlete_005,1372.32438,0.42,0.6631009353408932
athlete_005,1373.32438,0.42,0.6659857651207226
athlete_005,1374.32438,0.42,0.668870594900552
athlete_005,1375.32438,0.42,0.6717554246803814
athlete_005,1376.32438,0.42,0.6746402544602108
athlete_005,1377.32438,0.42,0.6775250842400402
athlete_005,1378.32438,0.42,0.6804099140198696
athlete_005,1379.32438,0.42,0.683294743799699
athlete_005,1380.32438,0.42,0.6861795735795284
athlete_005,1381.32438,0.42,0.6890644033593578
athlete_005,1382.32438,0.42,0.6919492331391872
athlete_005,1383.32438,0.42,0.6948340629190166
athlete_005,1384.32438,0.42,0.697718892698846
athlete_005,1385.32438,0.42,0.7006037224786754
athlete_005,1386.32438,0.42,0.7034885522585048
athlete_005,1387.32438,0.42,0.7063733820383342
athlete_005,1388.32438,0.42,0.7092582118181636
athlete_005,1389.32438,0.42,0.712143041597993
athlete_005,1390.32438,0.42,0.7150278713778224
athlete_005,1391.32438,0.42,0.7179127011576518
athlete_005,1392.047923,0.42,0.72
athlete_005,1393.047923,0.42,0.7097972152746584
athlete_005,1394.047923,0.42,0.6995944305493169
athlete_005,1395.047923,0.42,0.6893916458239754
athlete_005,1396.047923,0.42,0.6791888610986339
athlete_005,1397.047923,0.42,0.6689860763732923
athlete_005,1398.047923,0.42,0.6587832916479508
athlete_005,1399.047923,0.42,0.6485805069226093
athlete_005,1400.047923,0.42,0.6383777221972677
athlete_005,1401.047923,0.42,0.6281749374719262
athlete_005,1402.047923,0.42,0.6179721527465847
athlete_005,1403.047923,0.42,0.6077693680212432
athlete_005,1404.047923,0.42,0.5975665832959016
athlete_005,1405.047923,0.42,0.5873637985705601
athlete_005,1406.047923,0.42,0.5771610138452186
athlete_005,1407.047923,0.42,0.566958229119877
athlete_005,1408.047923,0.42,0.5567554443945355
athlete_005,1409.047923,0.42,0.546552659669194
athlete_005,1410.047923,0.42,0.5363498749438524
athlete_005,1411.047923,0.42,0.5261470902185109
athlete_005,1412.047923,0.42,0.5159443054931694
athlete_005,1413.047923,0.42,0.5057415207678279
athlete_005,1414.047923,0.42,0.4955387360424863
athlete_005,1415.047923,0.42,0.4853359513171448
athlete_005,1416.047923,0.42,0.47513316659180327
athlete_005,1417.047923,0.42,0.4649303818664617
athlete_005,1418.047923,0.42,0.4547275971411202
athlete_005,1419.047923,0.42,0.4445248124157787
athlete_005,1420.047923,0.42,0.4343220276904371
athlete_005,1421.047923,0.42,0.4241192429650956
athlete_005,1422.047923,0.42,0.41391645823975404
athlete_005,1423.047923,0.42,0.4037136735144125
athlete_005,1424.047923,0.42,0.39351088878907103
athlete_005,1425.047923,0.42,0.38330810406372945
athlete_005,1426.047923,0.42,0.373105319338388
athlete_005,1427.047923,0.42,0.3629025346130464
athlete_005,1428.047923,0.42,0.35269974988770486
athlete_005,1429.047923,0.42,0.3424969651623634
athlete_005,1430.047923,0.42,0.33229418043702186
athlete_005,1431.047923,0.42,0.3220913957116803
athlete_005,1432.047923,0.42,0.31188861098633874
athlete_005,1433.047923,0.42,0.30168582626099727
athlete_005,1434.047923,0.42,0.29148304153565574
athlete_005,1435.047923,0.42,0.28128025681031416
athlete_005,1436.047923,0.42,0.2710774720849727
athlete_005,1437.047923,0.42,0.26087468735963115
athlete_005,1438.047923,0.42,0.25067190263428957
athlete_005,1439.047923,0.42,0.24046911790894804
athlete_005,1440.047923,0.42,0.23026633318360656
athlete_005,1441.047923,0.42,0.22006354845826498
athlete_005,1442.047923,0.43013923626707656,0.22
athlete_005,1443.047923,0.440342020992418,0.22
athlete_005,1444.047923,0.4505448057177595,0.22
athlete_005,1445.047923,0.46074759044310115,0.22
athlete_005,1446.047923,0.47095037516844257,0.22
athlete_005,1447.047923,0.4811531598937841,0.22
athlete_005,1448.047923,0.49135594461912574,0.22
athlete_005,1449.047923,0.5015587293444672,0.22
athlete_005,1450.047923,0.5117615140698086,0.22
athlete_005,1451.047923,0.5219642987951503,0.22
athlete_005,1452.047923,0.5321670835204919,0.22
athlete_005,1453.047923,0.5423698682458333,0.22
athlete_005,1454.047923,0.552572652971175,0.22
athlete_005,1455.047923,0.5627754376965164,0.22
athlete_005,1456.047923,0.5729782224218578,0.22
athlete_005,1457.047923,0.5831810071471994,0.22
athlete_005,1458.047923,0.5933837918725411,0.22
athlete_005,1459.047923,0.6035865765978825,0.22
athlete_005,1460.047923,0.6137893613232239,0.22
athlete_005,1461.047923,0.6239921460485656,0.22
athlete_005,1462.047923,0.6341949307739072,0.22
athlete_005,1463.047923,0.64,0.2156022845007514
athlete_005,1464.047923,0.64,0.20539949977540975
athlete_005,1465.047923,0.64,0.19519671505006822
athlete_005,1466.047923,0.64,0.1849939303247268
athlete_005,1466.537391,0.64,0.17999999999999997
athlete_005,1467.537391,0.7265568191796073,0.18
athlete_005,1468.537391,0.8131136383592147,0.18
athlete_005,1469.537391,0.899670457538822,0.18
athlete_005,1470.537391,0.92,0.24622727671842937
athlete_005,1471.537391,0.92,0.33278409589803665
athlete_005,1472.537391,0.92,0.419340915077644
athlete_005,1473.537391,0.92,0.5058977342572515
athlete_005,1474.537391,0.92,0.5924545534368588
athlete_005,1475.537391,0.92,0.679011372616466
athlete_005,1476.537391,0.92,0.7655681917960733
athlete_005,1477.537391,0.8878749890243193,0.82
athlete_005,1478.537391,0.8013181698447119,0.82
athlete_005,1479.537391,0.7147613506651046,0.82
athlete_005,1480.537391,0.628204531485497,0.82
athlete_005,1481.537391,0.5416477123058899,0.82
athlete_005,1482.537391,0.45509089312628237,0.82
athlete_005,1483.537391,0.36853407394667526,0.82
athlete_005,1484.537391,0.2819772547670679,0.82
athlete_005,1485.537391,0.19542043558746036,0.82
athlete_005,1486.537391,0.10886361640785325,0.82
athlete_005,1487.537391,0.08,0.7623067972282457
athlete_005,1488.537391,0.08,0.6757499780486386
athlete_005,1489.537391,0.08,0.5891931588690312
athlete_005,1490.537391,0.08,0.5026363396894239
athlete_005,1491.537391,0.08,0.41607952050981634
athlete_005,1492.537391,0.08,0.3295227013302092
athlete_005,1493.537391,0.08,0.24296588215060166
athlete_005,1494.537391,0.10359093702900594,0.18
athlete_005,1495.537391,0.1901477562086126,0.18
athlete_005,1496.537391,0.2767045753882202,0.18
athlete_005,1497.537391,0.36326139456782774,0.18
athlete_005,1498.537391,0.4498182137474353,0.18
athlete_005,1499.537391,0.5363750329270424,0.18
athlete_005,1500.537391,0.6229318521066495,0.18
athlete_005,1501.537391,0.709488671286257,0.18
athlete_005,1502.537391,0.7960454904658641,0.18
athlete_005,1503.537391,0.8826023096454717,0.18
athlete_005,1504.537391,0.92,0.229159128825079
athlete_005,1505.537391,0.92,0.3157159480046861
athlete_005,1506.537391,0.92,0.4022727671842932
athlete_005,1507.537391,0.92,0.4888295863639008
athlete_005,1508.537391,0.92,0.5753864055435083
athlete_005,1509.537391,0.92,0.6619432247231154
athlete_005,1510.537391,0.92,0.7485000439027225
athlete_005,1511.537391,0.9049431369176696,0.82
athlete_005,1512.537391,0.8183863177380625,0.82
athlete_005,1513.537391,0.7318294985584554,0.82
athlete_005,1514.537391,0.6452726793788478,0.82
athlete_005,1515.537391,0.5587158601992402,0.82
athlete_005,1516.537391,0.47215904101963263,0.82
athlete_005,1517.537391,0.385602221840026,0.82
athlete_005,1518.537391,0.29904540266041846,0.82
athlete_005,1519.537391,0.2124885834808109,0.82
athlete_005,1520.537391,0.12593176430120334,0.82
athlete_005,1521.537391,0.08,0.7793749451215956
athlete_005,1522.537391,0.08,0.692818125941988
athlete_005,1523.537391,0.08,0.6062613067623804
athlete_005,1524.537391,0.08,0.5197044875827747
athlete_005,1525.537391,0.08,0.4331476684031671
athlete_005,1526.537391,0.08,0.34659084922355954
athlete_005,1527.537391,0.08,0.260034030043952
athlete_005,1528.537391,0.08652278913565585,0.18
athlete_005,1529.537391,0.17307960831526342,0.18
athlete_005,1530.537391,0.259636427494871,0.18
athlete_005,1531.537391,0.34619324667447765,0.18
athlete_005,1532.537391,0.4327500658540852,0.18
athlete_005,1533.537391,0.5193068850336918,0.18
athlete_005,1534.537391,0.6058637042132994,0.18
athlete_005,1535.537391,0.6924205233929065,0.18
athlete_005,1536.537391,0.778977342572514,0.18
athlete_005,1537.537391,0.8655341617521216,0.18
athlete_005,1538.537391,0.92,0.212090980931728
athlete_005,1539.537391,0.92,0.29864780011133557
athlete_005,1540.537391,0.92,0.38520461929094313
athlete_005,1541.537391,0.92,0.4717614384705507
athlete_005,1542.537391,0.92,0.5583182576501582
athlete_005,1543.537391,0.92,0.6448750768297657
athlete_005,1544.537391,0.92,0.7314318960093724
athlete_005,1545.537391,0.92,0.8179887151889791
athlete_005,1546.537391,0.835454465631413,0.82
athlete_005,1547.537391,0.7488976464518055,0.82
athlete_005,1548.537391,0.6623408272721979,0.82
athlete_005,1549.537391,0.5757840080925903,0.82
athlete_005,1550.537391,0.4892271889129828,0.82
athlete_005,1551.537391,0.4026703697333761,0.82
athlete_005,1552.537391,0.31611355055376855,0.82
athlete_005,1553.537391,0.229556731374161,0.82
athlete_005,1554.537391,0.14299991219455432,0.82
athlete_005,1555.537391,0.08,0.7964430930149465
athlete_005,1556.537391,0.08,0.709886273835339
athlete_005,1557.537391,0.08,0.6233294546557314
athlete_005,1558.537391,0.08,0.5367726354761247
athlete_005,1559.537391,0.08,0.4502158162965181
athlete_005,1560.537391,0.08,0.3636589971169105
athlete_005,1561.537391,0.08,0.27710217793730296
athlete_005,1562.537391,0.08,0.1905453587576954
athlete_005,1563.537391,0.15601146042191155,0.18
athlete_005,1564.537391,0.2425682796015191,0.18
athlete_005,1565.200905,0.30000000000000066,0.18
athlete_005,1566.200905,0.3,0.18435856828703592
athlete_005,1567.200905,0.3,0.18871713657407185
athlete_005,1568.200905,0.3,0.19307570486110778
athlete_005,1569.200905,0.3,0.1974342731481437
athlete_005,1570.200905,0.3,0.20179284143517964
athlete_005,1571.200905,0.3,0.20615140972221557
athlete_005,1572.200905,0.3,0.2105099780092515
athlete_005,1573.200905,0.3,0.21486854629628743
athlete_005,1574.200905,0.3,0.21922711458332336
athlete_005,1575.200905,0.3035856828703593,0.22
athlete_005,1576.200905,0.3079442511573952,0.22
athlete_005,1577.200905,0.31230281944443117,0.22
athlete_005,1578.200905,0.31666138773146707,0.22
athlete_005,1579.200905,0.321019956018503,0.22
athlete_005,1580.200905,0.32537852430553893,0.22
athlete_005,1581.200905,0.3297370925925749,0.22
athlete_005,1582.200905,0.3340956608796108,0.22
athlete_005,1583.200905,0.33845422916664675,0.22
athlete_005,1584.200905,0.34281279745368265,0.22
athlete_005,1585.200905,0.3471713657407186,0.22
athlete_005,1586.200905,0.3515299340277545,0.22
athlete_005,1587.200905,0.35588850231479047,0.22
athlete_005,1588.200905,0.36024707060182637,0.22
athlete_005,1589.200905,0.3646056388888623,0.22
athlete_005,1590.200905,0.36896420717589823,0.22
athlete_005,1591.200905,0.3733227754629342,0.22
athlete_005,1592.200905,0.3776813437499701,0.22
athlete_005,1593.200905,0.38203991203700605,0.22
athlete_005,1594.200905,0.386398480324042,0.22
athlete_005,1595.200905,0.3907570486110779,0.22
athlete_005,1596.200905,0.3951156168981138,0.22
athlete_005,1597.200905,0.39947418518514977,0.22
athlete_005,1598.200905,0.4038327534721857,0.22
athlete_005,1599.200905,0.4081913217592216,0.22
athlete_005,1600.200905,0.41254989004625753,0.22
athlete_005,1601.200905,0.4169084583332935,0.22
athlete_005,1602.200905,0.42126702662032944,0.22
athlete_005,1603.200905,0.42562559490736535,0.22
athlete_005,1604.200905,0.42998416319440125,0.22
athlete_005,1605.200905,0.4343427314814372,0.22
athlete_005,1606.200905,0.43870129976847316,0.22
athlete_005,1607.200905,0.44305986805550907,0.22
athlete_005,1608.200905,0.447418436342545,0.22
athlete_005,1609.200905,0.4517770046295809,0.22
athlete_005,1610.200905,0.4561355729166169,0.22
athlete_005,1611.200905,0.4604941412036528,0.22
athlete_005,1612.200905,0.4648527094906887,0.22
athlete_005,1613.200905,0.46921127777772464,0.22
athlete_005,1614.200905,0.4735698460647606,0.22
athlete_005,1615.200905,0.4779284143517965,0.22
athlete_005,1616.200905,0.4822869826388324,0.22
athlete_005,1617.200905,0.48664555092586836,0.22
athlete_005,1618.200905,0.4910041192129043,0.22
athlete_005,1619.200905,0.4953626874999403,0.22
athlete_005,1620.200905,0.4997212557869761,0.22
athlete_005,1621.200905,0.5,0.22407982407401209
athlete_005,1622.200905,0.5,0.22843839236104801
athlete_005,1623.200905,0.5,0.23279696064808397
athlete_005,1624.200905,0.5,0.23715552893511987
athlete_005,1625.200905,0.5,0.24151409722215583
athlete_005,1626.200905,0.5,0.24587266550919173
athlete_005,1627.200905,0.5,0.2502312337962277
athlete_005,1628.200905,0.5,0.25458980208326365
athlete_005,1629.200905,0.5,0.25894837037029955
athlete_005,1630.200905,0.5,0.26330693865733545
athlete_005,1631.200905,0.5,0.2676655069443714
athlete_005,1632.200905,0.5,0.2720240752314073
athlete_005,1633.200905,0.5,0.27638264351844327
athlete_005,1634.200905,0.5,0.28074121180547923
athlete_005,1635.200905,0.5,0.28509978009251513
athlete_005,1636.200905,0.5,0.28945834837955103
athlete_005,1637.200905,0.5,0.293816916666587
athlete_005,1638.200905,0.5,0.29817548495362295
athlete_005,1639.200905,0.5,0.30253405324065885
athlete_005,1640.200905,0.5,0.30689262152769475
athlete_005,1641.200905,0.5,0.3112511898147307
athlete_005,1642.200905,0.5,0.3156097581017666
athlete_005,1643.200905,0.5,0.31996832638880257
athlete_005,1644.200905,0.5,0.32432689467583853
athlete_005,1645.200905,0.5,0.32868546296287443
athlete_005,1646.200905,0.5,0.33304403124991033
athlete_005,1647.200905,0.5,0.3374025995369463
athlete_005,1647.796835,0.5,0.34
athlete_005,1648.796835,0.5,0.3422801297723721
athlete_005,1649.796835,0.5,0.3445602595447442
athlete_005,1650.796835,0.5,0.34684038931711625
athlete_005,1651.796835,0.5,0.3491205190894884
athlete_005,1652.796835,0.5,0.35140064886186045
athlete_005,1653.796835,0.5,0.35368077863423253
athlete_005,1654.796835,0.5,0.3559609084066046
athlete_005,1655.796835,0.5,0.3582410381789767
athlete_005,1656.796835,0.5,0.36052116795134875
athlete_005,1657.796835,0.5,0.36280129772372083
athlete_005,1658.796835,0.5,0.36508142749609296
athlete_005,1659.796835,0.5,0.36736155726846503
athlete_005,1660.796835,0.5,0.3696416870408371
athlete_005,1661.796835,0.5,0.3719218168132092
athlete_005,1662.796835,0.5,0.37420194658558126
athlete_005,1663.796835,0.5,0.37648207635795333
athlete_005,1664.796835,0.5,0.3787622061303254
athlete_005,1665.796835,0.5,0.38104233590269754
athlete_005,1666.796835,0.5,0.3833224656750696
athlete_005,1667.796835,0.5,0.3856025954474417
athlete_005,1668.796835,0.5,0.38788272521981376
athlete_005,1669.796835,0.5,0.39016285499218584
athlete_005,1670.796835,0.5,0.3924429847645579
athlete_005,1671.796835,0.5,0.39472311453693
athlete_005,1672.796835,0.5,0.39700324430930206
athlete_005,1673.796835,0.5,0.3992833740816742
athlete_005,1674.796835,0.5,0.40156350385404627
athlete_005,1675.796835,0.5,0.40384363362641834
athlete_005,1676.796835,0.5,0.4061237633987904
athlete_005,1677.796835,0.5,0.4084038931711625
athlete_005,1678.796835,0.5,0.41068402294353457
athlete_005,1679.796835,0.5,0.4129641527159067
athlete_005,1680.796835,0.5,0.4152442824882787
athlete_005,1681.796835,0.5,0.41752441226065085
athlete_005,1682.796835,0.5,0.4198045420330229
athlete_005,1683.796835,0.5,0.422084671805395
athlete_005,1684.796835,0.5,0.42436480157776707
athlete_005,1685.796835,0.5,0.42664493135013914
athlete_005,1686.796835,0.5,0.4289250611225113
athlete_005,1687.796835,0.5,0.4312051908948833
athlete_005,1688.796835,0.5,0.4334853206672554
athlete_005,1689.796835,0.5,0.4357654504396275
athlete_005,1690.796835,0.5,0.4380455802119996
athlete_005,1691.796835,0.5,0.44032570998437165
athlete_005,1692.796835,0.5,0.4426058397567437
athlete_005,1693.796835,0.5,0.4448859695291158
athlete_005,1694.796835,0.5,0.4471660993014879
athlete_005,1695.796835,0.5,0.44944622907386
athlete_005,1696.796835,0.5,0.4517263588462321
athlete_005,1697.796835,0.5,0.45400648861860415
athlete_005,1698.796835,0.5,0.45628661839097623
athlete_005,1699.796835,0.5,0.4585667481633483
athlete_005,1700.796835,0.5,0.4608468779357204
athlete_005,1701.796835,0.5,0.46312700770809245
athlete_005,1702.796835,0.5,0.4654071374804646
athlete_005,1703.796835,0.5,0.46768726725283666
athlete_005,1704.796835,0.5,0.46996739702520873
athlete_005,1705.796835,0.5,0.4722475267975808
athlete_005,1706.796835,0.5,0.4745276565699529
athlete_005,1707.796835,0.5,0.47680778634232496
athlete_005,1708.796835,0.5,0.47908791611469703
athlete_005,1709.796835,0.5,0.48136804588706916
athlete_005,1710.796835,0.5,0.4836481756594412
athlete_005,1711.796835,0.5,0.4859283054318133
athlete_005,1712.796835,0.5,0.4882084352041854
athlete_005,1713.796835,0.5,0.49048856497655746
athlete_005,1714.796835,0.5,0.49276869474892954
athlete_005,1715.796835,0.5,0.4950488245213016
athlete_005,1716.796835,0.5,0.49732895429367374
athlete_005,1717.796835,0.5,0.49960908406604576
athlete_005,1718.796835,0.5,0.5018892138384179
athlete_005,1719.796835,0.5,0.5041693436107899
athlete_005,1720.796835,0.5,0.506449473383162
athlete_005,1721.796835,0.5,0.5087296031555342
athlete_005,1722.796835,0.5,0.5110097329279062
athlete_005,1723.796835,0.5,0.5132898627002783
athlete_005,1724.796835,0.5,0.5155699924726503
athlete_005,1725.796835,0.5,0.5178501222450225
athlete_005,1726.796835,0.5,0.5201302520173945
athlete_005,1727.796835,0.5,0.5224103817897666
athlete_005,1728.796835,0.5,0.5246905115621388
athlete_005,1729.796835,0.5,0.5269706413345108
athlete_005,1730.796835,0.5,0.5292507711068829
athlete_005,1731.796835,0.5,0.531530900879255
athlete_005,1732.796835,0.5,0.533811030651627
athlete_005,1733.796835,0.5,0.5360911604239991
athlete_005,1734.796835,0.5,0.5383712901963712
athlete_005,1735.796835,0.5,0.5406514199687433
athlete_005,1736.796835,0.5,0.5429315497411153
athlete_005,1737.796835,0.5,0.5452116795134874
athlete_005,1738.796835,0.5,0.5474918092858595
athlete_005,1739.796835,0.5,0.5497719390582316
athlete_005,1740.796835,0.5,0.5520520688306036
athlete_005,1741.796835,0.5,0.5543321986029758
athlete_005,1742.796835,0.5,0.5566123283753479
athlete_005,1743.796835,0.5,0.5588924581477199
athlete_005,1744.796835,0.5,0.561172587920092
athlete_005,1745.796835,0.5,0.5634527176924641
athlete_005,1746.796835,0.5,0.5657328474648362
athlete_005,1747.796835,0.5,0.5680129772372082
athlete_005,1748.796835,0.5,0.5702931070095804
athlete_005,1749.796835,0.5,0.5725732367819525
athlete_005,1750.796835,0.5,0.5748533665543245
athlete_005,1751.796835,0.5,0.5771334963266966
athlete_005,1752.796835,0.5,0.5794136260990687
athlete_005,1753.796835,0.5,0.5816937558714408
athlete_005,1754.796835,0.5,0.5839738856438128
athlete_005,1755.796835,0.5,0.5862540154161849
athlete_005,1756.796835,0.5,0.5885341451885571
athlete_005,1757.796835,0.5,0.5908142749609291
athlete_005,1758.796835,0.5,0.5930944047333012
athlete_005,1759.796835,0.5,0.5953745345056733
athlete_005,1760.796835,0.5,0.5976546642780454
athlete_005,1761.796835,0.5,0.5999347940504174
athlete_005,1762.796835,0.5,0.6022149238227895
athlete_005,1763.796835,0.5,0.6044950535951616
athlete_005,1764.796835,0.5,0.6067751833675337
athlete_005,1765.796835,0.5,0.6090553131399058
athlete_005,1766.796835,0.5,0.6113354429122778
athlete_005,1767.796835,0.5,0.61361557268465
athlete_005,1768.796835,0.5,0.615895702457022
athlete_005,1769.796835,0.5,0.6181758322293941
athlete_005,1770.796835,0.5,0.6204559620017662
athlete_005,1771.796835,0.5,0.6227360917741382
athlete_005,1772.796835,0.5,0.6250162215465103
athlete_005,1773.796835,0.5,0.6272963513188824
athlete_005,1774.796835,0.5,0.6295764810912545
athlete_005,1775.796835,0.5,0.6318566108636265
athlete_005,1776.796835,0.5,0.6341367406359987
athlete_005,1777.796835,0.5,0.6364168704083708
athlete_005,1778.796835,0.5,0.6386970001807428
athlete_005,1779.796835,0.5,0.6409771299531148
athlete_005,1780.796835,0.5,0.643257259725487
athlete_005,1781.796835,0.5,0.6455373894978591
athlete_005,1782.796835,0.5,0.6478175192702311
athlete_005,1783.796835,0.5,0.6500976490426033
athlete_005,1784.796835,0.5,0.6523777788149754
athlete_005,1785.796835,0.5,0.6546579085873474
athlete_005,1786.796835,0.5,0.6569380383597194
athlete_005,1787.796835,0.5,0.6592181681320916
athlete_005,1788.796835,0.5,0.6614982979044637
athlete_005,1789.796835,0.5,0.6637784276768357
athlete_005,1790.796835,0.5,0.6660585574492078
athlete_005,1791.796835,0.5,0.66833868722158
athlete_005,1792.796835,0.5,0.670618816993952
athlete_005,1793.796835,0.5,0.672898946766324
athlete_005,1794.796835,0.5,0.6751790765386961
athlete_005,1795.796835,0.5,0.6774592063110683
athlete_005,1796.796835,0.5,0.6797393360834403
athlete_005,1797.796835,0.5,0.6820194658558124
athlete_005,1798.796835,0.5,0.6842995956281845
athlete_005,1799.796835,0.5,0.6865797254005566
athlete_005,1800.796835,0.5,0.6888598551729286
athlete_005,1801.796835,0.5,0.6911399849453007
athlete_005,1802.796835,0.5,0.6934201147176728
athlete_005,1803.796835,0.5,0.6957002444900449
athlete_005,1804.796835,0.5,0.697980374262417
athlete_005,1805.796835,0.5,0.700260504034789
athlete_005,1806.796835,0.5,0.7025406338071611
athlete_005,1807.796835,0.5,0.7048207635795332
athlete_005,1808.796835,0.5,0.7071008933519053
athlete_005,1809.796835,0.5,0.7093810231242774
athlete_005,1810.796835,0.5,0.7116611528966494
athlete_005,1811.796835,0.5,0.7139412826690215
athlete_005,1812.796835,0.5,0.7162214124413936
athlete_005,1813.796835,0.5,0.7185015422137657
athlete_005,1814.454016,0.5,0.72
athlete_005,1815.454016,0.5,0.7120250375415712
athlete_005,1816.454016,0.5,0.7040500750831424
athlete_005,1817.454016,0.5,0.6960751126247137
athlete_005,1818.454016,0.5,0.6881001501662849
athlete_005,1819.454016,0.5,0.6801251877078561
athlete_005,1820.454016,0.5,0.6721502252494274
athlete_005,1821.454016,0.5,0.6641752627909986
athlete_005,1822.454016,0.5,0.6562003003325698
athlete_005,1823.454016,0.5,0.648225337874141
athlete_005,1824.454016,0.5,0.6402503754157123
athlete_005,1825.454016,0.5,0.6322754129572835
athlete_005,1826.454016,0.5,0.6243004504988547
athlete_005,1827.454016,0.5,0.616325488040426
athlete_005,1828.454016,0.5,0.6083505255819972
athlete_005,1829.454016,0.5,0.6003755631235685
athlete_005,1830.454016,0.5,0.5924006006651397
athlete_005,1831.454016,0.5,0.584425638206711
athlete_005,1832.454016,0.5,0.5764506757482821
athlete_005,1833.454016,0.5,0.5684757132898535
athlete_005,1834.454016,0.5,0.5605007508314246
athlete_005,1835.454016,0.5,0.5525257883729959
athlete_005,1836.454016,0.5,0.5445508259145672
athlete_005,1837.454016,0.5,0.5365758634561384
athlete_005,1838.454016,0.5,0.5286009009977096
athlete_005,1839.454016,0.5,0.5206259385392809
athlete_005,1840.454016,0.5,0.5126509760808521
athlete_005,1841.454016,0.5,0.5046760136224233
athlete_005,1842.454016,0.5,0.49670105116399454
athlete_005,1843.454016,0.5,0.4887260887055658
athlete_005,1844.454016,0.5,0.480751126247137
athlete_005,1845.454016,0.5,0.47277616378870824
athlete_005,1846.454016,0.5,0.46480120133027947
athlete_005,1847.454016,0.5,0.4568262388718507
athlete_005,1848.454016,0.5,0.44885127641342193
athlete_005,1849.454016,0.5,0.44087631395499316
athlete_005,1850.454016,0.5,0.4329013514965644
athlete_005,1851.454016,0.5,0.4249263890381356
athlete_005,1852.454016,0.5,0.41695142657970685
athlete_005,1853.454016,0.5,0.4089764641212781
athlete_005,1854.454016,0.5,0.4010015016628493
athlete_005,1855.454016,0.5,0.39302653920442054
athlete_005,1856.454016,0.5,0.38505157674599183
athlete_005,1857.454016,0.5,0.37707661428756306
athlete_005,1858.454016,0.5,0.3691016518291343
athlete_005,1859.454016,0.5,0.36112668937070547
athlete_005,1860.454016,0.5,0.35315172691227675
athlete_005,1861.454016,0.5,0.345176764453848
athlete_005,1862.454016,0.5,0.33720180199541927
athlete_005,1863.454016,0.5,0.32922683953699045
athlete_005,1864.454016,0.5,0.3212518770785617
athlete_005,1865.454016,0.5,0.31327691462013296
athlete_005,1866.454016,0.5,0.30530195216170414
athlete_005,1867.454016,0.5,0.29732698970327537
athlete_005,1868.454016,0.5,0.28935202724484665
athlete_005,1869.454016,0.5,0.28137706478641783
athlete_005,1870.454016,0.5,0.27340210232798906
athlete_005,1871.454016,0.5,0.26542713986956035
athlete_005,1872.454016,0.5,0.2574521774111316
athlete_005,1873.454016,0.5,0.24947721495270275
athlete_005,1874.454016,0.5,0.24150225249427404
athlete_005,1875.454016,0.5,0.23352729003584527
athlete_005,1876.454016,0.5,0.22555232757741644
athlete_005,1877.454016,0.5024226348810122,0.22
athlete_005,1878.454016,0.510397597339441,0.22
athlete_005,1879.454016,0.5183725597978698,0.22
athlete_005,1880.454016,0.5263475222562986,0.22
athlete_005,1881.454016,0.5343224847147273,0.22
athlete_005,1882.454016,0.5422974471731561,0.22
athlete_005,1883.454016,0.5502724096315849,0.22
athlete_005,1884.454016,0.5582473720900136,0.22
athlete_005,1885.454016,0.5662223345484424,0.22
athlete_005,1886.454016,0.5741972970068712,0.22
athlete_005,1887.454016,0.5821722594652999,0.22
athlete_005,1888.454016,0.5901472219237287,0.22
athlete_005,1889.454016,0.5981221843821575,0.22
athlete_005,1890.454016,0.6060971468405862,0.22
athlete_005,1891.454016,0.614072109299015,0.22
athlete_005,1892.454016,0.6220470717574438,0.22
athlete_005,1893.454016,0.6300220342158726,0.22
athlete_005,1894.454016,0.6379969966743013,0.22
athlete_005,1895.454016,0.64,0.21402804086727004
athlete_005,1896.454016,0.64,0.20605307840884116
athlete_005,1897.454016,0.64,0.1980781159504124
athlete_005,1898.454016,0.64,0.19010315349198373
athlete_005,1899.454016,0.64,0.18212819103355485
athlete_005,1899.720875,0.64,0.17999999999999997
athlete_005,1900.720875,0.7872815140645482,0.18
athlete_005,1901.720875,0.92,0.19456302812909615
athlete_005,1902.720875,0.92,0.34184454219364424
athlete_005,1903.720875,0.92,0.48912605625819233
athlete_005,1904.720875,0.92,0.6364075703227403
athlete_005,1905.720875,0.92,0.7836890843872886
athlete_005,1906.720875,0.8090294015481635,0.82
athlete_005,1907.720875,0.6617478874836152,0.82
athlete_005,1908.720875,0.5144663734190674,0.82
athlete_005,1909.720875,0.36718485935451917,0.82
athlete_005,1910.720875,0.21990334528997113,0.82
athlete_005,1911.720875,0.08,0.8126218312254229
athlete_005,1912.720875,0.08,0.6653403171608748
athlete_005,1913.720875,0.08,0.518058803096327
athlete_005,1914.720875,0.08,0.3707772890317787
athlete_005,1915.720875,0.08,0.2234957749672305
athlete_005,1916.720875,0.18378573909731738,0.18
athlete_005,1917.720875,0.3310672531618652,0.18
athlete_005,1918.720875,0.4783487672264135,0.18
athlete_005,1919.720875,0.6256302812909617,0.18
athlete_005,1920.720875,0.7729117953555099,0.18
athlete_005,1921.720875,0.92,0.18019330942005746
athlete_005,1922.720875,0.92,0.3274748234846057
athlete_005,1923.720875,0.92,0.474756337549154
athlete_005,1924.720875,0.92,0.6220378516137017
athlete_005,1925.720875,0.92,0.76931936567825
athlete_005,1926.720875,0.8233991202572014,0.82
athlete_005,1927.720875,0.676117606192654,0.82
athlete_005,1928.720875,0.5288360921281053,0.82
athlete_005,1929.720875,0.3815545780635575,0.82
athlete_005,1930.720875,0.2342730639990097,0.82
athlete_005,1931.720875,0.08699154993446101,0.82
athlete_005,1932.720875,0.08,0.679710035869913
athlete_005,1933.720875,0.08,0.5324285218053652
athlete_005,1934.720875,0.08,0.3851470077408165
athlete_005,1935.720875,0.08,0.23786549367626952
athlete_005,1936.720875,0.16941602038827946,0.18
athlete_005,1937.720875,0.3166975344528273,0.18
athlete_005,1938.720875,0.463979048517376,0.18
athlete_005,1939.720875,0.6112605625819237,0.18
athlete_005,1940.720875,0.758542076646472,0.18
athlete_005,1941.720875,0.9058235907110198,0.18
athlete_005,1942.720875,0.92,0.31310510477556736
athlete_005,1943.720875,0.92,0.46038661884011517
athlete_005,1944.720875,0.92,0.6076681329046629
athlete_005,1945.720875,0.92,0.7549496469692116
athlete_005,1946.720875,0.8377688389662402,0.82
athlete_005,1947.720875,0.6904873249016915,0.82
athlete_005,1948.720875,0.5432058108371437,0.82
athlete_005,1949.720875,0.3959242967725959,0.82
athlete_005,1950.720875,0.24864278270804807,0.82
athlete_005,1951.720875,0.10136126864349937,0.82
athlete_005,1952.720875,0.08,0.6940797545789513
athlete_005,1953.720875,0.08,0.5467982405144026
athlete_005,1954.720875,0.08,0.3995167264498548
athlete_005,1955.720875,0.08,0.2522352123853079
athlete_005,1956.720875,0.15504630167924022,0.18
athlete_005,1957.70507,0.30000000000000066,0.18
athlete_005,1958.70507,0.3,0.18700529066237168
athlete_005,1959.70507,0.3,0.19401058132474333
athlete_005,1960.70507,0.3,0.201015871987115
athlete_005,1961.70507,0.3,0.20802116264948667
athlete_005,1962.70507,0.3,0.21502645331185835
athlete_005,1963.70507,0.30203174397423,0.22
athlete_005,1964.70507,0.3090370346366017,0.22
athlete_005,1965.70507,0.31604232529897336,0.22
athlete_005,1966.70507,0.323047615961345,0.22
athlete_005,1967.70507,0.33005290662371667,0.22
athlete_005,1968.70507,0.3370581972860883,0.22
athlete_005,1969.70507,0.34406348794846003,0.22
athlete_005,1970.70507,0.3510687786108317,0.22
athlete_005,1971.70507,0.3580740692732034,0.22
athlete_005,1972.70507,0.36507935993557505,0.22
athlete_005,1973.70507,0.3720846505979467,0.22
athlete_005,1974.70507,0.37908994126031836,0.22
athlete_005,1975.70507,0.38609523192269,0.22
athlete_005,1976.70507,0.3931005225850617,0.22
athlete_005,1977.70507,0.4001058132474334,0.22
athlete_005,1978.70507,0.4071111039098051,0.22
athlete_005,1979.70507,0.41411639457217675,0.22
athlete_005,1980.70507,0.4211216852345484,0.22
athlete_005,1981.70507,0.42812697589692006,0.22
athlete_005,1982.70507,0.4351322665592917,0.22
athlete_005,1983.70507,0.4421375572216634,0.22
athlete_005,1984.70507,0.4491428478840351,0.22
athlete_005,1985.70507,0.4561481385464068,0.22
athlete_005,1986.70507,0.46315342920877844,0.22
athlete_005,1987.70507,0.4701587198711501,0.22
athlete_005,1988.70507,0.47716401053352175,0.22
athlete_005,1989.70507,0.48416930119589346,0.22
athlete_005,1990.70507,0.4911745918582651,0.22
athlete_005,1991.70507,0.4981798825206368,0.22
athlete_005,1992.70507,0.5051851731830084,0.22
athlete_005,1993.70507,0.5121904638453801,0.22
athlete_005,1994.70507,0.5191957545077518,0.22
athlete_005,1995.70507,0.5262010451701234,0.22
athlete_005,1996.70507,0.5332063358324951,0.22
athlete_005,1997.70507,0.5402116264948668,0.22
athlete_005,1998.70507,0.5472169171572384,0.22
athlete_005,1999.70507,0.5542222078196102,0.22
athlete_005,2000.70507,0.5612274984819818,0.22
athlete_005,2001.70507,0.5682327891443535,0.22
athlete_005,2002.70507,0.5752380798067251,0.22
athlete_005,2003.70507,0.5800000000000001,0.22224337046909678
athlete_005,2004.70507,0.5800000000000001,0.22924866113146844
athlete_005,2005.70507,0.5800000000000001,0.2362539517938401
athlete_005,2006.70507,0.5800000000000001,0.2432592424562118
athlete_005,2007.70507,0.5800000000000001,0.25026453311858343
athlete_005,2008.70507,0.5800000000000001,0.2572698237809551
athlete_005,2009.70507,0.5800000000000001,0.26427511444332685
athlete_005,2010.70507,0.5800000000000001,0.2712804051056985
athlete_005,2011.70507,0.5800000000000001,0.27828569576807016
athlete_005,2012.70507,0.5800000000000001,0.2852909864304418
athlete_005,2013.70507,0.5800000000000001,0.2922962770928135
athlete_005,2014.70507,0.5800000000000001,0.2993015677551851
athlete_005,2015.70507,0.5800000000000001,0.3063068584175568
athlete_005,2016.70507,0.5800000000000001,0.31331214907992855
athlete_005,2017.70507,0.5800000000000001,0.3203174397423002
athlete_005,2018.70507,0.5800000000000001,0.32732273040467186
athlete_005,2019.70507,0.5800000000000001,0.3343280210670435
athlete_005,2020.514741,0.5800000000000001,0.33999999999999997
athlete_005,2021.514741,0.5800000000000001,0.3425014492421615
athlete_005,2022.514741,0.5800000000000001,0.34500289848432303
athlete_005,2023.514741,0.5800000000000001,0.34750434772648453
athlete_005,2024.514741,0.5800000000000001,0.35000579696864603
athlete_005,2025.514741,0.5800000000000001,0.3525072462108075
athlete_005,2026.514741,0.5800000000000001,0.355008695452969
athlete_005,2027.514741,0.5800000000000001,0.3575101446951305
athlete_005,2028.514741,0.5800000000000001,0.360011593937292
athlete_005,2029.514741,0.5800000000000001,0.3625130431794535
athlete_005,2030.514741,0.5800000000000001,0.365014492421615
athlete_005,2031.514741,0.5800000000000001,0.3675159416637765
athlete_005,2032.514741,0.5800000000000001,0.370017390905938
athlete_005,2033.514741,0.5800000000000001,0.37251884014809944
athlete_005,2034.514741,0.5800000000000001,0.375020289390261
athlete_005,2035.514741,0.5800000000000001,0.37752173863242244
athlete_005,2036.514741,0.5800000000000001,0.38002318787458395
athlete_005,2037.514741,0.5800000000000001,0.38252463711674545
athlete_005,2038.514741,0.5800000000000001,0.38502608635890695
athlete_005,2039.514741,0.5800000000000001,0.38752753560106845
athlete_005,2040.514741,0.5800000000000001,0.39002898484322995
athlete_005,2041.514741,0.5800000000000001,0.39253043408539146
athlete_005,2042.514741,0.5800000000000001,0.39503188332755296
athlete_005,2043.514741,0.5800000000000001,0.39753333256971446
athlete_005,2044.514741,0.5800000000000001,0.4000347818118759
athlete_005,2045.514741,0.5800000000000001,0.4025362310540374
athlete_005,2046.514741,0.5800000000000001,0.4050376802961989
athlete_005,2047.514741,0.5800000000000001,0.4075391295383604
athlete_005,2048.514741,0.5800000000000001,0.4100405787805219
athlete_005,2049.514741,0.5800000000000001,0.4125420280226834
athlete_005,2050.514741,0.5800000000000001,0.4150434772648449
athlete_005,2051.514741,0.5800000000000001,0.4175449265070064
athlete_005,2052.514741,0.5800000000000001,0.4200463757491679
athlete_005,2053.514741,0.5800000000000001,0.42254782499132937
athlete_005,2054.514741,0.5800000000000001,0.42504927423349087
athlete_005,2055.514741,0.5800000000000001,0.42755072347565237
athlete_005,2056.514741,0.5800000000000001,0.4300521727178139
athlete_005,2057.514741,0.5800000000000001,0.4325536219599754
athlete_005,2058.514741,0.5800000000000001,0.4350550712021369
athlete_005,2059.514741,0.5800000000000001,0.4375565204442984
athlete_005,2060.514741,0.5800000000000001,0.4400579696864598
athlete_005,2061.514741,0.5800000000000001,0.4425594189286214
athlete_005,2062.514741,0.5800000000000001,0.44506086817078283
athlete_005,2063.514741,0.5800000000000001,0.4475623174129444
athlete_005,2064.514741,0.5800000000000001,0.45006376665510583
athlete_005,2065.514741,0.5800000000000001,0.45256521589726734
athlete_005,2066.514741,0.5800000000000001,0.45506666513942884
athlete_005,2067.514741,0.5800000000000001,0.45756811438159034
athlete_005,2068.514741,0.5800000000000001,0.46006956362375184
athlete_005,2069.514741,0.5800000000000001,0.4625710128659133
athlete_005,2070.514741,0.5800000000000001,0.46507246210807485
athlete_005,2071.514741,0.5800000000000001,0.4675739113502363
athlete_005,2072.514741,0.5800000000000001,0.4700753605923978
athlete_005,2073.514741,0.5800000000000001,0.4725768098345593
athlete_005,2074.514741,0.5800000000000001,0.4750782590767208
athlete_005,2075.514741,0.5800000000000001,0.4775797083188823
athlete_005,2076.514741,0.5800000000000001,0.4800811575610438
athlete_005,2077.514741,0.5800000000000001,0.4825826068032053
athlete_005,2078.514741,0.5800000000000001,0.48508405604536675
athlete_005,2079.514741,0.5800000000000001,0.4875855052875283
athlete_005,2080.514741,0.5800000000000001,0.49008695452968976
athlete_005,2081.514741,0.5800000000000001,0.4925884037718513
athlete_005,2082.514741,0.5800000000000001,0.49508985301401276
athlete_005,2083.514741,0.5800000000000001,0.49759130225617426
athlete_005,2084.514741,0.5800000000000001,0.5000927514983358
athlete_005,2085.514741,0.5800000000000001,0.5025942007404973
athlete_005,2086.514741,0.5800000000000001,0.5050956499826588
athlete_005,2087.514741,0.5800000000000001,0.5075970992248202
athlete_005,2088.514741,0.5800000000000001,0.5100985484669818
athlete_005,2089.514741,0.5800000000000001,0.5125999977091432
athlete_005,2090.514741,0.5800000000000001,0.5151014469513048
athlete_005,2091.514741,0.5800000000000001,0.5176028961934662
athlete_005,2092.514741,0.5800000000000001,0.5201043454356278
athlete_005,2093.514741,0.5800000000000001,0.5226057946777892
athlete_005,2094.514741,0.5800000000000001,0.5251072439199507
athlete_005,2095.514741,0.5800000000000001,0.5276086931621122
athlete_005,2096.514741,0.5800000000000001,0.5301101424042738
athlete_005,2097.514741,0.5800000000000001,0.5326115916464352
athlete_005,2098.514741,0.5800000000000001,0.5351130408885967
athlete_005,2099.514741,0.5800000000000001,0.5376144901307582
athlete_005,2100.514741,0.5800000000000001,0.5401159393729197
athlete_005,2101.514741,0.5800000000000001,0.5426173886150811
athlete_005,2102.514741,0.5800000000000001,0.5451188378572427
athlete_005,2103.514741,0.5800000000000001,0.5476202870994042
athlete_005,2104.514741,0.5800000000000001,0.5501217363415657
athlete_005,2105.514741,0.5800000000000001,0.5526231855837271
athlete_005,2106.514741,0.5800000000000001,0.5551246348258887
athlete_005,2107.514741,0.5800000000000001,0.5576260840680501
athlete_005,2108.514741,0.5800000000000001,0.5601275333102117
athlete_005,2109.514741,0.5800000000000001,0.5626289825523731
athlete_005,2110.514741,0.5800000000000001,0.5651304317945347
athlete_005,2111.514741,0.5800000000000001,0.5676318810366962
athlete_005,2112.514741,0.5800000000000001,0.5701333302788576
athlete_005,2113.514741,0.5800000000000001,0.5726347795210192
athlete_005,2114.514741,0.5800000000000001,0.5751362287631806
athlete_005,2115.514741,0.5800000000000001,0.5776376780053422
athlete_005,2116.514741,0.5800000000000001,0.5801391272475036
athlete_005,2117.514741,0.5800000000000001,0.5826405764896652
athlete_005,2118.514741,0.5800000000000001,0.5851420257318266
athlete_005,2119.514741,0.5800000000000001,0.5876434749739881
athlete_005,2120.514741,0.5800000000000001,0.5901449242161496
athlete_005,2121.514741,0.5800000000000001,0.5926463734583112
athlete_005,2122.514741,0.5800000000000001,0.5951478227004726
athlete_005,2123.514741,0.5800000000000001,0.5976492719426341
athlete_005,2124.514741,0.5800000000000001,0.6001507211847956
athlete_005,2125.514741,0.5800000000000001,0.6026521704269571
athlete_005,2126.514741,0.5800000000000001,0.6051536196691186
athlete_005,2127.514741,0.5800000000000001,0.6076550689112801
athlete_005,2128.514741,0.5800000000000001,0.6101565181534416
athlete_005,2129.514741,0.5800000000000001,0.6126579673956031
athlete_005,2130.514741,0.5800000000000001,0.6151594166377645
athlete_005,2131.514741,0.5800000000000001,0.6176608658799261
athlete_005,2132.514741,0.5800000000000001,0.6201623151220876
athlete_005,2133.514741,0.5800000000000001,0.6226637643642491
athlete_005,2134.514741,0.5800000000000001,0.6251652136064105
athlete_005,2135.514741,0.5800000000000001,0.6276666628485721
athlete_005,2136.514741,0.5800000000000001,0.6301681120907335
athlete_005,2137.514741,0.5800000000000001,0.632669561332895
athlete_005,2138.514741,0.5800000000000001,0.6351710105750565
athlete_005,2139.514741,0.5800000000000001,0.6376724598172181
athlete_005,2140.514741,0.5800000000000001,0.6401739090593795
athlete_005,2141.514741,0.5800000000000001,0.642675358301541
athlete_005,2142.514741,0.5800000000000001,0.6451768075437025
athlete_005,2143.514741,0.5800000000000001,0.6476782567858641
athlete_005,2144.514741,0.5800000000000001,0.6501797060280256
athlete_005,2145.514741,0.5800000000000001,0.652681155270187
athlete_005,2146.514741,0.5800000000000001,0.6551826045123486
athlete_005,2147.514741,0.5800000000000001,0.65768405375451
athlete_005,2148.514741,0.5800000000000001,0.6601855029966714
athlete_005,2149.514741,0.5800000000000001,0.662686952238833
athlete_005,2150.514741,0.5800000000000001,0.6651884014809946
athlete_005,2151.514741,0.5800000000000001,0.667689850723156
athlete_005,2152.514741,0.5800000000000001,0.6701912999653175
athlete_005,2153.514741,0.5800000000000001,0.672692749207479
athlete_005,2154.514741,0.5800000000000001,0.6751941984496406
athlete_005,2155.514741,0.5800000000000001,0.6776956476918019
athlete_005,2156.514741,0.5800000000000001,0.6801970969339635
athlete_005,2157.514741,0.5800000000000001,0.682698546176125
athlete_005,2158.514741,0.5800000000000001,0.6851999954182865
athlete_005,2159.514741,0.5800000000000001,0.6877014446604479
athlete_005,2160.514741,0.5800000000000001,0.6902028939026095
athlete_005,2161.514741,0.5800000000000001,0.692704343144771
athlete_005,2162.514741,0.5800000000000001,0.6952057923869324
athlete_005,2163.514741,0.5800000000000001,0.6977072416290939
athlete_005,2164.514741,0.5800000000000001,0.7002086908712555
athlete_005,2165.514741,0.5800000000000001,0.7027101401134169
athlete_005,2166.514741,0.5800000000000001,0.7052115893555784
athlete_005,2167.514741,0.5800000000000001,0.7077130385977399
athlete_005,2168.514741,0.5800000000000001,0.7102144878399015
athlete_005,2169.514741,0.5800000000000001,0.7127159370820629
athlete_005,2170.514741,0.5800000000000001,0.7152173863242244
athlete_005,2171.514741,0.5800000000000001,0.7177188355663859
athlete_005,2172.426678,0.5800000000000001,0.72
athlete_005,2173.426678,0.5800000000000001,0.7132561497092864
athlete_005,2174.426678,0.5800000000000001,0.7065122994185729
athlete_005,2175.426678,0.5800000000000001,0.6997684491278593
athlete_005,2176.426678,0.5800000000000001,0.6930245988371457
athlete_005,2177.426678,0.5800000000000001,0.6862807485464322
athlete_005,2178.426678,0.5800000000000001,0.6795368982557186
athlete_005,2179.426678,0.5800000000000001,0.672793047965005
athlete_005,2180.426678,0.5800000000000001,0.6660491976742915
athlete_005,2181.426678,0.5800000000000001,0.6593053473835779
athlete_005,2182.426678,0.5800000000000001,0.6525614970928644
athlete_005,2183.426678,0.5800000000000001,0.6458176468021508
athlete_005,2184.426678,0.5800000000000001,0.6390737965114373
athlete_005,2185.426678,0.5800000000000001,0.6323299462207237
athlete_005,2186.426678,0.5800000000000001,0.6255860959300101
athlete_005,2187.426678,0.5800000000000001,0.6188422456392966
athlete_005,2188.426678,0.5800000000000001,0.6120983953485831
athlete_005,2189.426678,0.5800000000000001,0.6053545450578695
athlete_005,2190.426678,0.5800000000000001,0.598610694767156
athlete_005,2191.426678,0.5800000000000001,0.5918668444764423
athlete_005,2192.426678,0.5800000000000001,0.5851229941857289
athlete_005,2193.426678,0.5800000000000001,0.5783791438950153
athlete_005,2194.426678,0.5800000000000001,0.5716352936043018
athlete_005,2195.426678,0.5800000000000001,0.5648914433135882
athlete_005,2196.426678,0.5800000000000001,0.5581475930228746
athlete_005,2197.426678,0.5800000000000001,0.5514037427321611
athlete_005,2198.426678,0.5800000000000001,0.5446598924414475
athlete_005,2199.426678,0.5800000000000001,0.537916042150734
athlete_005,2200.426678,0.5800000000000001,0.5311721918600204
athlete_005,2201.426678,0.5800000000000001,0.5244283415693068
athlete_005,2202.426678,0.5800000000000001,0.5176844912785933
athlete_005,2203.426678,0.5800000000000001,0.5109406409878797
athlete_005,2204.426678,0.5800000000000001,0.5041967906971662
athlete_005,2205.426678,0.5800000000000001,0.4974529404064526
athlete_005,2206.426678,0.5800000000000001,0.49070909011573904
athlete_005,2207.426678,0.5800000000000001,0.4839652398250255
athlete_005,2208.426678,0.5800000000000001,0.4772213895343119
athlete_005,2209.426678,0.5800000000000001,0.47047753924359836
athlete_005,2210.426678,0.5800000000000001,0.4637336889528848
athlete_005,2211.426678,0.5800000000000001,0.4569898386621713
athlete_005,2212.426678,0.5800000000000001,0.45024598837145774
athlete_005,2213.426678,0.5800000000000001,0.4435021380807442
athlete_005,2214.426678,0.5800000000000001,0.4367582877900306
athlete_005,2215.426678,0.5800000000000001,0.43001443749931706
athlete_005,2216.426678,0.5800000000000001,0.4232705872086035
athlete_005,2217.426678,0.5800000000000001,0.41652673691788994
athlete_005,2218.426678,0.5800000000000001,0.4097828866271764
athlete_005,2219.426678,0.5800000000000001,0.4030390363364628
athlete_005,2220.426678,0.5800000000000001,0.39629518604574926
athlete_005,2221.426678,0.5800000000000001,0.3895513357550357
athlete_005,2222.426678,0.5800000000000001,0.38280748546432214
athlete_005,2223.426678,0.5800000000000001,0.37606363517360863
athlete_005,2224.426678,0.5800000000000001,0.369319784882895
athlete_005,2225.426678,0.5800000000000001,0.36257593459218146
athlete_005,2226.426678,0.5800000000000001,0.35583208430146795
athlete_005,2227.426678,0.5800000000000001,0.34908823401075434
athlete_005,2228.426678,0.5800000000000001,0.34234438372004083
athlete_005,2229.426678,0.5800000000000001,0.3356005334293273
athlete_005,2230.426678,0.5800000000000001,0.32885668313861366
athlete_005,2231.426678,0.5800000000000001,0.32211283284790015
athlete_005,2232.426678,0.5800000000000001,0.3153689825571866
athlete_005,2233.426678,0.5800000000000001,0.308625132266473
athlete_005,2234.426678,0.5800000000000001,0.3018812819757595
athlete_005,2235.426678,0.5800000000000001,0.2951374316850459
athlete_005,2236.426678,0.5800000000000001,0.2883935813943324
athlete_005,2237.426678,0.5800000000000001,0.2816497311036188
athlete_005,2238.426678,0.5800000000000001,0.27490588081290523
athlete_005,2239.426678,0.5800000000000001,0.26816203052219173
athlete_005,2240.426678,0.5800000000000001,0.2614181802314781
athlete_005,2241.426678,0.5800000000000001,0.2546743299407646
athlete_005,2242.426678,0.5800000000000001,0.24793047965005105
athlete_005,2243.426678,0.5800000000000001,0.24118662935933743
athlete_005,2244.426678,0.5800000000000001,0.23444277906862393
athlete_005,2245.426678,0.5800000000000001,0.22769892877791037
athlete_005,2246.426678,0.5800000000000001,0.22095507848719675
athlete_005,2247.426678,0.5857887718035167,0.22
athlete_005,2248.426678,0.5925326220942304,0.22
athlete_005,2249.426678,0.5992764723849439,0.22
athlete_005,2250.426678,0.6060203226756574,0.22
athlete_005,2251.426678,0.6127641729663711,0.22
athlete_005,2252.426678,0.6195080232570845,0.22
athlete_005,2253.426678,0.6262518735477981,0.22
athlete_005,2254.426678,0.6329957238385117,0.22
athlete_005,2255.426678,0.6397395741292252,0.22
athlete_005,2256.426678,0.64,0.21351657558006124
athlete_005,2257.426678,0.64,0.20677272528934768
athlete_005,2258.426678,0.64,0.20002887499863412
athlete_005,2259.426678,0.64,0.19328502470792056
athlete_005,2260.426678,0.64,0.186541174417207
athlete_005,2261.396624,0.64,0.17999999999999997
athlete_005,2262.396624,0.7754227653821034,0.18
athlete_005,2263.396624,0.9108455307642068,0.18
athlete_005,2264.396624,0.92,0.3062682961463101
athlete_005,2265.396624,0.92,0.4416910615284136
athlete_005,2266.396624,0.92,0.5771138269105169
athlete_005,2267.396624,0.92,0.7125365922926203
athlete_005,2268.396624,0.8920406423252762,0.82
athlete_005,2269.396624,0.7566178769431727,0.82
athlete_005,2270.396624,0.6211951115610693,0.82
athlete_005,2271.396624,0.4857723461789659,0.82
athlete_005,2272.396624,0.35034958079686274,0.82
athlete_005,2273.396624,0.21492681541475933,0.82
athlete_005,2274.396624,0.08,0.8195040500326559
athlete_005,2275.396624,0.08,0.6840812846505525
athlete_005,2276.396624,0.08,0.5486585192684491
athlete_005,2277.396624,0.08,0.4132357538863455
athlete_005,2278.396624,0.08,0.2778129885042423
athlete_005,2279.396624,0.11760977687786138,0.18
athlete_005,2280.396624,0.2530325422599646,0.18
athlete_005,2281.396624,0.3884553076420682,0.18
athlete_005,2282.396624,0.5238780730241713,0.18
athlete_005,2283.396624,0.6593008384062745,0.18
athlete_005,2284.396624,0.7947236037883781,0.18
athlete_005,2285.396624,0.92,0.19014636917048106
athlete_005,2286.396624,0.92,0.3255691345525847
athlete_005,2287.396624,0.92,0.46099189993468787
athlete_005,2288.396624,0.92,0.5964146653167914
athlete_005,2289.396624,0.92,0.7318374306988946
athlete_005,2290.396624,0.8727398039190014,0.82
athlete_005,2291.396624,0.7373170385368982,0.82
athlete_005,2292.396624,0.6018942731547946,0.82
athlete_005,2293.396624,0.466471507772691,0.82
athlete_005,2294.396624,0.33104874239058824,0.82
athlete_005,2295.396624,0.1956259770084846,0.82
athlete_005,2296.396624,0.08,0.8002032116263816
athlete_005,2297.396624,0.08,0.6647804462442771
athlete_005,2298.396624,0.08,0.5293576808621744
athlete_005,2299.396624,0.08,0.3939349154800708
athlete_005,2300.396624,0.08,0.258512150097968
athlete_005,2301.396624,0.13691061528413678,0.18
athlete_005,2302.396624,0.2723333806662395,0.18
athlete_005,2303.396624,0.40775614604834315,0.18
athlete_005,2304.396624,0.5431789114304458,0.18
athlete_005,2305.396624,0.678601676812549,0.18
athlete_005,2306.396624,0.8140244421946526,0.18
athlete_005,2307.396624,0.92,0.209447207576756
athlete_005,2308.396624,0.92,0.34486997295885874
athlete_005,2309.396624,0.92,0.48029273834096237
athlete_005,2310.396624,0.92,0.6157155037230659
athlete_005,2311.396624,0.92,0.7511382691051696
athlete_005,2312.396624,0.8534389655127274,0.82
athlete_005,2313.396624,0.7180162001306237,0.82
athlete_005,2314.396624,0.5825934347485201,0.82
athlete_005,2315.396624,0.4471706693664165,0.82
athlete_005,2316.396624,0.31174790398431373,0.82
athlete_005,2317.396624,0.1763251386022101,0.82
athlete_005,2318.396624,0.08,0.7809023732201062
athlete_005,2319.396624,0.08,0.6454796078380026
athlete_005,2320.396624,0.08,0.5100568424558999
athlete_005,2321.396624,0.08,0.37463407707379626
athlete_005,2322.396624,0.08,0.23921131169169174
athlete_005,2323.396624,0.1562114536904104,0.18
athlete_005,2324.396624,0.29163421907251313,0.18
athlete_005,2324.4584,0.30000000000000066,0.18
athlete_005,2325.4584,0.3,0.18830655120729245
athlete_005,2326.4584,0.3,0.19661310241458488
athlete_005,2327.4584,0.3,0.20491965362187733
athlete_005,2328.4584,0.3,0.21322620482916976
athlete_005,2329.4584,0.3015327560364622,0.22
athlete_005,2330.4584,0.30983930724375464,0.22
athlete_005,2331.4584,0.3181458584510471,0.22
athlete_005,2332.4584,0.32645240965833955,0.22
athlete_005,2333.4584,0.33475896086563195,0.22
athlete_005,2334.4584,0.3430655120729244,0.22
athlete_005,2335.4584,0.35137206328021686,0.22
athlete_005,2336.4584,0.3596786144875093,0.22
athlete_005,2337.4584,0.3679851656948018,0.22
athlete_005,2338.4584,0.3762917169020942,0.22
athlete_005,2339.4584,0.38459826810938663,0.22
athlete_005,2340.4584,0.39290481931667903,0.22
athlete_005,2341.4584,0.4012113705239715,0.22
athlete_005,2342.4584,0.40951792173126395,0.22
athlete_005,2343.4584,0.4178244729385564,0.22
athlete_005,2344.4584,0.42613102414584886,0.22
athlete_005,2345.4584,0.4344375753531413,0.22
athlete_005,2346.4584,0.4427441265604337,0.22
athlete_005,2347.4584,0.45105067776772617,0.22
athlete_005,2348.4584,0.4593572289750186,0.22
athlete_005,2349.4584,0.46766378018231103,0.22
athlete_005,2350.4584,0.47597033138960354,0.22
athlete_005,2351.4584,0.48427688259689594,0.22
athlete_005,2352.4584,0.49258343380418834,0.22
athlete_005,2353.4584,0.5008899850114809,0.22
athlete_005,2354.4584,0.5091965362187733,0.22
athlete_005,2355.4584,0.5175030874260658,0.22
athlete_005,2356.4584,0.5258096386333582,0.22
athlete_005,2357.4584,0.5341161898406506,0.22
athlete_005,2358.4584,0.5424227410479431,0.22
athlete_005,2359.4584,0.5507292922552356,0.22
athlete_005,2360.4584,0.559035843462528,0.22
athlete_005,2361.4584,0.5673423946698204,0.22
athlete_005,2362.4584,0.5756489458771128,0.22
athlete_005,2363.4584,0.5839554970844052,0.22
athlete_005,2364.4584,0.5922620482916978,0.22
athlete_005,2365.4584,0.6005685994989902,0.22
athlete_005,2366.4584,0.6088751507062826,0.22
athlete_005,2367.4584,0.617181701913575,0.22
athlete_005,2368.4584,0.6254882531208674,0.22
athlete_005,2369.4584,0.6337948043281598,0.22
athlete_005,2370.4584,0.6421013555354524,0.22
athlete_005,2371.4584,0.6504079067427448,0.22
athlete_005,2372.4584,0.6587144579500372,0.22
athlete_005,2373.4584,0.6599999999999999,0.22702100915732978
athlete_005,2374.4584,0.6599999999999999,0.23532756036462224
athlete_005,2375.4584,0.6599999999999999,0.2436341115719147
athlete_005,2376.4584,0.6599999999999999,0.2519406627792071
athlete_005,2377.4584,0.6599999999999999,0.26024721398649964
athlete_005,2378.4584,0.6599999999999999,0.26855376519379204
athlete_005,2379.4584,0.6599999999999999,0.27686031640108444
athlete_005,2380.4584,0.6599999999999999,0.28516686760837695
athlete_005,2381.4584,0.6599999999999999,0.29347341881566935
athlete_005,2382.4584,0.6599999999999999,0.30177997002296186
athlete_005,2383.4584,0.6599999999999999,0.31008652123025426
athlete_005,2384.4584,0.6599999999999999,0.31839307243754666
athlete_005,2385.4584,0.6599999999999999,0.32669962364483907
athlete_005,2386.4584,0.6599999999999999,0.3350061748521316
athlete_005,2387.059591,0.6599999999999999,0.33999999999999997
athlete_005,2388.059591,0.6599999999999999,0.3433767506842704
athlete_005,2389.059591,0.6599999999999999,0.3467535013685409
athlete_005,2390.059591,0.6599999999999999,0.3501302520528113
athlete_005,2391.059591,0.6599999999999999,0.35350700273708174
athlete_005,2392.059591,0.6599999999999999,0.35688375342135215
athlete_005,2393.059591,0.6599999999999999,0.3602605041056226
athlete_005,2394.059591,0.6599999999999999,0.363637254789893
athlete_005,2395.059591,0.6599999999999999,0.36701400547416346
athlete_005,2396.059591,0.6599999999999999,0.37039075615843386
athlete_005,2397.059591,0.6599999999999999,0.3737675068427043
athlete_005,2398.059591,0.6599999999999999,0.3771442575269747
athlete_005,2399.059591,0.6599999999999999,0.3805210082112451
athlete_005,2400.059591,0.6599999999999999,0.3838977588955156
athlete_005,2401.059591,0.6599999999999999,0.387274509579786
athlete_005,2402.059591,0.6599999999999999,0.39065126026405644
athlete_005,2403.059591,0.6599999999999999,0.39402801094832685
athlete_005,2404.059591,0.6599999999999999,0.3974047616325973
athlete_005,2405.059591,0.6599999999999999,0.4007815123168677
athlete_005,2406.059591,0.6599999999999999,0.4041582630011381
athlete_005,2407.059591,0.6599999999999999,0.40753501368540856
athlete_005,2408.059591,0.6599999999999999,0.410911764369679
athlete_005,2409.059591,0.6599999999999999,0.4142885150539494
athlete_005,2410.059591,0.6599999999999999,0.4176652657382198
athlete_005,2411.059591,0.6599999999999999,0.4210420164224903
athlete_005,2412.059591,0.6599999999999999,0.4244187671067607
athlete_005,2413.059591,0.6599999999999999,0.42779551779103114
athlete_005,2414.059591,0.6599999999999999,0.43117226847530155
athlete_005,2415.059591,0.6599999999999999,0.434549019159572
athlete_005,2416.059591,0.6599999999999999,0.4379257698438424
athlete_005,2417.059591,0.6599999999999999,0.4413025205281128
athlete_005,2418.059591,0.6599999999999999,0.44467927121238326
athlete_005,2419.059591,0.6599999999999999,0.44805602189665367
athlete_005,2420.059591,0.6599999999999999,0.4514327725809241
athlete_005,2421.059591,0.6599999999999999,0.4548095232651945
athlete_005,2422.059591,0.6599999999999999,0.458186273949465
athlete_005,2423.059591,0.6599999999999999,0.4615630246337354
athlete_005,2424.059591,0.6599999999999999,0.46493977531800584
athlete_005,2425.059591,0.6599999999999999,0.46831652600227625
athlete_005,2426.059591,0.6599999999999999,0.4716932766865467
athlete_005,2427.059591,0.6599999999999999,0.4750700273708171
athlete_005,2428.059591,0.6599999999999999,0.4784467780550875
athlete_005,2429.059591,0.6599999999999999,0.48182352873935796
athlete_005,2430.059591,0.6599999999999999,0.48520027942362837
athlete_005,2431.059591,0.6599999999999999,0.48857703010789877
athlete_005,2432.059591,0.6599999999999999,0.4919537807921692
athlete_005,2433.059591,0.6599999999999999,0.4953305314764397
athlete_005,2434.059591,0.6599999999999999,0.4987072821607101
athlete_005,2435.059591,0.6599999999999999,0.5020840328449805
athlete_005,2436.059591,0.6599999999999999,0.505460783529251
athlete_005,2437.059591,0.6599999999999999,0.5088375342135214
athlete_005,2438.059591,0.6599999999999999,0.5122142848977917
athlete_005,2439.059591,0.6599999999999999,0.5155910355820622
athlete_005,2440.059591,0.6599999999999999,0.5189677862663327
athlete_005,2441.059591,0.6599999999999999,0.5223445369506031
athlete_005,2442.059591,0.6599999999999999,0.5257212876348736
athlete_005,2443.059591,0.6599999999999999,0.5290980383191439
athlete_005,2444.059591,0.6599999999999999,0.5324747890034144
athlete_005,2445.059591,0.6599999999999999,0.5358515396876848
athlete_005,2446.059591,0.6599999999999999,0.5392282903719552
athlete_005,2447.059591,0.6599999999999999,0.5426050410562256
athlete_005,2448.059591,0.6599999999999999,0.5459817917404961
athlete_005,2449.059591,0.6599999999999999,0.5493585424247664
athlete_005,2450.059591,0.6599999999999999,0.5527352931090369
athlete_005,2451.059591,0.6599999999999999,0.5561120437933074
athlete_005,2452.059591,0.6599999999999999,0.5594887944775778
athlete_005,2453.059591,0.6599999999999999,0.5628655451618482
athlete_005,2454.059591,0.6599999999999999,0.5662422958461186
athlete_005,2455.059591,0.6599999999999999,0.5696190465303891
athlete_005,2456.059591,0.6599999999999999,0.5729957972146595
athlete_005,2457.059591,0.6599999999999999,0.5763725478989299
athlete_005,2458.059591,0.6599999999999999,0.5797492985832003
athlete_005,2459.059591,0.6599999999999999,0.5831260492674708
athlete_005,2460.059591,0.6599999999999999,0.5865027999517411
athlete_005,2461.059591,0.6599999999999999,0.5898795506360116
athlete_005,2462.059591,0.6599999999999999,0.5932563013202821
athlete_005,2463.059591,0.6599999999999999,0.5966330520045524
athlete_005,2464.059591,0.6599999999999999,0.6000098026888229
athlete_005,2465.059591,0.6599999999999999,0.6033865533730933
athlete_005,2466.059591,0.6599999999999999,0.6067633040573637
athlete_005,2467.059591,0.6599999999999999,0.6101400547416342
athlete_005,2468.059591,0.6599999999999999,0.6135168054259046
athlete_005,2469.059591,0.6599999999999999,0.616893556110175
athlete_005,2470.059591,0.6599999999999999,0.6202703067944455
athlete_005,2471.059591,0.6599999999999999,0.6236470574787158
athlete_005,2472.059591,0.6599999999999999,0.6270238081629863
athlete_005,2473.059591,0.6599999999999999,0.6304005588472568
athlete_005,2474.059591,0.6599999999999999,0.6337773095315271
athlete_005,2475.059591,0.6599999999999999,0.6371540602157976
athlete_005,2476.059591,0.6599999999999999,0.640530810900068
athlete_005,2477.059591,0.6599999999999999,0.6439075615843384
athlete_005,2478.059591,0.6599999999999999,0.6472843122686089
athlete_005,2479.059591,0.6599999999999999,0.6506610629528793
athlete_005,2480.059591,0.6599999999999999,0.6540378136371497
athlete_005,2481.059591,0.6599999999999999,0.6574145643214202
athlete_005,2482.059591,0.6599999999999999,0.6607913150056905
athlete_005,2483.059591,0.6599999999999999,0.664168065689961
athlete_005,2484.059591,0.6599999999999999,0.6675448163742315
athlete_005,2485.059591,0.6599999999999999,0.6709215670585018
athlete_005,2486.059591,0.6599999999999999,0.6742983177427724
athlete_005,2487.059591,0.6599999999999999,0.6776750684270427
athlete_005,2488.059591,0.6599999999999999,0.6810518191113131
athlete_005,2489.059591,0.6599999999999999,0.6844285697955836
athlete_005,2490.059591,0.6599999999999999,0.687805320479854
athlete_005,2491.059591,0.6599999999999999,0.6911820711641244
athlete_005,2492.059591,0.6599999999999999,0.6945588218483949
athlete_005,2493.059591,0.6599999999999999,0.6979355725326652
athlete_005,2494.059591,0.6599999999999999,0.7013123232169357
athlete_005,2495.059591,0.6599999999999999,0.7046890739012062
athlete_005,2496.059591,0.6599999999999999,0.7080658245854765
athlete_005,2497.059591,0.6599999999999999,0.7114425752697471
athlete_005,2498.059591,0.6599999999999999,0.7148193259540174
athlete_005,2499.059591,0.6599999999999999,0.7181960766382879
athlete_005,2499.593809,0.6599999999999999,0.72
athlete_005,2500.593809,0.6599999999999999,0.7138603464914586
athlete_005,2501.593809,0.6599999999999999,0.7077206929829172
athlete_005,2502.593809,0.6599999999999999,0.7015810394743757
athlete_005,2503.593809,0.6599999999999999,0.6954413859658343
athlete_005,2504.593809,0.6599999999999999,0.6893017324572929
athlete_005,2505.593809,0.6599999999999999,0.6831620789487514
athlete_005,2506.593809,0.6599999999999999,0.67702242544021
athlete_005,2507.593809,0.6599999999999999,0.6708827719316686
athlete_005,2508.593809,0.6599999999999999,0.6647431184231272
athlete_005,2509.593809,0.6599999999999999,0.6586034649145858
athlete_005,2510.593809,0.6599999999999999,0.6524638114060443
athlete_005,2511.593809,0.6599999999999999,0.6463241578975029
athlete_005,2512.593809,0.6599999999999999,0.6401845043889615
athlete_005,2513.593809,0.6599999999999999,0.6340448508804201
athlete_005,2514.593809,0.6599999999999999,0.6279051973718786
athlete_005,2515.593809,0.6599999999999999,0.6217655438633372
athlete_005,2516.593809,0.6599999999999999,0.6156258903547958
athlete_005,2517.593809,0.6599999999999999,0.6094862368462544
athlete_005,2518.593809,0.6599999999999999,0.6033465833377128
athlete_005,2519.593809,0.6599999999999999,0.5972069298291715
athlete_005,2520.593809,0.6599999999999999,0.59106727632063
athlete_005,2521.593809,0.6599999999999999,0.5849276228120885
athlete_005,2522.593809,0.6599999999999999,0.5787879693035471
athlete_005,2523.593809,0.6599999999999999,0.5726483157950057
athlete_005,2524.593809,0.6599999999999999,0.5665086622864643
athlete_005,2525.593809,0.6599999999999999,0.560369008777923
athlete_005,2526.593809,0.6599999999999999,0.5542293552693816
athlete_005,2527.593809,0.6599999999999999,0.54808970176084
athlete_005,2528.593809,0.6599999999999999,0.5419500482522986
athlete_005,2529.593809,0.6599999999999999,0.5358103947437571
athlete_005,2530.593809,0.6599999999999999,0.5296707412352157
athlete_005,2531.593809,0.6599999999999999,0.5235310877266743
athlete_005,2532.593809,0.6599999999999999,0.5173914342181329
athlete_005,2533.593809,0.6599999999999999,0.5112517807095915
athlete_005,2534.593809,0.6599999999999999,0.50511212720105
athlete_005,2535.593809,0.6599999999999999,0.49897247369250863
athlete_005,2536.593809,0.6599999999999999,0.49283282018396724
athlete_005,2537.593809,0.6599999999999999,0.48669316667542584
athlete_005,2538.593809,0.6599999999999999,0.4805535131668844
athlete_005,2539.593809,0.6599999999999999,0.47441385965834293
athlete_005,2540.593809,0.6599999999999999,0.46827420614980153
athlete_005,2541.593809,0.6599999999999999,0.4621345526412601
athlete_005,2542.593809,0.6599999999999999,0.4559948991327187
athlete_005,2543.593809,0.6599999999999999,0.4498552456241772
athlete_005,2544.593809,0.6599999999999999,0.4437155921156358
athlete_005,2545.593809,0.6599999999999999,0.4375759386070944
athlete_005,2546.593809,0.6599999999999999,0.431436285098553
athlete_005,2547.593809,0.6599999999999999,0.4252966315900115
athlete_005,2548.593809,0.6599999999999999,0.4191569780814701
athlete_005,2549.593809,0.6599999999999999,0.41301732457292867
athlete_005,2550.593809,0.6599999999999999,0.40687767106438727
athlete_005,2551.593809,0.6599999999999999,0.40073801755584587
athlete_005,2552.593809,0.6599999999999999,0.3945983640473044
athlete_005,2553.593809,0.6599999999999999,0.388458710538763
athlete_005,2554.593809,0.6599999999999999,0.38231905703022157
athlete_005,2555.593809,0.6599999999999999,0.37617940352168017
athlete_005,2556.593809,0.6599999999999999,0.3700397500131387
athlete_005,2557.593809,0.6599999999999999,0.3639000965045973
athlete_005,2558.593809,0.6599999999999999,0.3577604429960558
athlete_005,2559.593809,0.6599999999999999,0.3516207894875144
athlete_005,2560.593809,0.6599999999999999,0.34548113597897295
athlete_005,2561.593809,0.6599999999999999,0.33934148247043155
athlete_005,2562.593809,0.6599999999999999,0.33320182896189016
athlete_005,2563.593809,0.6599999999999999,0.3270621754533487
athlete_005,2564.593809,0.6599999999999999,0.3209225219448073
athlete_005,2565.593809,0.6599999999999999,0.31478286843626585
athlete_005,2566.593809,0.6599999999999999,0.30864321492772445
athlete_005,2567.593809,0.6599999999999999,0.302503561419183
athlete_005,2568.593809,0.6599999999999999,0.2963639079106416
athlete_005,2569.593809,0.6599999999999999,0.29022425440210015
athlete_005,2570.593809,0.6599999999999999,0.28408460089355875
athlete_005,2571.593809,0.6599999999999999,0.27794494738501735
athlete_005,2572.593809,0.6599999999999999,0.2718052938764759
athlete_005,2573.593809,0.6599999999999999,0.2656656403679345
athlete_005,2574.593809,0.6599999999999999,0.25952598685939304
athlete_005,2575.593809,0.6599999999999999,0.25338633335085164
athlete_005,2576.593809,0.6599999999999999,0.2472466798423102
athlete_005,2577.593809,0.6599999999999999,0.2411070263337688
athlete_005,2578.593809,0.6599999999999999,0.23496737282522734
athlete_005,2579.593809,0.6599999999999999,0.22882771931668594
athlete_005,2580.593809,0.6599999999999999,0.22268806580814443
athlete_005,2581.593809,0.656548412299603,0.22
athlete_005,2582.593809,0.6504087587910616,0.22
athlete_005,2583.593809,0.6442691052825201,0.22
athlete_005,2584.593809,0.64,0.21812945177397872
athlete_005,2585.593809,0.64,0.21198979826543732
athlete_005,2586.593809,0.64,0.20585014475689592
athlete_005,2587.593809,0.64,0.1997104912483544
athlete_005,2588.593809,0.64,0.193570837739813
athlete_005,2589.593809,0.64,0.1874311842312716
athlete_005,2590.593809,0.64,0.18129153072273022
athlete_005,2590.804168,0.64,0.17999999999999997
athlete_005,2591.804168,0.7755400850261769,0.18
athlete_005,2592.804168,0.9110801700523538,0.18
athlete_005,2593.804168,0.92,0.3066202550785305
athlete_005,2594.804168,0.92,0.44216034010470745
athlete_005,2595.804168,0.92,0.5777004251308842
athlete_005,2596.804168,0.92,0.7132405101570611
athlete_005,2597.804168,0.891219404816762,0.82
athlete_005,2598.804168,0.755679319790585,0.82
athlete_005,2599.804168,0.6201392347644082,0.82
athlete_005,2600.804168,0.4845991497382314,0.82
athlete_005,2601.804168,0.3490590647120545,0.82
athlete_005,2602.804168,0.21351897968587774,0.82
athlete_005,2603.804168,0.08,0.817978894659701
athlete_005,2604.804168,0.08,0.682438809633524
athlete_005,2605.804168,0.08,0.546898724607347
athlete_005,2606.804168,0.08,0.41135863958117
athlete_005,2607.804168,0.08,0.2758185545549935
athlete_005,2608.804168,0.11972153047118354,0.18
athlete_005,2609.804168,0.25526161549736054,0.18
athlete_005,2610.804168,0.3908017005235371,0.18
athlete_005,2611.804168,0.526341785549714,0.18
athlete_005,2612.804168,0.661881870575891,0.18
athlete_005,2613.804168,0.7974219556020675,0.18
athlete_005,2614.804168,0.92,0.19296204062824424
athlete_005,2615.804168,0.92,0.3285021256544212
athlete_005,2616.804168,0.92,0.46404221068059776
athlete_005,2617.804168,0.92,0.5995822957067747
athlete_005,2618.804168,0.92,0.7351223807329517
athlete_005,2619.804168,0.8693375342408715,0.82
athlete_005,2620.804168,0.733797449214694,0.82
athlete_005,2621.804168,0.598257364188517,0.82
athlete_005,2622.804168,0.46271727916234007,0.82
athlete_005,2623.804168,0.327177194136164,0.82
athlete_005,2624.804168,0.191637109109987,0.82
athlete_005,2625.804168,0.08,0.7960970240838098
athlete_005,2626.804168,0.08,0.6605569390576328
athlete_005,2627.804168,0.08,0.5250168540314567
athlete_005,2628.804168,0.08,0.38947676900527883
athlete_005,2629.804168,0.08,0.25393668397910274
athlete_005,2630.804168,0.14160340104707453,0.18
athlete_005,2631.804168,0.2771434860732524,0.18
athlete_005,2632.804168,0.4126835710994285,0.18
athlete_005,2633.804168,0.5482236561256054,0.18
athlete_005,2634.804168,0.683763741151782,0.18
athlete_005,2635.804168,0.8193038261779589,0.18
athlete_005,2636.804168,0.92,0.21484391120413476
athlete_005,2637.804168,0.92,0.35038399623031263
athlete_005,2638.804168,0.92,0.4859240812564887
athlete_005,2639.804168,0.92,0.6214641662826657
athlete_005,2640.804168,0.92,0.7570042513088426
athlete_005,2641.804168,0.84745566366498,0.82
athlete_005,2642.804168,0.711915578638804,0.82
athlete_005,2643.804168,0.5763754936126261,0.82
athlete_005,2644.804168,0.44083540858645,0.82
athlete_005,2645.804168,0.305295323560273,0.82
athlete_005,2646.804168,0.16975523853409602,0.82
athlete_005,2647.804168,0.08,0.7742151535079188
athlete_005,2648.804168,0.08,0.6386750684817427
athlete_005,2649.804168,0.08,0.5031349834555648
athlete_005,2650.804168,0.08,0.36759489842938786
athlete_005,2651.804168,0.08,0.23205481340321088
athlete_005,2652.804168,0.1634852716229655,0.18
athlete_005,2653.804168,0.2990253566491425,0.18
athlete_005,2653.811359,0.30000000000000066,0.18
athlete_005,2654.811359,0.3,0.18635002213485366
athlete_005,2655.811359,0.3,0.1927000442697073
athlete_005,2656.811359,0.3,0.19905006640456097
athlete_005,2657.811359,0.3,0.20540008853941463
athlete_005,2658.811359,0.3,0.2117501106742683
athlete_005,2659.811359,0.3,0.21810013280912194
athlete_005,2660.811359,0.3044501549439756,0.22
athlete_005,2661.811359,0.31080017707882923,0.22
athlete_005,2662.811359,0.3171501992136829,0.22
athlete_005,2663.811359,0.32350022134853657,0.22
athlete_005,2664.811359,0.3298502434833902,0.22
athlete_005,2665.811359,0.3362002656182439,0.22
athlete_005,2666.811359,0.34255028775309754,0.22
athlete_005,2667.811359,0.34890030988795123,0.22
athlete_005,2668.811359,0.35525033202280487,0.22
athlete_005,2669.811359,0.3616003541576585,0.22
athlete_005,2670.811359,0.3679503762925122,0.22
athlete_005,2671.811359,0.37430039842736584,0.22
athlete_005,2672.811359,0.38065042056221954,0.22
athlete_005,2673.811359,0.3870004426970731,0.22
athlete_005,2674.811359,0.3933504648319268,0.22
athlete_005,2675.811359,0.3997004869667805,0.22
athlete_005,2676.811359,0.40605050910163415,0.22
athlete_005,2677.811359,0.4124005312364878,0.22
athlete_005,2678.811359,0.4187505533713415,0.22
athlete_005,2679.811359,0.4251005755061951,0.22
athlete_005,2680.811359,0.43145059764104876,0.22
athlete_005,2681.811359,0.43780061977590246,0.22
athlete_005,2682.811359,0.4441506419107561,0.22
athlete_005,2683.811359,0.4505006640456098,0.22
athlete_005,2684.811359,0.45685068618046343,0.22
athlete_005,2685.811359,0.46320070831531707,0.22
athlete_005,2686.811359,0.4695507304501707,0.22
athlete_005,2687.811359,0.4759007525850244,0.22
athlete_005,2688.811359,0.4822507747198781,0.22
athlete_005,2689.811359,0.4886007968547317,0.22
athlete_005,2690.811359,0.4949508189895854,0.22
athlete_005,2691.811359,0.5013008411244391,0.22
athlete_005,2692.811359,0.5076508632592927,0.22
athlete_005,2693.811359,0.5140008853941463,0.22
athlete_005,2694.811359,0.520350907529,0.22
athlete_005,2695.811359,0.5267009296638536,0.22
athlete_005,2696.811359,0.5330509517987073,0.22
athlete_005,2697.811359,0.539400973933561,0.22
athlete_005,2698.811359,0.5457509960684147,0.22
athlete_005,2699.811359,0.5521010182032684,0.22
athlete_005,2700.811359,0.558451040338122,0.22
athlete_005,2701.811359,0.5648010624729756,0.22
athlete_005,2702.811359,0.5711510846078294,0.22
athlete_005,2703.811359,0.577501106742683,0.22
athlete_005,2704.811359,0.5838511288775365,0.22
athlete_005,2705.811359,0.5902011510123903,0.22
athlete_005,2706.811359,0.5965511731472439,0.22
athlete_005,2707.811359,0.6029011952820975,0.22
athlete_005,2708.811359,0.6092512174169513,0.22
athlete_005,2709.811359,0.6156012395518049,0.22
athlete_005,2710.811359,0.6219512616866585,0.22
athlete_005,2711.811359,0.6283012838215123,0.22
athlete_005,2712.811359,0.6346513059563659,0.22
athlete_005,2713.811359,0.6410013280912197,0.22
athlete_005,2714.811359,0.6473513502260733,0.22
athlete_005,2715.811359,0.6537013723609268,0.22
athlete_005,2716.811359,0.6600513944957804,0.22
athlete_005,2717.811359,0.6664014166306342,0.22
athlete_005,2718.811359,0.6727514387654878,0.22
athlete_005,2719.811359,0.6791014609003414,0.22
athlete_005,2720.811359,0.6854514830351952,0.22
athlete_005,2721.811359,0.6918015051700488,0.22
athlete_005,2722.811359,0.6981515273049026,0.22
athlete_005,2723.811359,0.7045015494397562,0.22
athlete_005,2724.811359,0.7108515715746098,0.22
athlete_005,2725.811359,0.7172015937094633,0.22
athlete_005,2726.811359,0.7235516158443172,0.22
athlete_005,2727.811359,0.7299016379791707,0.22
athlete_005,2728.811359,0.7362516601140245,0.22
athlete_005,2729.811359,0.74,0.22260168224887814
athlete_005,2730.811359,0.74,0.22895170438373177
athlete_005,2731.811359,0.74,0.2353017265185854
athlete_005,2732.811359,0.74,0.2416517486534391
athlete_005,2733.811359,0.74,0.2480017707882927
athlete_005,2734.811359,0.74,0.25435179292314647
athlete_005,2735.811359,0.74,0.26070181505800005
athlete_005,2736.811359,0.74,0.26705183719285375
athlete_005,2737.811359,0.74,0.27340185932770733
athlete_005,2738.811359,0.74,0.279751881462561
athlete_005,2739.811359,0.74,0.2861019035974147
athlete_005,2740.811359,0.74,0.2924519257322684
athlete_005,2741.811359,0.74,0.298801947867122
athlete_005,2742.811359,0.74,0.3051519700019757
athlete_005,2743.811359,0.74,0.3115019921368294
athlete_005,2744.811359,0.74,0.31785201427168297
athlete_005,2745.811359,0.74,0.32420203640653666
athlete_005,2746.811359,0.74,0.33055205854139025
athlete_005,2747.811359,0.74,0.33690208067624405
athlete_005,2748.299219,0.74,0.33999999999999997
athlete_005,2749.299219,0.7430889812928245,0.53
athlete_005,2750.299219,0.7461779625856491,0.53
athlete_005,2751.299219,0.7492669438784736,0.53
athlete_005,2752.299219,0.7523559251712981,0.53
athlete_005,2753.299219,0.7554449064641227,0.53
athlete_005,2754.299219,0.7585338877569472,0.53
athlete_005,2755.299219,0.7616228690497716,0.53
athlete_005,2756.299219,0.7647118503425961,0.53
athlete_005,2757.299219,0.7678008316354207,0.53
athlete_005,2758.299219,0.7708898129282452,0.53
athlete_005,2759.299219,0.7739787942210697,0.53
athlete_005,2760.299219,0.7770677755138943,0.53
athlete_005,2761.299219,0.7801567568067188,0.53
athlete_005,2762.299219,0.7832457380995433,0.53
athlete_005,2763.299219,0.7863347193923679,0.53
athlete_005,2764.299219,0.7894237006851924,0.53
athlete_005,2765.299219,0.7925126819780169,0.53
athlete_005,2766.299219,0.7956016632708415,0.53
athlete_005,2767.299219,0.798690644563666,0.53
athlete_005,2768.299219,0.8017796258564904,0.53
athlete_005,2769.299219,0.804868607149315,0.53
athlete_005,2770.299219,0.8079575884421395,0.53
athlete_005,2771.299219,0.811046569734964,0.53
athlete_005,2772.299219,0.8141355510277886,0.53
athlete_005,2773.299219,0.8172245323206131,0.53
athlete_005,2774.299219,0.8203135136134376,0.53
athlete_005,2775.299219,0.8234024949062622,0.53
athlete_005,2776.299219,0.8264914761990867,0.53
athlete_005,2777.299219,0.8295804574919112,0.53
athlete_005,2778.299219,0.8326694387847358,0.53
athlete_005,2779.299219,0.8357584200775603,0.53
athlete_005,2780.299219,0.8388474013703848,0.53
athlete_005,2781.299219,0.8419363826632092,0.53
athlete_005,2782.299219,0.8450253639560338,0.53
athlete_005,2783.299219,0.8481143452488583,0.53
athlete_005,2784.299219,0.8512033265416828,0.53
athlete_005,2785.299219,0.8542923078345074,0.53
athlete_005,2786.299219,0.8573812891273319,0.53
athlete_005,2787.299219,0.8604702704201564,0.53
athlete_005,2788.299219,0.863559251712981,0.53
athlete_005,2789.299219,0.8666482330058055,0.53
athlete_005,2790.299219,0.86973721429863,0.53
athlete_005,2791.299219,0.8728261955914546,0.53
athlete_005,2792.299219,0.8759151768842791,0.53
athlete_005,2793.299219,0.8790041581771035,0.53
athlete_005,2794.299219,0.8820931394699281,0.53
athlete_005,2795.299219,0.8851821207627526,0.53
athlete_005,2796.299219,0.8882711020555771,0.53
athlete_005,2797.299219,0.8913600833484017,0.53
athlete_005,2798.299219,0.8944490646412262,0.53
athlete_005,2799.299219,0.8975380459340507,0.53
athlete_005,2800.299219,0.9006270272268753,0.53
athlete_005,2801.299219,0.9037160085196998,0.53
athlete_005,2802.299219,0.9068049898125243,0.53
athlete_005,2803.299219,0.9098939711053489,0.53
athlete_005,2804.299219,0.9129829523981734,0.53
athlete_005,2805.299219,0.9160719336909979,0.53
athlete_005,2806.299219,0.9191609149838225,0.53
athlete_005,2806.570857,0.92,0.53
